[2026/02/05 18:58:24   INFO]           [HytaleServer] Starting HytaleServer
[2026/02/05 18:58:24   INFO]           [HytaleServer] Loading config...
[2026/02/05 18:58:24   INFO]           [HytaleServer] Authentication mode: AUTHENTICATED
[2026/02/05 18:58:24   INFO]      [ServerAuthManager] Singleplayer mode, owner: Dazzakeen (768c6cbd-0c10-4fdf-9010-541faf4bd7bc)
[2026/02/05 18:58:24   INFO]      [ServerAuthManager] Session token loaded from CLI
[2026/02/05 18:58:24   INFO]      [ServerAuthManager] Identity token loaded from CLI
[2026/02/05 18:58:24   INFO]   [SessionServiceClient] Session Service client initialized for: https://sessions.hytale.com
[2026/02/05 18:58:25   INFO]   [SessionServiceClient] Successfully fetched JWKS with 1 keys
[2026/02/05 18:58:25   INFO]           [JWTValidator] JWKS loaded with 1 keys (cached permanently)
[2026/02/05 18:58:25   INFO]           [JWTValidator] Identity token validated successfully for user Dazzakeen (UUID: 768c6cbd-0c10-4fdf-9010-541faf4bd7bc)
[2026/02/05 18:58:25   INFO]      [ServerAuthManager] Identity token validated for Dazzakeen (768c6cbd-0c10-4fdf-9010-541faf4bd7bc)
[2026/02/05 18:58:25   INFO]           [JWTValidator] Session token validated successfully (UUID: 768c6cbd-0c10-4fdf-9010-541faf4bd7bc)
[2026/02/05 18:58:25   INFO]      [ServerAuthManager] Session token validated
[2026/02/05 18:58:25   INFO]      [ServerAuthManager] Auth mode: SINGLEPLAYER
[2026/02/05 18:58:25   INFO]      [ServerAuthManager] Token refresh scheduled in 3304 seconds
[2026/02/05 18:58:25   INFO]      [ServerAuthManager] Server session ID: dad8f44d-2d7b-4c57-a344-2002f0ed3341
[2026/02/05 18:58:25   INFO]           [HytaleServer] Enabling Sentry
[2026/02/05 18:58:26   INFO]           [HytaleServer] Booting up HytaleServer - Version: 2026.01.28-87d03be09, Revision: 87d03be09c7f114f385971a3caa437033671b771
[2026/02/05 18:58:26   INFO]           [HytaleServer] Setup phase...
[2026/02/05 18:58:26   INFO]          [PluginManager] Loading pending core plugins!
[2026/02/05 18:58:26   INFO]          [PluginManager] - Hytale:ConsoleModule
[2026/02/05 18:58:26   INFO]          [PluginManager] - Hytale:PermissionsModule
[2026/02/05 18:58:26   INFO]          [PluginManager] - Hytale:UpdateModule
[2026/02/05 18:58:26   INFO]          [PluginManager] - Hytale:FlyCameraModule
[2026/02/05 18:58:26   INFO]          [PluginManager] - Hytale:AssetModule
[2026/02/05 18:58:26   INFO]          [PluginManager] - Hytale:CommonAssetModule
[2026/02/05 18:58:26   INFO]          [PluginManager] - Hytale:CosmeticsModule
[2026/02/05 18:58:26   INFO]          [PluginManager] - Hytale:ServerManager
[2026/02/05 18:58:26   INFO]          [PluginManager] - Hytale:I18nModule
[2026/02/05 18:58:26   INFO]          [PluginManager] - Hytale:ItemModule
[2026/02/05 18:58:26   INFO]          [PluginManager] - Hytale:BlockTypeModule
[2026/02/05 18:58:26   INFO]          [PluginManager] - Hytale:LegacyModule
[2026/02/05 18:58:26   INFO]          [PluginManager] - Hytale:BlockModule
[2026/02/05 18:58:26   INFO]          [PluginManager] - Hytale:BlockStateModule
[2026/02/05 18:58:26   INFO]          [PluginManager] - Hytale:CollisionModule
[2026/02/05 18:58:26   INFO]          [PluginManager] - Hytale:BlockSetModule
[2026/02/05 18:58:26   INFO]          [PluginManager] - Hytale:MigrationModule
[2026/02/05 18:58:26   INFO]          [PluginManager] - Hytale:BlockHealthModule
[2026/02/05 18:58:26   INFO]          [PluginManager] - Hytale:PrefabSpawnerModule
[2026/02/05 18:58:26   INFO]          [PluginManager] - Hytale:TimeModule
[2026/02/05 18:58:26   INFO]          [PluginManager] - Hytale:InteractionModule
[2026/02/05 18:58:26   INFO]          [PluginManager] - Hytale:EntityModule
[2026/02/05 18:58:26   INFO]          [PluginManager] - Hytale:EntityStatsModule
[2026/02/05 18:58:26   INFO]          [PluginManager] - Hytale:EntityUIModule
[2026/02/05 18:58:26   INFO]          [PluginManager] - Hytale:DamageModule
[2026/02/05 18:58:26   INFO]          [PluginManager] - Hytale:SplitVelocity
[2026/02/05 18:58:26   INFO]          [PluginManager] - Hytale:StaminaModule
[2026/02/05 18:58:26   INFO]          [PluginManager] - Hytale:DebugPlugin
[2026/02/05 18:58:26   INFO]          [PluginManager] - Hytale:ProjectileModule
[2026/02/05 18:58:26   INFO]          [PluginManager] - Hytale:ServerPlayerListModule
[2026/02/05 18:58:26   INFO]          [PluginManager] - Hytale:AccessControlModule
[2026/02/05 18:58:26   INFO]          [PluginManager] - Hytale:SingleplayerModule
[2026/02/05 18:58:26   INFO]          [PluginManager] - Hytale:Universe
[2026/02/05 18:58:26   INFO]          [PluginManager] - Hytale:ConnectedBlocksModule
[2026/02/05 18:58:26   INFO]          [PluginManager] Loading pending classpath plugins!
[2026/02/05 18:58:26   INFO]          [PluginManager] - Hytale:AssetEditor
[2026/02/05 18:58:26   INFO]          [PluginManager] - Hytale:BlockSpawner
[2026/02/05 18:58:26   INFO]          [PluginManager] - Hytale:BlockTick
[2026/02/05 18:58:26   INFO]          [PluginManager] - Hytale:BlockPhysics
[2026/02/05 18:58:26   INFO]          [PluginManager] - Hytale:BuilderTools
[2026/02/05 18:58:26   INFO]          [PluginManager] - Hytale:Crafting
[2026/02/05 18:58:26   INFO]          [PluginManager] - Hytale:CommandMacro
[2026/02/05 18:58:26   INFO]          [PluginManager] - Hytale:Instances
[2026/02/05 18:58:26   INFO]          [PluginManager] - Hytale:LANDiscovery
[2026/02/05 18:58:26   INFO]          [PluginManager] - Hytale:NPC
[2026/02/05 18:58:26   INFO]          [PluginManager] - Hytale:NPCObjectives
[2026/02/05 18:58:26   INFO]          [PluginManager] - Hytale:ObjectiveReputation
[2026/02/05 18:58:26   INFO]          [PluginManager] - Hytale:Objectives
[2026/02/05 18:58:26   INFO]          [PluginManager] - Hytale:ObjectiveShop
[2026/02/05 18:58:26   INFO]          [PluginManager] - Hytale:Path
[2026/02/05 18:58:26   INFO]          [PluginManager] - Hytale:Reputation
[2026/02/05 18:58:26   INFO]          [PluginManager] - Hytale:NPCReputation
[2026/02/05 18:58:26   INFO]          [PluginManager] - Hytale:Shop
[2026/02/05 18:58:26   INFO]          [PluginManager] - Hytale:ShopReputation
[2026/02/05 18:58:26   INFO]          [PluginManager] - Hytale:NPCShop
[2026/02/05 18:58:26   INFO]          [PluginManager] - Hytale:NPCEditor
[2026/02/05 18:58:26   INFO]          [PluginManager] - Hytale:Stash
[2026/02/05 18:58:26   INFO]          [PluginManager] - Hytale:TagSet
[2026/02/05 18:58:26   INFO]          [PluginManager] - Hytale:Teleport
[2026/02/05 18:58:26   INFO]          [PluginManager] - Hytale:Fluid
[2026/02/05 18:58:26   INFO]          [PluginManager] - Hytale:Weather
[2026/02/05 18:58:26   INFO]          [PluginManager] - Hytale:WorldGen
[2026/02/05 18:58:26   INFO]          [PluginManager] - Hytale:Farming
[2026/02/05 18:58:26   INFO]          [PluginManager] - Hytale:Camera
[2026/02/05 18:58:26   INFO]          [PluginManager] - Hytale:WorldLocationCondition
[2026/02/05 18:58:26   INFO]          [PluginManager] - Hytale:NPCCombatActionEvaluator
[2026/02/05 18:58:26   INFO]          [PluginManager] - Hytale:Model
[2026/02/05 18:58:26   INFO]          [PluginManager] - Hytale:Mantling
[2026/02/05 18:58:26   INFO]          [PluginManager] - Hytale:SafetyRoll
[2026/02/05 18:58:26   INFO]          [PluginManager] - Hytale:SprintForce
[2026/02/05 18:58:26   INFO]          [PluginManager] - Hytale:CrouchSlide
[2026/02/05 18:58:26   INFO]          [PluginManager] - Hytale:Parkour
[2026/02/05 18:58:26   INFO]          [PluginManager] - Hytale:Mounts
[2026/02/05 18:58:26   INFO]          [PluginManager] - Hytale:HytaleGenerator
[2026/02/05 18:58:26   INFO]          [PluginManager] - Hytale:Teleporter
[2026/02/05 18:58:26   INFO]          [PluginManager] - Hytale:Memories
[2026/02/05 18:58:26   INFO]          [PluginManager] - Hytale:Deployables
[2026/02/05 18:58:26   INFO]          [PluginManager] - Hytale:Portals
[2026/02/05 18:58:26   INFO]          [PluginManager] - Hytale:Beds
[2026/02/05 18:58:26   INFO]          [PluginManager] - Hytale:Ambience
[2026/02/05 18:58:26   INFO]          [PluginManager] - Hytale:CreativeHub
[2026/02/05 18:58:26   INFO]          [PluginManager] Loading pending plugins from directory: C:\Users\mateu\AppData\Roaming\Hytale\UserData\Mods
[2026/02/05 18:58:26   INFO]          [PluginManager] - HF:HorseFollow from path horsefollow.jar
[2026/02/05 18:58:26   INFO]             [Universe|P] Scheduled backup to run every 30 minute(s)
-=|Setup|1.0
-=|Setup|2.0
-=|Setup|4.0
-=|Setup|5.0
[2026/02/05 18:58:27   INFO]          [AssetModule|P] Asset monitor enabled!
[2026/02/05 18:58:27   INFO]          [AssetModule|P] Loaded pack: Hytale:Hytale from Assets.zip
[2026/02/05 18:58:27   INFO]          [AssetModule|P] Loading packs from directory: mods
[2026/02/05 18:58:27   INFO]          [AssetModule|P] Loaded pack: HF:HF_HorseFollow from HF_HorseFollow
[2026/02/05 18:58:27   INFO]          [AssetModule|P] Loading packs from directory: C:\Users\mateu\AppData\Roaming\Hytale\UserData\Mods
[2026/02/05 18:58:27   INFO]          [AssetModule|P] Skipped disabled pack: cali19:TravelingMounts
-=|Setup|6.0
[2026/02/05 18:58:28   INFO]      [ServerAuthManager] Server certificate set: CN=localhost
[2026/02/05 18:58:28   INFO]          [QUICTransport] Server certificate registered for mutual auth, fingerprint: 2CBrIyxBzdEFR7dGunriytiyAs9i8O127Z6t4JZDbm4
[2026/02/05 18:58:28   INFO]        [ConsoleModule|P] Setup console with type: dumb
-=|Setup|7.000000000000001
-=|Setup|8.0
-=|Setup|10.0
-=|Setup|11.0
-=|Setup|12.0
-=|Setup|13.0
-=|Setup|14.000000000000002
[2026/02/05 18:58:28   INFO]          [QUICTransport] Using IPv4 Datagram Channel: NioDatagramChannel(INET)...
[2026/02/05 18:58:28   INFO]          [QUICTransport] Using IPv6 Datagram Channel: NioDatagramChannel(INET6)...
-=|Setup|16.0
-=|Setup|17.0
-=|Setup|18.0
-=|Setup|19.0
-=|Setup|20.0
-=|Setup|22.0
[2026/02/05 18:58:28   INFO]        [ServerManager|P] Took 1sec 671ms 914us 300ns to setup transport!
-=|Setup|23.0
-=|Setup|24.0
-=|Setup|25.0
-=|Setup|27.0
-=|Setup|28.000000000000004
-=|Setup|28.999999999999996
-=|Setup|30.0
-=|Setup|31.0
-=|Setup|33.0
-=|Setup|34.0
-=|Setup|35.0
-=|Setup|36.0
-=|Setup|37.0
-=|Setup|39.0
-=|Setup|40.0
-=|Setup|41.0
-=|Setup|42.0
-=|Setup|43.0
-=|Setup|45.0
-=|Setup|46.0
-=|Setup|47.0
-=|Setup|48.0
-=|Setup|49.0
-=|Setup|51.0
-=|Setup|52.0
-=|Setup|53.0
-=|Setup|54.0
-=|Setup|55.00000000000001
-=|Setup|56.99999999999999
-=|Setup|57.99999999999999
-=|Setup|59.0
-=|Setup|60.0
-=|Setup|61.0
-=|Setup|63.0
-=|Setup|64.0
-=|Setup|65.0
-=|Setup|66.0
-=|Setup|67.0
-=|Setup|69.0
-=|Setup|70.0
-=|Setup|71.0
-=|Setup|72.0
-=|Setup|73.0
-=|Setup|75.0
-=|Setup|76.0
-=|Setup|77.0
-=|Setup|78.0
-=|Setup|80.0
-=|Setup|81.0
-=|Setup|82.0
-=|Setup|83.0
-=|Setup|84.0
-=|Setup|86.0
-=|Setup|87.0
-=|Setup|88.0
-=|Setup|89.0
-=|Setup|90.0
-=|Setup|92.0
-=|Setup|93.0
-=|Setup|94.0
-=|Setup|95.0
-=|Setup|96.0
-=|Setup|98.0
-=|Setup|99.0
-=|Setup|100.0
[2026/02/05 18:58:31   INFO]      [ServerAuthManager] Auth credential store: Memory
[2026/02/05 18:58:31   INFO]           [HytaleServer] Setup phase completed! Boot time 7sec 110ms 394us 800ns
[2026/02/05 18:58:31   INFO]                 [Hytale] Loading common assets from: /
[2026/02/05 18:58:31   INFO]    [CommonAssetModule|P] Took 125ms 564us 300ns to load 22992 assets from CommonAssetsIndex.hashes file.
[2026/02/05 18:58:31   WARN]    [CommonAssetModule|P] Duplicated Asset Count: 933
[2026/02/05 18:58:31   INFO]                 [Hytale] Loading common assets phase completed! Boot time 7sec 236ms 778us 900ns, Took 126ms 81us 300ns
[2026/02/05 18:58:31   INFO]                 [Hytale] Loading common assets from: C:\Users\mateu\AppData\Roaming\Hytale\UserData\Saves\TesteEntiny\mods\HF_HorseFollow
[2026/02/05 18:58:31   WARN]    [CommonAssetModule|P] Duplicated Asset Count: 933
[2026/02/05 18:58:31   INFO]                 [Hytale] Loading common assets phase completed! Boot time 7sec 237ms 373us 600ns, Took 500us 700ns
[2026/02/05 18:58:31   INFO]    [AssetRegistryLoader] Loading 91 asset stores...
[2026/02/05 18:58:31   INFO]    [AssetRegistryLoader] Pre-adding assets...
[2026/02/05 18:58:31   INFO]      [CollisionModule|P] Block extents for CollisionSystem is Max=0.0, Min=0.0
[2026/02/05 18:58:31   INFO]                 [Hytale] Loading assets from: /Server
[2026/02/05 18:58:31   INFO]    [AssetRegistryLoader] Loading assets from /Server
[2026/02/05 18:58:31   WARN] [AssetStore|AssignmentsAsset] Unused key(s) in 'Plains1_Deeproot_Grasses' file /Server/HytaleGenerator/Assignments/Plains1/Plains1_Deeproot_Grasses.json: FieldFunction.CacheSize
[2026/02/05 18:58:31   WARN] [AssetStore|AssignmentsAsset] Unused key(s) in 'Runtime_Defect_1' file /Server/HytaleGenerator/Assignments/Dev/Runtime_Defect_1.json: Prop.BoxBlockType
[2026/02/05 18:58:31   WARN] [AssetStore|AssignmentsAsset] Unused key(s) in 'Runtime_Defect_0' file /Server/HytaleGenerator/Assignments/Dev/Runtime_Defect_0.json: Prop.BoxBlockType
[2026/02/05 18:58:31   WARN]             [HytaleGenerator] Duplicate export name for asset: Volcanic1_Swamp_Bushes_Jungles_Pattern
[2026/02/05 18:58:31   INFO]             [HytaleGenerator] Exported Scanner asset with name 'Desert1_Oasis_Grasses_Scanner' with asset id 'null
[2026/02/05 18:58:31   WARN]             [HytaleGenerator] Duplicate export name for asset: Plains1_OakPattern_Floor_Grass
[2026/02/05 18:58:31   WARN] [AssetStore|AssignmentsAsset] Unused key(s) in 'Desert1_Oasis_Grasses' file /Server/HytaleGenerator/Assignments/Desert1/Desert1_Oasis_Grasses.json: $Comments
[2026/02/05 18:58:31   WARN] [AssetStore|AssignmentsAsset] Unused key(s) in 'Plains1_Mountains_Grasses' file /Server/HytaleGenerator/Assignments/Plains1/Plains1_Mountains_Grasses.json: FieldFunction.CacheSize
[2026/02/05 18:58:31   INFO]             [HytaleGenerator] Exported Scanner asset with name 'Desert1_Boulders_Scanner' with asset id 'null
[2026/02/05 18:58:31   WARN] [AssetStore|AssignmentsAsset] Unused key(s) in 'Desert1_Oasis_Boulders' file /Server/HytaleGenerator/Assignments/Desert1/Desert1_Oasis_Boulders.json: $Comments
[2026/02/05 18:58:31   WARN]             [HytaleGenerator] Duplicate export name for asset: Plains1_OakPattern_Floor_Grass
[2026/02/05 18:58:31   INFO]             [HytaleGenerator] Exported Scanner asset with name 'Desert1_Boab_Scanner' with asset id 'null
[2026/02/05 18:58:31   INFO]             [HytaleGenerator] Exported Scanner asset with name 'Plains1_Gorges_Boulder_Scanner' with asset id 'null
[2026/02/05 18:58:31   WARN] [AssetStore|AssignmentsAsset] Unused key(s) in 'Desert1_Oasis_Flowers' file /Server/HytaleGenerator/Assignments/Desert1/Desert1_Oasis_Flowers.json: $Comments
[2026/02/05 18:58:31   WARN]             [HytaleGenerator] Duplicate export name for asset: Desert1_Boulders_Scanner
[2026/02/05 18:58:31   INFO]             [HytaleGenerator] Exported Scanner asset with name 'Desert1_Boulders_Scanner' with asset id 'null
[2026/02/05 18:58:31   WARN] [AssetStore|AssignmentsAsset] Unused key(s) in 'Plains1_Oak_Bushes' file /Server/HytaleGenerator/Assignments/Plains1/Plains1_Oak_Bushes.json: FieldFunction.CacheSize
[2026/02/05 18:58:31   INFO]             [HytaleGenerator] Exported Scanner asset with name 'Plains1_Gorges_Tree_Scanner' with asset id 'null
[2026/02/05 18:58:31   WARN]             [HytaleGenerator] Duplicate export name for asset: Plains1_Sticks
[2026/02/05 18:58:31   WARN] [AssetStore|AssignmentsAsset] Unused key(s) in 'Taiga1_Rivers_Grasses' file /Server/HytaleGenerator/Assignments/Taiga1/Taiga1_Rivers_Grasses.json: $Comments
[2026/02/05 18:58:31   WARN]             [HytaleGenerator] Duplicate export name for asset: Plains1_OakPattern_Floor_Grass
[2026/02/05 18:58:31   INFO]             [HytaleGenerator] Exported Scanner asset with name 'Desert1_Oasis_Plants_2_Scanner' with asset id 'null
[2026/02/05 18:58:31   WARN] [AssetStore|AssignmentsAsset] Unused key(s) in 'Desert1_Oasis_Flowers_2' file /Server/HytaleGenerator/Assignments/Desert1/Desert1_Oasis_Flowers_2.json: $Comments
[2026/02/05 18:58:31   INFO]             [HytaleGenerator] Exported Scanner asset with name 'Desert1_Dry_Scanner' with asset id 'null
[2026/02/05 18:58:31   WARN] [AssetStore|AssignmentsAsset] Unused key(s) in 'Desert1_Oasis_Trees_Dry' file /Server/HytaleGenerator/Assignments/Desert1/Desert1_Oasis_Trees_Dry.json: $Comments
[2026/02/05 18:58:31   INFO]             [HytaleGenerator] Exported Scanner asset with name 'Desert1_Palm_Scanner' with asset id 'null
[2026/02/05 18:58:31   WARN]            [MacroCommandBase] Could not parse default argument value for argument: 'world' on Macro Command: 'settimeandgohome'.
server.commands.errors.noSuchWorld{name=com.hypixel.hytale.protocol.StringParamValue@bf4c6e40}
server.commands.errors.noSuchWorld{name=com.hypixel.hytale.protocol.StringParamValue@bf4c6e40}
[2026/02/05 18:58:31   WARN]            [BlockSetModule|P] Creating block sets: Failed to find block name 'Furniture_Temple_Light_Statue'
[2026/02/05 18:58:31   WARN]            [BlockSetModule|P] Creating block sets: Failed to find block name 'Ingredient_Hay'
[2026/02/05 18:58:31   WARN]            [BlockSetModule|P] Creating block sets: Failed to find block name 'Wood_Softwood_Planks'
[2026/02/05 18:58:31   WARN]            [BlockSetModule|P] Creating block sets: Failed to find block name 'Furniture_Feran_Bed'
[2026/02/05 18:58:31   WARN]            [BlockSetModule|P] Creating block sets: Failed to find block name 'Coop_Chicken'
[2026/02/05 18:58:31   WARN]            [BlockSetModule|P] Creating block sets: Failed to find hitbox name 'Fence'
[2026/02/05 18:58:31   WARN]            [BlockSetModule|P] Creating block sets: Failed to find hitbox name 'Fence_Gate'
[2026/02/05 18:58:31   WARN]            [BlockSetModule|P] Creating block sets: Failed to find hitbox name 'Fence_Gate_Open_In'
[2026/02/05 18:58:31   WARN]            [BlockSetModule|P] Creating block sets: Failed to find hitbox name 'Fence_Gate_Open_Out'
[2026/02/05 18:58:31   WARN]            [BlockSetModule|P] Creating block sets: Failed to find hitbox name 'Fence_Thin'
[2026/02/05 18:58:31   WARN]            [BlockSetModule|P] Creating block sets: Failed to find hitbox name 'Fence_Thick'
[2026/02/05 18:58:31   WARN]            [BlockSetModule|P] Creating block sets: Failed to find hitbox name 'Fence_Corner'
[2026/02/05 18:58:31   WARN]            [BlockSetModule|P] Creating block sets: Failed to find hitbox name 'Fence_Corner_Thin'
[2026/02/05 18:58:31   WARN]            [BlockSetModule|P] Creating block sets: Failed to find hitbox name 'Fence_Corner_Thick'
[2026/02/05 18:58:31   WARN]            [BlockSetModule|P] Creating block sets: Failed to find block name 'Furniture_Crude_Bed'
[2026/02/05 18:58:31   WARN]            [BlockSetModule|P] Creating block sets: Failed to find block name 'Soil_Grass'
[2026/02/05 18:58:31   WARN]            [BlockSetModule|P] Creating block sets: Failed to find block name 'Soil_Dirt'
[2026/02/05 18:58:31   WARN]            [BlockSetModule|P] Creating block sets: Failed to find block name 'Soil_Dirt_Poisoned'
[2026/02/05 18:58:31   WARN]            [BlockSetModule|P] Creating block sets: Failed to find block name 'Soil_Mud'
[2026/02/05 18:58:31   WARN]            [BlockSetModule|P] Creating block sets: Failed to find block name 'Deco_Bone_Pile'
[2026/02/05 18:58:31   WARN]            [BlockSetModule|P] Creating block sets: Failed to find block name 'Deco_Bone_Skulls'
[2026/02/05 18:58:31   WARN]            [BlockSetModule|P] Creating block sets: Failed to find block name 'Soil_Gravel_Sand'
[2026/02/05 18:58:31   WARN]            [BlockSetModule|P] Creating block sets: Failed to find block name 'Soil_Dirt'
[2026/02/05 18:58:31   WARN]            [BlockSetModule|P] Creating block sets: Failed to find block name 'Soil_Clay'
[2026/02/05 18:58:31   WARN]            [BlockSetModule|P] Creating block sets: Failed to find block name 'Rock_Stone'
[2026/02/05 18:58:31   WARN]            [BlockSetModule|P] Creating block sets: Failed to find block name 'Rock_Marble'
[2026/02/05 18:58:31   WARN]            [BlockSetModule|P] Creating block sets: Failed to find block name 'Rock_Chalk'
[2026/02/05 18:58:31   WARN]             [HytaleGenerator] Duplicate export name for asset: pattern1
[2026/02/05 18:58:31   WARN]       [AssetStore|BiomeAsset] Unused key(s) in 'Example_Mixer_Gradient' file /Server/HytaleGenerator/Biomes/Examples/Example_Mixer_Gradient.json: Terrain.Density.Inputs.0.Inputs.0.Inputs.0.Inputs.0.Inputs.0.Inputs.0.CacheSize, Terrain.Density.Inputs.1.Inputs.0.Inputs.0.Inputs.0.Inputs.0.Inputs.0.CacheSize, Terrain.Density.Inputs.2.Inputs.0.CacheSize
[2026/02/05 18:58:31   WARN]       [AssetStore|BiomeAsset] Unused key(s) in 'Something' file /Server/HytaleGenerator/Biomes/Experimental/Something.json: Terrain.Density.Inputs.0.Inputs.0.Inputs.0.Inputs.0.CacheSize, Terrain.Density.Inputs.0.Inputs.0.Inputs.0.Inputs.1.Inputs.0.CacheSize, Terrain.Density.Inputs.0.Inputs.0.Inputs.1.Inputs.0.CacheSize, Terrain.Density.Inputs.0.Inputs.0.Inputs.1.Inputs.1.Inputs.0.Inputs.0.Inputs.0.Inputs.0.Sampled, Terrain.Density.Inputs.0.Inputs.0.Inputs.1.Inputs.3.Inputs.0.Inputs.0.CacheSize, Terrain.Density.Inputs.0.Inputs.1.Inputs.0.CacheSize, Terrain.Density.Inputs.0.Inputs.1.Inputs.1.Inputs.0.Inputs.0.CacheSize
[2026/02/05 18:58:31   WARN]             [HytaleGenerator] Duplicate export name for asset: werstjrtydkm,
[2026/02/05 18:58:31   WARN]             [HytaleGenerator] Duplicate export name for asset: Taiga1_Rewood_Trees_Mask
[2026/02/05 18:58:31   WARN]       [AssetStore|BiomeAsset] Unused key(s) in 'Example_Fluid' file /Server/HytaleGenerator/Biomes/Examples/Example_Fluid.json: Terrain.Density.Inputs.0.CacheSize, MaterialProvider.Empty.Queue.0.BaseHeight
[2026/02/05 18:58:31   WARN]       [AssetStore|BiomeAsset] Unused key(s) in 'Example_Prop' file /Server/HytaleGenerator/Biomes/Examples/Example_Prop.json: Terrain.Density.Inputs.0.CacheSize
[2026/02/05 18:58:31   WARN]       [AssetStore|BiomeAsset] Unused key(s) in 'Fake3dNoise' file /Server/HytaleGenerator/Biomes/Examples/Fake3dNoise.json: Terrain.Density.Inputs.1.CacheSize, Terrain.Density.Inputs.2.Inputs.1.Inputs.0.Inputs.0.CacheSize, Terrain.Density.Inputs.2.Inputs.1.Inputs.0.Inputs.1.CacheSize, Terrain.Density.Inputs.2.Inputs.1.Inputs.0.Inputs.2.CacheSize, Terrain.Density.Inputs.2.Inputs.1.Inputs.0.Inputs.3.CacheSize, Terrain.Density.Inputs.2.Inputs.1.Inputs.0.Inputs.4.CacheSize, Terrain.Density.Inputs.2.Inputs.1.Inputs.0.Inputs.5.CacheSize
[2026/02/05 18:58:31   INFO]             [HytaleGenerator] Exported Scanner asset with name 'BasicForestTreeScanner' with asset id 'null
[2026/02/05 18:58:31   WARN]       [AssetStore|BiomeAsset] Unused key(s) in 'CursebreakerKeyartBiome' file /Server/HytaleGenerator/Biomes/Experimental/CursebreakerKeyartBiome.json: Terrain.Density.Inputs.0.Inputs.0.Inputs.0.Inputs.0.Inputs.0.Inputs.0.CacheSize, Terrain.Density.Inputs.0.Inputs.0.Inputs.0.Inputs.1.Inputs.0.Inputs.0.CacheSize, Terrain.Density.Inputs.0.Inputs.0.Inputs.1.Inputs.0.Inputs.0.Inputs.0.Inputs.0.CacheSize, Terrain.Density.Inputs.0.Inputs.1.Inputs.0.Inputs.0.Inputs.0.CacheSize
[2026/02/05 18:58:31   WARN]       [AssetStore|BiomeAsset] Unused key(s) in 'Example_Multi_Mixer_Horizontal' file /Server/HytaleGenerator/Biomes/Examples/Example_Multi_Mixer_Horizontal.json: Terrain.Density.Inputs.0.Inputs.0.Inputs.0.Inputs.0.CacheSize, Terrain.Density.Inputs.0.Inputs.0.Inputs.0.Inputs.1.CacheSize, Terrain.Density.Inputs.0.Inputs.0.Inputs.0.Inputs.2.CacheSize, Terrain.Density.Inputs.0.Inputs.0.Inputs.0.Inputs.3.CacheSize
[2026/02/05 18:58:31   WARN]       [AssetStore|BiomeAsset] Unused key(s) in 'Boreal1_Henges' file /Server/HytaleGenerator/Biomes/Boreal1/Boreal1_Henges.json: Terrain.Density.Inputs.0.Inputs.1.Inputs.0.Inputs.0.Inputs.0.Inputs.1.Inputs.0.Inputs.0.Inputs.0.Positions.Positions.OffsetX, Terrain.Density.Inputs.0.Inputs.1.Inputs.0.Inputs.0.Inputs.0.Inputs.1.Inputs.0.Inputs.0.Inputs.0.Positions.Positions.OffsetY, Terrain.Density.Inputs.0.Inputs.1.Inputs.0.Inputs.0.Inputs.0.Inputs.1.Inputs.0.Inputs.0.Inputs.0.Positions.Positions.OffsetZ, Terrain.Density.Inputs.0.Inputs.1.Inputs.0.Inputs.1.Inputs.0.Inputs.1.Inputs.0.Inputs.0.Inputs.0.Inputs.0.Positions.Positions.OffsetX, Terrain.Density.Inputs.0.Inputs.1.Inputs.0.Inputs.1.Inputs.0.Inputs.1.Inputs.0.Inputs.0.Inputs.0.Inputs.0.Positions.Positions.OffsetY, Terrain.Density.Inputs.0.Inputs.1.Inputs.0.Inputs.1.Inputs.0.Inputs.1.Inputs.0.Inputs.0.Inputs.0.Inputs.0.Positions.Positions.OffsetZ
[2026/02/05 18:58:31   WARN]             [HytaleGenerator] Duplicate export name for asset: werstjrtydkm,
[2026/02/05 18:58:31   WARN]       [AssetStore|BiomeAsset] Unused key(s) in 'SingleInstance_Test' file /Server/HytaleGenerator/Biomes/Examples/SingleInstance_Test.json: Terrain.Density.Inputs.0.Inputs.1.SingleInstance
[2026/02/05 18:58:31   WARN]             [HytaleGenerator] Duplicate export name for asset: BasicForestTreeScanner
[2026/02/05 18:58:31   INFO]             [HytaleGenerator] Exported Scanner asset with name 'BasicForestTreeScanner' with asset id 'null
[2026/02/05 18:58:31 SEVERE]                        [SERR] Reallocate: 131072 to 1179648
[2026/02/05 18:58:31   WARN]       [AssetStore|BiomeAsset] Unused key(s) in 'Dunes' file /Server/HytaleGenerator/Biomes/Experimental/Dunes.json: Terrain.Density.Inputs.0.Inputs.0.Inputs.0.Inputs.0.Inputs.0.Inputs.1.Inputs.0.Inputs.0.Inputs.0.CacheSize, Terrain.Density.Inputs.0.Inputs.0.Inputs.0.Inputs.0.Inputs.0.Inputs.1.Inputs.0.Inputs.1.Inputs.0.CacheSize, Terrain.Density.Inputs.0.Inputs.0.Inputs.0.Inputs.1.Inputs.0.Inputs.0.Inputs.0.CacheSize, Terrain.Density.Inputs.0.Inputs.0.Inputs.0.Inputs.1.Inputs.0.Inputs.1.Inputs.0.CacheSize, Terrain.Density.Inputs.0.Inputs.0.Inputs.1.Inputs.0.Inputs.0.Inputs.1.Inputs.0.Inputs.0.Inputs.0.CacheSize, Terrain.Density.Inputs.0.Inputs.0.Inputs.1.Inputs.0.Inputs.0.Inputs.1.Inputs.0.Inputs.1.Inputs.0.CacheSize, Terrain.Density.Inputs.0.Inputs.0.Inputs.1.Inputs.1.Inputs.0.Inputs.0.CacheSize, Terrain.Density.Inputs.0.Inputs.0.Inputs.1.Inputs.1.Inputs.1.Inputs.0.CacheSize, Terrain.Density.Inputs.0.Inputs.1.Inputs.0.Inputs.0.Inputs.0.Inputs.0.CacheSize, Terrain.Density.Inputs.0.Inputs.1.Inputs.1.Inputs.0.CacheSize, MaterialProvider.Solid.Queue.0.FieldFunction.CacheSize
[2026/02/05 18:58:31   WARN]       [AssetStore|BiomeAsset] Unused key(s) in 'Example_Multi_Mixer_Curve' file /Server/HytaleGenerator/Biomes/Examples/Example_Multi_Mixer_Curve.json: Terrain.Density.Inputs.0.Inputs.0.Inputs.0.Inputs.0.CacheSize, Terrain.Density.Inputs.0.Inputs.1.Inputs.0.Inputs.0.Inputs.0.Inputs.0.CacheSize, Terrain.Density.Inputs.0.Inputs.1.Inputs.0.Inputs.0.Inputs.0.Inputs.1.CacheSize, Terrain.Density.Inputs.0.Inputs.1.Inputs.0.Inputs.0.Inputs.0.Inputs.2.CacheSize, Terrain.Density.Inputs.0.Inputs.1.Inputs.1.CacheSize, Terrain.Density.Inputs.1.Inputs.0.CacheSize
[2026/02/05 18:58:31   WARN]             [HytaleGenerator] Duplicate export name for asset: River-Boulders-Mask
[2026/02/05 18:58:31   WARN]       [AssetStore|BiomeAsset] Unused key(s) in 'Arches' file /Server/HytaleGenerator/Biomes/Experimental/Arches.json: Terrain.Density.Inputs.0.Inputs.0.Inputs.0.Inputs.0.Inputs.0.CacheSize, Terrain.Density.Inputs.0.Inputs.1.Inputs.0.Inputs.0.Inputs.0.CacheSize, Terrain.Density.Inputs.0.Inputs.1.Inputs.0.Inputs.0.Inputs.0.Inputs.0.ReturnType.Density.CacheSize, Terrain.Density.Inputs.0.Inputs.1.Inputs.0.Inputs.1.Inputs.0.CacheSize, Terrain.Density.Inputs.0.Inputs.1.Inputs.0.Inputs.1.Inputs.0.Inputs.0.ReturnType.Density.Inputs.0.Inputs.0.Inputs.0.CacheSize, Terrain.Density.Inputs.0.Inputs.1.Inputs.0.Inputs.2.Inputs.0.CacheSize
[2026/02/05 18:58:31   WARN]       [AssetStore|BiomeAsset] Unused key(s) in 'Plains1_Deeproot' file /Server/HytaleGenerator/Biomes/Plains1/Plains1_Deeproot.json: Props.5.Positions.OffsetX, Props.5.Positions.OffsetY, Props.5.Positions.OffsetZ
[2026/02/05 18:58:31   WARN]       [AssetStore|BiomeAsset] Unused key(s) in 'Basic' file /Server/HytaleGenerator/Biomes/Basic.json: Props.0.Assignments.Prop.BoxBlockType
[2026/02/05 18:58:31   WARN]             [HytaleGenerator] Duplicate export name for asset: River-Boulders-Mask
[2026/02/05 18:58:31   INFO]             [HytaleGenerator] Exported Scanner asset with name 'Desert1_Rocky_Trees_Dry_Scanner' with asset id 'null
[2026/02/05 18:58:31   INFO]             [HytaleGenerator] Exported Scanner asset with name 'Desert1_Rocky_Trees_Palm_Scanner' with asset id 'null
[2026/02/05 18:58:31   WARN]             [HytaleGenerator] Duplicate export name for asset: Desert1_Rivers_Cliffs
[2026/02/05 18:58:31   WARN]             [HytaleGenerator] Duplicate export name for asset: River-Boulders-Mask
[2026/02/05 18:58:31   WARN]       [AssetStore|BiomeAsset] Unused key(s) in 'Volcanic1_Jungle' file /Server/HytaleGenerator/Biomes/Volcanic1/Volcanic1_Jungle.json: Props.1.Positions.OffsetX, Props.1.Positions.OffsetY, Props.1.Positions.OffsetZ, Props.2.Positions.OffsetX, Props.2.Positions.OffsetY, Props.2.Positions.OffsetZ, Props.3.Positions.OffsetX, Props.3.Positions.OffsetY, Props.3.Positions.OffsetZ
[2026/02/05 18:58:31   WARN]             [HytaleGenerator] Duplicate export name for asset: Plains1-Gorges-BaseTerrain
[2026/02/05 18:58:31   WARN]             [HytaleGenerator] Duplicate export name for asset: River-Boulders-Mask
[2026/02/05 18:58:31   WARN]             [HytaleGenerator] Duplicate export name for asset: River-Boulders-Mask
[2026/02/05 18:58:31   WARN]             [HytaleGenerator] Duplicate export name for asset: River-Boulders-Mask
[2026/02/05 18:58:31   WARN]             [HytaleGenerator] Duplicate export name for asset: River-Boulders-Mask
[2026/02/05 18:58:31   WARN]             [HytaleGenerator] Duplicate export name for asset: River-Boulders-Mask
[2026/02/05 18:58:31   WARN]       [AssetStore|BiomeAsset] Unused key(s) in 'Example_Mixer' file /Server/HytaleGenerator/Biomes/Examples/Example_Mixer.json: Terrain.Density.Inputs.0.CacheSize, Terrain.Density.Inputs.1.Inputs.2.Inputs.0.CacheSize
[2026/02/05 18:58:31 SEVERE]                        [SERR] Reallocate: 131072 to 1179648
[2026/02/05 18:58:31   WARN]       [AssetStore|BiomeAsset] Unused key(s) in 'Generative_Buildings' file /Server/HytaleGenerator/Biomes/Generative/Generative_Buildings.json: Terrain.Density.Inputs.1.Inputs.0.Inputs.0.Inputs.0.Inputs.0.Inputs.0.Inputs.0.Inputs.0.Inputs.0.Positions.Positions.Positions.OffsetX, Terrain.Density.Inputs.1.Inputs.0.Inputs.0.Inputs.0.Inputs.0.Inputs.0.Inputs.0.Inputs.0.Inputs.0.Positions.Positions.Positions.OffsetY, Terrain.Density.Inputs.1.Inputs.0.Inputs.0.Inputs.0.Inputs.0.Inputs.0.Inputs.0.Inputs.0.Inputs.0.Positions.Positions.Positions.OffsetZ
[2026/02/05 18:58:31   WARN]             [HytaleGenerator] Duplicate export name for asset: Peak
[2026/02/05 18:58:31   WARN]       [AssetStore|BiomeAsset] Unused key(s) in 'Desert1_Oasis' file /Server/HytaleGenerator/Biomes/Desert1/Desert1_Oasis.json: Props.2.Positions.Positions.OffsetX, Props.2.Positions.Positions.OffsetY, Props.2.Positions.Positions.OffsetZ, Props.3.Positions.Positions.OffsetX, Props.3.Positions.Positions.OffsetY, Props.3.Positions.Positions.OffsetZ, Props.4.Positions.Positions.OffsetX, Props.4.Positions.Positions.OffsetY, Props.4.Positions.Positions.OffsetZ, Props.5.Positions.Positions.OffsetX, Props.5.Positions.Positions.OffsetY, Props.5.Positions.Positions.OffsetZ, Props.6.Positions.Positions.OffsetX, Props.6.Positions.Positions.OffsetY, Props.6.Positions.Positions.OffsetZ
[2026/02/05 18:58:31   WARN] [AssetStore|ScriptedBrushAsset] Unused key(s) in 'FluidMaskExample' file /Server/ScriptedBrushes/Examples/FluidMaskExample.json: Description
[2026/02/05 18:58:31   WARN] [AssetStore|ScriptedBrushAsset] Unused key(s) in 'Walls-Floors' file /Server/ScriptedBrushes/Archive/Walls-Floors.json: Operations.0.Offset
[2026/02/05 18:58:31   WARN] [AssetStore|ScriptedBrushAsset] Asset key 'templeFloor' for file '/Server/ScriptedBrushes/Archive/templeFloor.json' has incorrect format! Expected: 'TempleFloor'
[2026/02/05 18:58:31   WARN] [AssetStore|ScriptedBrushAsset] Asset key 'templePillars' for file '/Server/ScriptedBrushes/Archive/templePillars.json' has incorrect format! Expected: 'TemplePillars'
[2026/02/05 18:58:31   WARN] [AssetStore|ScriptedBrushAsset] Asset key 'BoulderBrush_old' for file '/Server/ScriptedBrushes/Archive/BoulderBrush_old.json' has incorrect format! Expected: 'BoulderBrush_Old'
[2026/02/05 18:58:31   WARN] [AssetStore|ScriptedBrushAsset] Unused key(s) in 'ReplaceWaterExample' file /Server/ScriptedBrushes/Examples/ReplaceWaterExample.json: Description
[2026/02/05 18:58:31   WARN] [AssetStore|ScriptedBrushAsset] Asset key 'moltenBall' for file '/Server/ScriptedBrushes/Archive/moltenBall.json' has incorrect format! Expected: 'MoltenBall'
[2026/02/05 18:58:31   WARN] [AssetStore|ScriptedBrushAsset] Asset key 'templeRandom' for file '/Server/ScriptedBrushes/Archive/templeRandom.json' has incorrect format! Expected: 'TempleRandom'
[2026/02/05 18:58:31   WARN] [AssetStore|ScriptedBrushAsset] Asset key 'templeDestruction' for file '/Server/ScriptedBrushes/Archive/templeDestruction.json' has incorrect format! Expected: 'TempleDestruction'
[2026/02/05 18:58:31   WARN] [AssetStore|ScriptedBrushAsset] Asset key 'templeWalls' for file '/Server/ScriptedBrushes/Archive/templeWalls.json' has incorrect format! Expected: 'TempleWalls'
[2026/02/05 18:58:31   WARN] [AssetStore|ScriptedBrushAsset] Asset key 'MountainBrush_old' for file '/Server/ScriptedBrushes/Archive/MountainBrush_old.json' has incorrect format! Expected: 'MountainBrush_Old'
[2026/02/05 18:58:31   WARN] [AssetStore|ScriptedBrushAsset] Asset key 'keepDestruction' for file '/Server/ScriptedBrushes/Archive/keepDestruction.json' has incorrect format! Expected: 'KeepDestruction'
[2026/02/05 18:58:31   WARN]           [AssetStore|ModelVFX] Asset key 'test' for file '/Server/Entity/ModelVFX/test.json' has incorrect format! Expected: 'Test'
[2026/02/05 18:58:34   INFO]             [HytaleGenerator|P] Loaded Settings asset.
[2026/02/05 18:58:34   WARN] [AssetStore|WorldStructureAsset] Unused key(s) in 'Interpolation' file /Server/HytaleGenerator/WorldStructures/Dev/Interpolation.json: BiomeTransitions
[2026/02/05 18:58:34   WARN] [AssetStore|CustomConnectedBlockTemplateAsset] Unused key(s) in 'DoorLargeConnectedBlockTemplate' file /Server/Item/CustomConnectedBlockTemplates/DoorLargeConnectedBlockTemplate.json: ConnectsToOtherTemplates
[2026/02/05 18:58:34   WARN] [AssetStore|CustomConnectedBlockTemplateAsset] Unused key(s) in 'RailsConnectedBlockTemplate' file /Server/Item/CustomConnectedBlockTemplates/RailsConnectedBlockTemplate.json: MaterialName
[2026/02/05 18:58:34   WARN]      [AssetStore|ParticleSystem] Unused key(s) in 'Potion_Health_Implosion' file /Server/Particles/Status_Effect/Potion_Health/Potion_Health_Implosion.particlesystem: Spawners.0.Scale
[2026/02/05 18:58:34   WARN]      [AssetStore|ParticleSystem] Unused key(s) in 'Potion_Stamina_Burst' file /Server/Particles/Status_Effect/Potion_Stamina/Potion_Stamina_Burst.particlesystem: Spawners.0.Scale
[2026/02/05 18:58:34   WARN]      [AssetStore|ParticleSystem] Unused key(s) in 'Potion_Morph_Burst' file /Server/Particles/Status_Effect/Potion_Morph/Potion_Morph_Burst.particlesystem: Spawners.0.Scale
[2026/02/05 18:58:34   WARN]         [AssetStore|Environment] Asset key 'Env_Temple_of_Gaia' for file '/Server/Environments/Unique/Env_Temple_of_Gaia.json' has incorrect format! Expected: 'Env_Temple_Of_Gaia'
[2026/02/05 18:58:34   WARN]        [AssetStore|EntityEffect] Unused key(s) in 'Food_EffectCondition_Buff_Medium' file /Server/Entity/Effects/Food/Buff/_Deprecated/Food_EffectCondition_Buff_Medium.json: Type, EntityEffectIds, Match, Next, Failed
[2026/02/05 18:58:34   WARN]        [AssetStore|EntityEffect] Unused key(s) in 'Food_EffectCondition_Buff_Small' file /Server/Entity/Effects/Food/Buff/_Deprecated/Food_EffectCondition_Buff_Small.json: Type, EntityEffectIds, Match, Next, Failed
[2026/02/05 18:58:34   WARN]         [AssetStore|Interaction] Unused key(s) in 'Ice_Bolt_Miss' file /Server/Item/Interactions/Weapons/Staff/Ice/Ice_Bolt_Miss.json: Effects.WorldParticles
[2026/02/05 18:58:34   WARN]         [AssetStore|Interaction] Unused key(s) in 'Explode_Generic' file /Server/Item/Interactions/Explosions/Explode_Generic.json: Config.Knockback.VelocityConfig.Direction
[2026/02/05 18:58:34   WARN]         [AssetStore|Interaction] Unused key(s) in 'Weapon_Battleaxe_Primary_Downstrike_Force' file /Server/Item/Interactions/Weapons/Battleaxe/Primary/Downstrike/Weapon_Battleaxe_Primary_Downstrike_Force.json: MouseSensitivityAdjustmentTarget, MouseSensitivityAdjustmentDuration
[2026/02/05 18:58:34   WARN]         [AssetStore|Interaction] Unused key(s) in 'Weapon_Daggers_Primary_Pounce_Stab_Force' file /Server/Item/Interactions/Weapons/Daggers/Primary/Pounce/Stab/Weapon_Daggers_Primary_Pounce_Stab_Force.json: VelocityType
[2026/02/05 18:58:34   WARN]         [AssetStore|Interaction] Unused key(s) in 'Ice_Ball_Miss' file /Server/Item/Interactions/Weapons/Staff/Ice/Ice_Ball_Miss.json: Effects.WorldParticles
[2026/02/05 18:58:34   WARN]                         [Hytale] Missing interaction *DamageEntityParent_Next
[2026/02/05 18:58:34   WARN]                         [Hytale] Missing interaction *Stamina_Bar_Flash_Interactions_0
[2026/02/05 18:58:34   WARN]                         [Hytale] Missing interaction *Stamina_Broken_Check_Next
[2026/02/05 18:58:34   WARN]                         [Hytale] Missing interaction *Block_Break_Adventure_Next
[2026/02/05 18:58:34   WARN]                         [Hytale] Missing interaction *Block_Break_Adventure_Failed
[2026/02/05 18:58:34   WARN]                         [Hytale] Missing interaction *Weapon_Battleaxe_Secondary_Guard_Bash_Interactions_0
[2026/02/05 18:58:34   WARN]                         [Hytale] Missing interaction *Weapon_Battleaxe_Secondary_Guard_Bash_Interactions_1
[2026/02/05 18:58:34   WARN]                         [Hytale] Missing interaction *Weapon_Shortbow_Secondary_Guard_Bash_Interactions_0
[2026/02/05 18:58:34   WARN]                         [Hytale] Missing interaction *Weapon_Shortbow_Secondary_Guard_Bash_Interactions_1
[2026/02/05 18:58:34   WARN]                         [Hytale] Missing interaction *Weapon_Crossbow_Secondary_Guard_Bash_Interactions_0
[2026/02/05 18:58:34   WARN]                         [Hytale] Missing interaction *Weapon_Crossbow_Secondary_Guard_Bash_Interactions_1
[2026/02/05 18:58:34   WARN]                         [Hytale] Missing interaction *Weapon_Crossbow_Shot_Standard_Projectile_Next
[2026/02/05 18:58:34   WARN]                         [Hytale] Missing interaction *Common_Guard_Shove_Animation_Next
[2026/02/05 18:58:34   WARN]                         [Hytale] Missing interaction *Weapon_Daggers_Secondary_Guard_Bash_Interactions_0
[2026/02/05 18:58:34   WARN]                         [Hytale] Missing interaction *Weapon_Daggers_Secondary_Guard_Bash_Interactions_1
[2026/02/05 18:58:34   WARN]                         [Hytale] Missing interaction *Bow_Two_Handed_Ability1_Arrow_Volley_Interactions_0
[2026/02/05 18:58:34   WARN]                         [Hytale] Missing interaction *Weapon_Shield_Secondary_Guard_Bash_Interactions_0
[2026/02/05 18:58:34   WARN]                         [Hytale] Missing interaction *Weapon_Shield_Secondary_Guard_Bash_Interactions_1
[2026/02/05 18:58:34   WARN]                         [Hytale] Missing interaction *Stick_Attack_Next_0
[2026/02/05 18:58:34   WARN]                         [Hytale] Missing interaction *Stick_Attack_Next_0.8
[2026/02/05 18:58:34   WARN]                         [Hytale] Missing interaction *Weapon_Mace_Secondary_Guard_Bash_Interactions_0
[2026/02/05 18:58:34   WARN]                         [Hytale] Missing interaction *Weapon_Mace_Secondary_Guard_Bash_Interactions_1
[2026/02/05 18:58:34   WARN]                         [Hytale] Missing interaction *Weapon_Sword_Secondary_Guard_Bash_Interactions_0
[2026/02/05 18:58:34   WARN]                         [Hytale] Missing interaction *Weapon_Sword_Secondary_Guard_Bash_Interactions_1
[2026/02/05 18:58:34   WARN]                         [Hytale] Missing interaction *Bow_Two_Handed_Ability2_Arrow_Shoot_Interactions_0
[2026/02/05 18:58:34   WARN]                         [Hytale] Missing interaction *Bow_Two_Handed_Ability2_Arrow_Shoot_Interactions_1
[2026/02/05 18:58:34   WARN]                         [Hytale] Missing interaction *Daggers_Stab_Flurry_Left_Next
[2026/02/05 18:58:34   WARN]                         [Hytale] Missing interaction *Daggers_Stab_Flurry_Right_Next
[2026/02/05 18:58:34   WARN]                         [Hytale] Missing interaction *Simple_Next
[2026/02/05 18:58:34   WARN]                         [Hytale] Missing interaction *Shortbow_Volley_Shoot_Inner_Next
[2026/02/05 18:58:34   WARN]         [AssetStore|Interaction] Unused key(s) in '*Weapon_Sword_Signature_Vortexstrike_Spin_Selector_Next': Next
[2026/02/05 18:58:34   WARN]         [AssetStore|Interaction] Unused key(s) in '*Weapon_Daggers_Primary_Pounce_Stab_Selector_Next': Next
[2026/02/05 18:58:34   WARN]                         [Hytale] Missing interaction **DamageEntityParent_Next_Interactions_0
[2026/02/05 18:58:34   WARN]                         [Hytale] Missing interaction **DamageEntityParent_Next_Interactions_1
[2026/02/05 18:58:34   WARN]                         [Hytale] Missing interaction **DamageEntityParent_Next_Interactions_2
[2026/02/05 18:58:34   WARN]                         [Hytale] Missing interaction **DamageEntityParent_Next_Interactions_3
[2026/02/05 18:58:34   WARN]                         [Hytale] Missing interaction **Bow_Two_Handed_Ability1_Arrow_Volley_Interactions_0_Interactions_0
[2026/02/05 18:58:34   WARN]                         [Hytale] Missing interaction **Bow_Two_Handed_Ability1_Arrow_Volley_Interactions_0_Interactions_1
[2026/02/05 18:58:34   WARN]                         [Hytale] Missing interaction **Weapon_Daggers_Secondary_Guard_Bash_Interactions_1_Next
[2026/02/05 18:58:34   WARN]                         [Hytale] Missing interaction **Weapon_Shortbow_Secondary_Guard_Bash_Interactions_1_Next
[2026/02/05 18:58:34   WARN]                         [Hytale] Missing interaction **Weapon_Sword_Secondary_Guard_Bash_Interactions_1_Next
[2026/02/05 18:58:34   WARN]                         [Hytale] Missing interaction **Weapon_Shield_Secondary_Guard_Bash_Interactions_1_Next
[2026/02/05 18:58:34   WARN]                         [Hytale] Missing interaction **Weapon_Crossbow_Secondary_Guard_Bash_Interactions_1_Next
[2026/02/05 18:58:34   WARN]                         [Hytale] Missing interaction **Weapon_Crossbow_Shot_Standard_Projectile_Next_Next
[2026/02/05 18:58:34   WARN]                         [Hytale] Missing interaction **Stick_Attack_Next_0_Interactions_1
[2026/02/05 18:58:34   WARN]                         [Hytale] Missing interaction **Stick_Attack_Next_0.8_Interactions_1
[2026/02/05 18:58:34   WARN]                         [Hytale] Missing interaction **Weapon_Mace_Secondary_Guard_Bash_Interactions_1_Next
[2026/02/05 18:58:34   WARN]                         [Hytale] Missing interaction **Weapon_Battleaxe_Secondary_Guard_Bash_Interactions_1_Next
[2026/02/05 18:58:34   WARN]                         [Hytale] Missing interaction **Weapon_Mace_Primary_Swing_Right_Charged_Selector_Next_Next
[2026/02/05 18:58:34   WARN]                         [Hytale] Missing interaction **Weapon_Mace_Primary_Swing_Left_Charged_StaminaCondition_Next_Next
[2026/02/05 18:58:34   WARN]                         [Hytale] Missing interaction **Block_Break_Failed_Next
[2026/02/05 18:58:34   WARN]                         [Hytale] Missing interaction **Weapon_Daggers_Primary_Pounce_Sweep_Next_Interactions_0
[2026/02/05 18:58:34   WARN]                         [Hytale] Missing interaction **Weapon_Daggers_Primary_Pounce_Sweep_Next_Interactions_1
[2026/02/05 18:58:34   WARN]                         [Hytale] Missing interaction **Common_Guard_Shove_Selector_Next_Next
[2026/02/05 18:58:34   WARN]                         [Hytale] Missing interaction **Weapon_Battleaxe_Primary_Downstrike_StaminaCondition_Next_Next
[2026/02/05 18:58:34   WARN]                         [Hytale] Missing interaction **Weapon_Mace_Primary_Swing_Up_Left_Charged_Selector_Next_Next
[2026/02/05 18:58:34   WARN]                         [Hytale] Missing interaction **Weapon_Crossbow_Damage_Combo_Projectile_Next_Next
[2026/02/05 18:58:34   WARN]                         [Hytale] Missing interaction **Consume_Charge_Food_T2_Inner_Next_2.5_Next
[2026/02/05 18:58:34   WARN]                         [Hytale] Missing interaction **Consume_Charge_Food_T1_Inner_Next_2.0_Next
[2026/02/05 18:58:34   WARN]                         [Hytale] Missing interaction **Weapon_Mace_Primary_Swing_Right_Charged_StaminaCondition_Next_Next
[2026/02/05 18:58:34   WARN]                         [Hytale] Missing interaction **Weapon_Daggers_Primary_Pounce_StaminaCondition_Next_Next
[2026/02/05 18:58:34   WARN]                         [Hytale] Missing interaction **Weapon_Daggers_Primary_Pounce_Stab_Next_Interactions_0
[2026/02/05 18:58:34   WARN]                         [Hytale] Missing interaction **Weapon_Daggers_Primary_Pounce_Stab_Next_Interactions_1
[2026/02/05 18:58:34   WARN]                         [Hytale] Missing interaction **Weapon_Stick_Fire_Spawn_Trap_Next_Interactions_0
[2026/02/05 18:58:34   WARN]                         [Hytale] Missing interaction **Weapon_Stick_Fire_Spawn_Trap_Next_Interactions_1
[2026/02/05 18:58:34   WARN]                         [Hytale] Missing interaction **Weapon_Stick_Fire_Spawn_Trap_Failed_Interactions_0
[2026/02/05 18:58:34   WARN]                         [Hytale] Missing interaction **Weapon_Mace_Primary_Swing_Left_Charged_Selector_Next_Next
[2026/02/05 18:58:34   WARN]                         [Hytale] Missing interaction **Consume_Charge_Durability_Interactions_1_Next_3.0
[2026/02/05 18:58:34   WARN]                         [Hytale] Missing interaction **Consume_Charge_Durability_Interactions_1_Failed
[2026/02/05 18:58:35   WARN]                         [Hytale] Missing interaction **Weapon_Mace_Primary_Swing_Up_Left_Charged_StaminaCondition_Next_Next
[2026/02/05 18:58:35   WARN]                         [Hytale] Missing interaction **Weapon_Sword_Primary_Thrust_StaminaCondition_Next_Next
[2026/02/05 18:58:35   WARN]                         [Hytale] Missing interaction **Consume_Charge_Food_T3_Inner_Next_3.0_Next
[2026/02/05 18:58:35   WARN]                         [Hytale] Missing interaction ***Bow_Two_Handed_Ability1_Arrow_Volley_Interactions_0_Interactions_1_Next
[2026/02/05 18:58:35   WARN]                         [Hytale] Missing interaction ***Common_Guard_Shove_Selector_Next_Next_Next
[2026/02/05 18:58:35   WARN]                         [Hytale] Missing interaction ***Weapon_Daggers_Secondary_Guard_Bash_Interactions_1_Next_Next
[2026/02/05 18:58:35   WARN]                         [Hytale] Missing interaction ***Consume_Charge_Food_T3_Inner_Next_3.0_Next_Interactions_0
[2026/02/05 18:58:35   WARN]                         [Hytale] Missing interaction ***Consume_Charge_Food_T3_Inner_Next_3.0_Next_Interactions_1
[2026/02/05 18:58:35   WARN]                         [Hytale] Missing interaction ***Consume_Charge_Food_T3_Inner_Next_3.0_Next_Interactions_2
[2026/02/05 18:58:35   WARN]                         [Hytale] Missing interaction ***Weapon_Shortbow_Secondary_Guard_Bash_Interactions_1_Next_Next
[2026/02/05 18:58:35   WARN]                         [Hytale] Missing interaction ***Weapon_Mace_Primary_Swing_Up_Left_Charged_StaminaCondition_Next_Next_Next_0
[2026/02/05 18:58:35   WARN]                         [Hytale] Missing interaction ***Weapon_Mace_Primary_Swing_Up_Left_Charged_Next_2.0_Interactions_2_Next
[2026/02/05 18:58:35   WARN]                         [Hytale] Missing interaction ***Weapon_Mace_Primary_Swing_Right_Charged_StaminaCondition_Next_Next_Next_0
[2026/02/05 18:58:35   WARN]                         [Hytale] Missing interaction ***Weapon_Mace_Primary_Swing_Right_Charged_Next_2.0_Interactions_2_Next
[2026/02/05 18:58:35   WARN]                         [Hytale] Missing interaction ***Weapon_Sword_Secondary_Guard_Bash_Interactions_1_Next_Next
[2026/02/05 18:58:35   WARN]                         [Hytale] Missing interaction ***Weapon_Shield_Secondary_Guard_Bash_Interactions_1_Next_Next
[2026/02/05 18:58:35   WARN]                         [Hytale] Missing interaction ***Consume_Charge_Food_T1_Inner_Next_2.0_Next_Interactions_0
[2026/02/05 18:58:35   WARN]                         [Hytale] Missing interaction ***Consume_Charge_Food_T1_Inner_Next_2.0_Next_Interactions_1
[2026/02/05 18:58:35   WARN]                         [Hytale] Missing interaction ***Consume_Charge_Food_T1_Inner_Next_2.0_Next_Interactions_2
[2026/02/05 18:58:35   WARN]                         [Hytale] Missing interaction ***Weapon_Mace_Primary_Swing_Left_Charged_StaminaCondition_Next_Next_Next_0
[2026/02/05 18:58:35   WARN]                         [Hytale] Missing interaction ***Weapon_Mace_Primary_Swing_Left_Charged_Next_2.0_Interactions_2_Next
[2026/02/05 18:58:35   WARN]                         [Hytale] Missing interaction ***Consume_Charge_Durability_Interactions_1_Next_3.0_Interactions_0
[2026/02/05 18:58:35   WARN]                         [Hytale] Missing interaction ***Consume_Charge_Durability_Interactions_1_Next_3.0_Interactions_1
[2026/02/05 18:58:35   WARN]                         [Hytale] Missing interaction ***Consume_Charge_Durability_Interactions_1_Next_3.0_Interactions_2
[2026/02/05 18:58:35   WARN]                         [Hytale] Missing interaction ***Consume_Charge_Durability_Interactions_1_Next_3.0_Interactions_3
[2026/02/05 18:58:35   WARN]                         [Hytale] Missing interaction ***Consume_Charge_Durability_Interactions_1_Failed_Next
[2026/02/05 18:58:35   WARN]                         [Hytale] Missing interaction ***Weapon_Crossbow_Secondary_Guard_Bash_Interactions_1_Next_Next
[2026/02/05 18:58:35   WARN]                         [Hytale] Missing interaction ***Weapon_Mace_Secondary_Guard_Bash_Interactions_1_Next_Next
[2026/02/05 18:58:35   WARN]                         [Hytale] Missing interaction ***Consume_Charge_Food_T2_Inner_Next_2.5_Next_Interactions_0
[2026/02/05 18:58:35   WARN]                         [Hytale] Missing interaction ***Consume_Charge_Food_T2_Inner_Next_2.5_Next_Interactions_1
[2026/02/05 18:58:35   WARN]                         [Hytale] Missing interaction ***Consume_Charge_Food_T2_Inner_Next_2.5_Next_Interactions_2
[2026/02/05 18:58:35   WARN]                         [Hytale] Missing interaction ***Weapon_Battleaxe_Secondary_Guard_Bash_Interactions_1_Next_Next
[2026/02/05 18:58:35   WARN]                         [Hytale] Missing interaction ***Weapon_Battleaxe_Primary_Downstrike_Next_0.65_Interactions_2_Next
[2026/02/05 18:58:35   WARN]                         [Hytale] Missing interaction ***Weapon_Daggers_Primary_Pounce_Next_0.4_Interactions_1_Next
[2026/02/05 18:58:35   WARN]                         [Hytale] Missing interaction ***Weapon_Sword_Primary_Thrust_Next_0.65_Interactions_2_Next
[2026/02/05 18:58:35   WARN]                         [Hytale] Missing interaction ****Bow_Two_Handed_Ability1_Arrow_Volley_Interactions_0_Interactions_1_Next_Interactions_1
[2026/02/05 18:58:35   WARN]                         [Hytale] Missing interaction ****Bow_Two_Handed_Ability1_Arrow_Volley_Interactions_0_Interactions_1_Next_Interactions_2
[2026/02/05 18:58:35   WARN]                         [Hytale] Missing interaction ****Weapon_Mace_Primary_Swing_Up_Left_Charged_StaminaCondition_Next_Next_Next_0_Next
[2026/02/05 18:58:35   WARN]                         [Hytale] Missing interaction ****Weapon_Mace_Primary_Swing_Up_Left_Charged_Next_2.0_Interactions_2_Next_Interactions_0
[2026/02/05 18:58:35   WARN]                         [Hytale] Missing interaction ****Weapon_Mace_Primary_Swing_Right_Charged_StaminaCondition_Next_Next_Next_0_Next
[2026/02/05 18:58:35   WARN]                         [Hytale] Missing interaction ****Weapon_Mace_Primary_Swing_Right_Charged_Next_2.0_Interactions_2_Next_Interactions_0
[2026/02/05 18:58:35   WARN]                         [Hytale] Missing interaction ****Weapon_Mace_Primary_Swing_Left_Charged_StaminaCondition_Next_Next_Next_0_Next
[2026/02/05 18:58:35   WARN]                         [Hytale] Missing interaction ****Weapon_Mace_Primary_Swing_Left_Charged_Next_2.0_Interactions_2_Next_Interactions_0
[2026/02/05 18:58:35   WARN]                         [Hytale] Missing interaction ****Weapon_Battleaxe_Primary_Downstrike_Next_0.65_Interactions_2_Next_Interactions_0
[2026/02/05 18:58:35   WARN]                         [Hytale] Missing interaction ****Weapon_Battleaxe_Primary_Downstrike_Next_0.65_Interactions_2_Next_Interactions_1
[2026/02/05 18:58:35   WARN]                         [Hytale] Missing interaction ****Weapon_Sword_Primary_Thrust_Next_0.65_Interactions_2_Next_Interactions_0
[2026/02/05 18:58:35   WARN]                         [Hytale] Missing interaction ****Weapon_Sword_Primary_Thrust_Next_0.65_Interactions_2_Next_Interactions_1
[2026/02/05 18:58:35   WARN]                         [Hytale] Missing interaction ****Weapon_Daggers_Primary_Pounce_Next_0.4_Interactions_1_Next_Interactions_0
[2026/02/05 18:58:35   WARN]                         [Hytale] Missing interaction ****Weapon_Daggers_Primary_Pounce_Next_0.4_Interactions_1_Next_Interactions_1
[2026/02/05 18:58:35   WARN]                         [Hytale] Missing interaction *****Bow_Two_Handed_Ability1_Arrow_Volley_Interactions_0_Interactions_1_Next_Interactions_2_Next
[2026/02/05 18:58:35   WARN]         [AssetStore|Interaction] Unused key(s) in '**Projectile_Config_Scarak_Seeker_Spitball_Interactions_ProjectileMiss_Interactions_0': Effects.WorldParticles
[2026/02/05 18:58:35   WARN]         [AssetStore|Interaction] Unused key(s) in '**Projectile_Config_Ice_Ball_Interactions_ProjectileMiss_Interactions_0': Effects.WorldParticles
[2026/02/05 18:58:35   WARN]         [AssetStore|Interaction] Unused key(s) in '**Projectile_Config_Ice_Bolt_Interactions_ProjectileMiss_Interactions_0': Effects.WorldParticles
[2026/02/05 18:58:35   WARN]         [AssetStore|Interaction] Unused key(s) in '**Projectile_Config_Scarak_Seeker_Spitball_Interactions_ProjectileHit_Interactions_0': Entity
[2026/02/05 18:58:35   WARN]     [AssetStore|PrefabListAsset] Asset key 'Trees_Fir_red' for file '/Server/PrefabList/Trees_Fir_red.json' has incorrect format! Expected: 'Trees_Fir_Red'
[2026/02/05 18:58:35   WARN]     [AssetStore|PrefabListAsset] Asset key 'Trees_Ash_swamp_dead' for file '/Server/PrefabList/Trees_Ash_swamp_dead.json' has incorrect format! Expected: 'Trees_Ash_Swamp_Dead'
[2026/02/05 18:58:35   WARN]     [AssetStore|PrefabListAsset] Asset key 'Trees_Ash_twisted_Giant' for file '/Server/PrefabList/Trees_Ash_twisted_Giant.json' has incorrect format! Expected: 'Trees_Ash_Twisted_Giant'
[2026/02/05 18:58:35   WARN]     [AssetStore|PrefabListAsset] Asset key 'Trees_Ash_twisted' for file '/Server/PrefabList/Trees_Ash_twisted.json' has incorrect format! Expected: 'Trees_Ash_Twisted'
[2026/02/05 18:58:35   WARN]     [AssetStore|PrefabListAsset] Asset key 'Trees_Ash_swamp' for file '/Server/PrefabList/Trees_Ash_swamp.json' has incorrect format! Expected: 'Trees_Ash_Swamp'
[2026/02/05 18:58:35   WARN]     [AssetStore|PrefabListAsset] Asset key 'Trees_Ash_twisted_Large' for file '/Server/PrefabList/Trees_Ash_twisted_Large.json' has incorrect format! Expected: 'Trees_Ash_Twisted_Large'
[2026/02/05 18:58:35   WARN]     [AssetStore|PrefabListAsset] Asset key 'Trees_Burnt_dead' for file '/Server/PrefabList/Trees_Burnt_dead.json' has incorrect format! Expected: 'Trees_Burnt_Dead'
[2026/02/05 18:58:35   INFO]              [CollisionModule|P] Block extents for CollisionSystem is Max=3.0, Min=0.0
[2026/02/05 18:58:35   WARN]               [BlockSetModule|P] Creating block sets: Failed to find block name 'Furniture_Temple_Light_Statue'
[2026/02/05 18:58:35   WARN]               [BlockSetModule|P] Creating block sets: Failed to find block name 'Ingredient_Hay'
[2026/02/05 18:58:35   WARN]               [BlockSetModule|P] Creating block sets: Failed to find block name 'Wood_Softwood_Planks'
[2026/02/05 18:58:35   WARN]               [BlockSetModule|P] Creating block sets: Failed to find block name 'Furniture_Feran_Bed'
[2026/02/05 18:58:35   WARN]               [BlockSetModule|P] Creating block sets: Failed to find block name 'Coop_Chicken'
[2026/02/05 18:58:35   WARN]               [BlockSetModule|P] Creating block sets: Failed to find hitbox name 'Fence'
[2026/02/05 18:58:35   WARN]               [BlockSetModule|P] Creating block sets: Failed to find hitbox name 'Fence_Gate'
[2026/02/05 18:58:35   WARN]               [BlockSetModule|P] Creating block sets: Failed to find hitbox name 'Fence_Gate_Open_In'
[2026/02/05 18:58:35   WARN]               [BlockSetModule|P] Creating block sets: Failed to find hitbox name 'Fence_Gate_Open_Out'
[2026/02/05 18:58:35   WARN]               [BlockSetModule|P] Creating block sets: Failed to find hitbox name 'Fence_Thin'
[2026/02/05 18:58:35   WARN]               [BlockSetModule|P] Creating block sets: Failed to find hitbox name 'Fence_Thick'
[2026/02/05 18:58:35   WARN]               [BlockSetModule|P] Creating block sets: Failed to find hitbox name 'Fence_Corner'
[2026/02/05 18:58:35   WARN]               [BlockSetModule|P] Creating block sets: Failed to find hitbox name 'Fence_Corner_Thin'
[2026/02/05 18:58:35   WARN]               [BlockSetModule|P] Creating block sets: Failed to find hitbox name 'Fence_Corner_Thick'
[2026/02/05 18:58:35   WARN]               [BlockSetModule|P] Creating block sets: Failed to find block name 'Furniture_Crude_Bed'
[2026/02/05 18:58:35   WARN]               [BlockSetModule|P] Creating block sets: Failed to find block name 'Soil_Grass'
[2026/02/05 18:58:35   WARN]               [BlockSetModule|P] Creating block sets: Failed to find block name 'Soil_Dirt'
[2026/02/05 18:58:35   WARN]               [BlockSetModule|P] Creating block sets: Failed to find block name 'Soil_Dirt_Poisoned'
[2026/02/05 18:58:35   WARN]               [BlockSetModule|P] Creating block sets: Failed to find block name 'Soil_Mud'
[2026/02/05 18:58:35   WARN]               [BlockSetModule|P] Creating block sets: Failed to find block name 'Deco_Bone_Pile'
[2026/02/05 18:58:35   WARN]               [BlockSetModule|P] Creating block sets: Failed to find block name 'Deco_Bone_Skulls'
[2026/02/05 18:58:35   WARN]               [BlockSetModule|P] Creating block sets: Failed to find block name 'Soil_Gravel_Sand'
[2026/02/05 18:58:35   WARN]               [BlockSetModule|P] Creating block sets: Failed to find block name 'Soil_Dirt'
[2026/02/05 18:58:35   WARN]               [BlockSetModule|P] Creating block sets: Failed to find block name 'Soil_Clay'
[2026/02/05 18:58:35   WARN]               [BlockSetModule|P] Creating block sets: Failed to find block name 'Rock_Stone'
[2026/02/05 18:58:35   WARN]               [BlockSetModule|P] Creating block sets: Failed to find block name 'Rock_Marble'
[2026/02/05 18:58:35   WARN]               [BlockSetModule|P] Creating block sets: Failed to find block name 'Rock_Chalk'
[2026/02/05 18:58:35   WARN]                [AssetStore|Item] Failed to validate asset!
Id: Tool_Hatchet_Crude
Path: /Server/Item/Items/Tool/Hatchet/Tool_Hatchet_Crude.json
Key: Recipe
Results:
	WARNING: Bench Requirement in recipe for 'Fieldcraft' should not have a delay (TimeSeconds) set!

[2026/02/05 18:58:35   WARN]                [AssetStore|Item] Failed to validate asset!
Id: Bench_Builders
Path: /Server/Item/Items/Bench/Bench_Builders.json
Key: Recipe
Results:
	WARNING: Bench Requirement in recipe for 'Fieldcraft' should not have a delay (TimeSeconds) set!

[2026/02/05 18:58:35   WARN]                [AssetStore|Item] Failed to validate asset!
Id: Furniture_Crude_Torch
Path: /Server/Item/Items/Furniture/Crude/Unique/Furniture_Crude_Torch.json
Key: Recipe
Results:
	WARNING: Bench Requirement in recipe for 'Fieldcraft' should not have a delay (TimeSeconds) set!

[2026/02/05 18:58:35   WARN]                [AssetStore|Item] Failed to validate asset!
Id: Bench_Campfire
Path: /Server/Item/Items/Bench/Bench_Campfire.json
Key: Recipe
Results:
	WARNING: Bench Requirement in recipe for 'Fieldcraft' should not have a delay (TimeSeconds) set!

[2026/02/05 18:58:35   WARN]                [AssetStore|Item] Failed to validate asset!
Id: Tool_Pickaxe_Crude
Path: /Server/Item/Items/Tool/Pickaxe/Tool_Pickaxe_Crude.json
Key: Recipe
Results:
	WARNING: Bench Requirement in recipe for 'Fieldcraft' should not have a delay (TimeSeconds) set!

[2026/02/05 18:58:35   WARN]                [AssetStore|Item] Failed to validate asset!
Id: Furniture_Crude_Chest_Small
Path: /Server/Item/Items/Furniture/Crude/Furniture_Crude_Chest_Small.json
Key: Recipe
Results:
	WARNING: Bench Requirement in recipe for 'Fieldcraft' should not have a delay (TimeSeconds) set!

[2026/02/05 18:58:35   WARN]                [AssetStore|Item] Failed to validate asset!
Id: Furniture_Crude_Bed
Path: /Server/Item/Items/Furniture/Crude/Furniture_Crude_Bed.json
Key: Recipe
Results:
	WARNING: Bench Requirement in recipe for 'Fieldcraft' should not have a delay (TimeSeconds) set!

[2026/02/05 18:58:35   WARN]                [AssetStore|Item] Failed to validate asset!
Id: Weapon_Sword_Crude
Path: /Server/Item/Items/Weapon/Sword/Weapon_Sword_Crude.json
Key: Recipe
Results:
	WARNING: Bench Requirement in recipe for 'Fieldcraft' should not have a delay (TimeSeconds) set!

[2026/02/05 18:58:35   WARN]         [AssetStore|Interaction] Unused key(s) in '**Template_Weapon_Crossbow_InteractionVars_Guard_Bash_Interactions_1': Effects, StatModifiers
[2026/02/05 18:58:35   WARN]         [AssetStore|Interaction] Unused key(s) in '**Weapon_Staff_Thorium_InteractionVars_Staff_Cast_Summon_Charged_Interactions_0': Costs
[2026/02/05 18:58:35   WARN]         [AssetStore|Interaction] Unused key(s) in '**Weapon_Staff_Iron_InteractionVars_Staff_Cast_Summon_Charged_Interactions_0': Costs
[2026/02/05 18:58:35   WARN]         [AssetStore|Interaction] Unused key(s) in '**Weapon_Staff_Bone_InteractionVars_Staff_Cast_Summon_Charged_Interactions_0': Costs
[2026/02/05 18:58:35   WARN]         [AssetStore|Interaction] Unused key(s) in '**Weapon_Staff_Wood_InteractionVars_Staff_Cast_Summon_Charged_Interactions_0': Costs
[2026/02/05 18:58:35   WARN]         [AssetStore|Interaction] Unused key(s) in '**Weapon_Staff_Cane_InteractionVars_Staff_Cast_Summon_Charged_Interactions_0': Costs
[2026/02/05 18:58:35   WARN]         [AssetStore|Interaction] Unused key(s) in '**Template_Weapon_Shield_InteractionVars_Guard_Bash_Interactions_1': Effects, StatModifiers
[2026/02/05 18:58:35   WARN]         [AssetStore|Interaction] Unused key(s) in '**Weapon_Staff_Onion_InteractionVars_Staff_Cast_Summon_Charged_Interactions_0': Costs
[2026/02/05 18:58:35   WARN]         [AssetStore|Interaction] Unused key(s) in '**Halloween_Broomstick_InteractionVars_Staff_Cast_Summon_Charged_Interactions_0': Costs
[2026/02/05 18:58:35   WARN]         [AssetStore|Interaction] Unused key(s) in '**Weapon_Staff_Copper_InteractionVars_Staff_Cast_Summon_Charged_Interactions_0': Costs
[2026/02/05 18:58:35   WARN]         [AssetStore|Interaction] Unused key(s) in '**Weapon_Staff_Doomed_InteractionVars_Staff_Cast_Summon_Charged_Interactions_0': Costs
[2026/02/05 18:58:35   WARN]         [AssetStore|Interaction] Unused key(s) in '**Weapon_Staff_Cobalt_InteractionVars_Staff_Cast_Summon_Charged_Interactions_0': Costs
[2026/02/05 18:58:35   WARN]         [AssetStore|Interaction] Unused key(s) in '**Weapon_Staff_Adamantite_InteractionVars_Staff_Cast_Summon_Charged_Interactions_0': Costs
[2026/02/05 18:58:35   WARN]         [AssetStore|Interaction] Unused key(s) in '**Weapon_Staff_Bo_Bamboo_InteractionVars_Staff_Cast_Summon_Charged_Interactions_0': Costs
[2026/02/05 18:58:35   WARN]         [AssetStore|Interaction] Unused key(s) in '**Weapon_Staff_Mithril_InteractionVars_Staff_Cast_Summon_Charged_Interactions_0': Costs
[2026/02/05 18:58:35   WARN]         [AssetStore|Interaction] Unused key(s) in '**Weapon_Staff_Wood_Kweebec_InteractionVars_Staff_Cast_Summon_Charged_Interactions_0': Costs
[2026/02/05 18:58:35   WARN]         [AssetStore|Interaction] Unused key(s) in '**Weapon_Staff_Wood_Rotten_InteractionVars_Staff_Cast_Summon_Charged_Interactions_0': Costs
[2026/02/05 18:58:35   WARN]         [AssetStore|Interaction] Unused key(s) in '**Weapon_Staff_Frost_InteractionVars_Staff_Cast_Summon_Charged_Interactions_0': Costs
[2026/02/05 18:58:35   WARN]         [AssetStore|Interaction] Unused key(s) in '**Template_Weapon_Shortbow_InteractionVars_Guard_Bash_Interactions_1': Effects, StatModifiers
[2026/02/05 18:58:35   WARN]         [AssetStore|Interaction] Unused key(s) in '**Weapon_Staff_Crystal_Purple_InteractionVars_Staff_Cast_Summon_Charged_Interactions_0': Costs
[2026/02/05 18:58:35   WARN]         [AssetStore|Interaction] Unused key(s) in '**Weapon_Staff_Crystal_Red_InteractionVars_Staff_Cast_Summon_Charged_Interactions_0': Costs
[2026/02/05 18:58:35   WARN]         [AssetStore|Interaction] Unused key(s) in '**Weapon_Staff_Wizard_InteractionVars_Staff_Cast_Summon_Charged_Interactions_0': Costs
[2026/02/05 18:58:35   WARN]         [AssetStore|Interaction] Unused key(s) in '**Weapon_Staff_Bronze_InteractionVars_Staff_Cast_Summon_Charged_Interactions_0': Costs
[2026/02/05 18:58:35   WARN]         [AssetStore|Interaction] Unused key(s) in '**Weapon_Staff_Onyxium_InteractionVars_Staff_Cast_Summon_Charged_Interactions_0': Costs
[2026/02/05 18:58:35   WARN]         [AssetStore|Interaction] Unused key(s) in '**Weapon_Staff_Crystal_Flame_InteractionVars_Fireball_Impact_2_Interactions_0': EntityStatsOnHit
[2026/02/05 18:58:35   WARN]         [AssetStore|Interaction] Unused key(s) in '**Weapon_Staff_Bo_Wood_InteractionVars_Staff_Cast_Summon_Charged_Interactions_0': Costs
[2026/02/05 18:58:35   WARN]         [AssetStore|Interaction] Unused key(s) in '**Weapon_Shield_Copper_InteractionVars_Guard_Bash_Interactions_0': Effects, StatModifiers
[2026/02/05 18:58:35   WARN]         [AssetStore|Interaction] Unused key(s) in '**Weapon_Staff_Crystal_Fire_Trork_InteractionVars_Staff_Cast_Summon_Charged_Interactions_0': Costs
[2026/02/05 18:58:35   WARN]         [AssetStore|Interaction] Unused key(s) in '**Weapon_Staff_Crystal_Flame_InteractionVars_Fireball_Impact_3_Interactions_0': EntityStatsOnHit
[2026/02/05 18:58:35   WARN]         [AssetStore|Interaction] Unused key(s) in '***Plant_Crop_Mushroom_Glowing_Violet_Interactions_Secondary_Interactions_0_Next': Effects
[2026/02/05 18:58:35   WARN]         [AssetStore|Interaction] Unused key(s) in '***Plant_Seaweed_Grass_Stack_Interactions_Secondary_Interactions_0_Next': Effects
[2026/02/05 18:58:35   WARN]         [AssetStore|Interaction] Unused key(s) in '***Plant_Crop_Mushroom_Glowing_Green_Interactions_Secondary_Interactions_0_Next': Effects
[2026/02/05 18:58:35   WARN]         [AssetStore|Interaction] Unused key(s) in '***Plant_Crop_Mushroom_Glowing_Purple_Interactions_Secondary_Interactions_0_Next': Effects
[2026/02/05 18:58:35   WARN]         [AssetStore|Interaction] Unused key(s) in '***Plant_Crop_Mushroom_Glowing_Red_Interactions_Secondary_Interactions_0_Next': Effects
[2026/02/05 18:58:35   WARN]         [AssetStore|Interaction] Unused key(s) in '***Plant_Crop_Mushroom_Glowing_Orange_Interactions_Secondary_Interactions_0_Next': Effects
[2026/02/05 18:58:35   WARN]         [AssetStore|Interaction] Unused key(s) in '***Plant_Crop_Mushroom_Glowing_Blue_Interactions_Secondary_Interactions_0_Next': Effects
[2026/02/05 18:58:35   WARN]                [AssetStore|Item] Failed to find inherited parent asset Deco_Bucket (BlockType) for *Deco_Bucket_State_Filled_Mosshorn_Milk
[2026/02/05 18:58:35   WARN]                [AssetStore|Item] Failed to find inherited parent asset Deco_Tankard (BlockType) for *Deco_Tankard_State_Filled_Water
[2026/02/05 18:58:35   WARN]                [AssetStore|Item] Failed to find inherited parent asset Deco_Bucket (BlockType) for *Deco_Bucket_State_Filled_Water
[2026/02/05 18:58:35   WARN]                [AssetStore|Item] Failed to find inherited parent asset Deco_Bucket (BlockType) for *Deco_Bucket_State_Filled_Milk
[2026/02/05 18:58:35   WARN]                [AssetStore|Item] Failed to find inherited parent asset Container_Bucket (BlockType) for *Container_Bucket_State_Filled_Water
[2026/02/05 18:58:35   WARN]                [AssetStore|Item] Failed to find inherited parent asset Container_Bucket (BlockType) for *Container_Bucket_State_Filled_Mosshorn_Milk
[2026/02/05 18:58:35   WARN]                [AssetStore|Item] Failed to find inherited parent asset Deco_Mug (BlockType) for *Deco_Mug_State_Filled_Water
[2026/02/05 18:58:35   WARN]                [AssetStore|Item] Failed to find inherited parent asset Container_Bucket (BlockType) for *Container_Bucket_State_Filled_Milk
[2026/02/05 18:58:35   WARN]               [BlockSetModule|P] Creating block sets: Failed to find block name 'Furniture_Temple_Light_Statue'
[2026/02/05 18:58:35   WARN]               [BlockSetModule|P] Creating block sets: Failed to find block name 'Ingredient_Hay'
[2026/02/05 18:58:35   WARN]               [BlockSetModule|P] Creating block sets: Failed to find block name 'Wood_Softwood_Planks'
[2026/02/05 18:58:35   WARN]               [BlockSetModule|P] Creating block sets: Failed to find block name 'Furniture_Feran_Bed'
[2026/02/05 18:58:35   WARN]               [BlockSetModule|P] Creating block sets: Failed to find block name 'Coop_Chicken'
[2026/02/05 18:58:35   WARN]               [BlockSetModule|P] Creating block sets: Failed to find hitbox name 'Fence'
[2026/02/05 18:58:35   WARN]               [BlockSetModule|P] Creating block sets: Failed to find hitbox name 'Fence_Gate'
[2026/02/05 18:58:35   WARN]               [BlockSetModule|P] Creating block sets: Failed to find hitbox name 'Fence_Gate_Open_In'
[2026/02/05 18:58:35   WARN]               [BlockSetModule|P] Creating block sets: Failed to find hitbox name 'Fence_Gate_Open_Out'
[2026/02/05 18:58:35   WARN]               [BlockSetModule|P] Creating block sets: Failed to find hitbox name 'Fence_Thin'
[2026/02/05 18:58:35   WARN]               [BlockSetModule|P] Creating block sets: Failed to find hitbox name 'Fence_Thick'
[2026/02/05 18:58:35   WARN]               [BlockSetModule|P] Creating block sets: Failed to find hitbox name 'Fence_Corner'
[2026/02/05 18:58:35   WARN]               [BlockSetModule|P] Creating block sets: Failed to find hitbox name 'Fence_Corner_Thin'
[2026/02/05 18:58:35   WARN]               [BlockSetModule|P] Creating block sets: Failed to find hitbox name 'Fence_Corner_Thick'
[2026/02/05 18:58:35   WARN]               [BlockSetModule|P] Creating block sets: Failed to find block name 'Furniture_Crude_Bed'
[2026/02/05 18:58:35   WARN]               [BlockSetModule|P] Creating block sets: Failed to find block name 'Soil_Grass'
[2026/02/05 18:58:35   WARN]               [BlockSetModule|P] Creating block sets: Failed to find block name 'Soil_Dirt'
[2026/02/05 18:58:35   WARN]               [BlockSetModule|P] Creating block sets: Failed to find block name 'Soil_Dirt_Poisoned'
[2026/02/05 18:58:35   WARN]               [BlockSetModule|P] Creating block sets: Failed to find block name 'Soil_Mud'
[2026/02/05 18:58:35   WARN]               [BlockSetModule|P] Creating block sets: Failed to find block name 'Deco_Bone_Pile'
[2026/02/05 18:58:35   WARN]               [BlockSetModule|P] Creating block sets: Failed to find block name 'Deco_Bone_Skulls'
[2026/02/05 18:58:35   WARN]               [BlockSetModule|P] Creating block sets: Failed to find block name 'Soil_Gravel_Sand'
[2026/02/05 18:58:35   WARN]               [BlockSetModule|P] Creating block sets: Failed to find block name 'Soil_Dirt'
[2026/02/05 18:58:35   WARN]               [BlockSetModule|P] Creating block sets: Failed to find block name 'Soil_Clay'
[2026/02/05 18:58:35   WARN]               [BlockSetModule|P] Creating block sets: Failed to find block name 'Rock_Stone'
[2026/02/05 18:58:35   WARN]               [BlockSetModule|P] Creating block sets: Failed to find block name 'Rock_Marble'
[2026/02/05 18:58:35   WARN]               [BlockSetModule|P] Creating block sets: Failed to find block name 'Rock_Chalk'
[2026/02/05 18:58:35   WARN]                [AssetStore|Item] Failed to find inherited parent asset Template_Crop_Item (BlockType) for Plant_Crop_Wheat_Item
[2026/02/05 18:58:35   WARN]                [AssetStore|Item] Failed to find inherited parent asset Template_Crop_Item (BlockType) for Plant_Crop_Corn_Item
[2026/02/05 18:58:35   WARN]                [AssetStore|Item] Failed to find inherited parent asset Template_Crop_Item (BlockType) for Plant_Crop_Lettuce_Item
[2026/02/05 18:58:35   WARN]                [AssetStore|Item] Failed to find inherited parent asset Template_Crop_Item (BlockType) for Plant_Crop_Onion_Item
[2026/02/05 18:58:35   WARN]                [AssetStore|Item] Failed to find inherited parent asset Template_Crop_Item (BlockType) for Plant_Crop_Carrot_Item
[2026/02/05 18:58:35   WARN]                [AssetStore|Item] Failed to find inherited parent asset Template_Crop_Item (BlockType) for Plant_Crop_Aubergine_Item
[2026/02/05 18:58:35   WARN]                [AssetStore|Item] Failed to find inherited parent asset Template_Crop_Item (BlockType) for Plant_Crop_Turnip_Item
[2026/02/05 18:58:35   WARN]                [AssetStore|Item] Failed to find inherited parent asset Template_Crop_Item (BlockType) for Plant_Crop_Potato_Item
[2026/02/05 18:58:35   WARN]                [AssetStore|Item] Failed to find inherited parent asset Template_Crop_Item (BlockType) for Plant_Crop_Pumpkin_Item
[2026/02/05 18:58:35   WARN]                [AssetStore|Item] Failed to find inherited parent asset Template_Crop_Item (BlockType) for Plant_Crop_Tomato_Item
[2026/02/05 18:58:35   WARN]                [AssetStore|Item] Failed to find inherited parent asset Template_Crop_Item (BlockType) for Plant_Crop_Rice_Item
[2026/02/05 18:58:35   WARN]                [AssetStore|Item] Failed to find inherited parent asset Template_Crop_Item (BlockType) for Plant_Crop_Chilli_Item
[2026/02/05 18:58:35   WARN]                [AssetStore|Item] Failed to find inherited parent asset Template_Crop_Item (BlockType) for Plant_Crop_Cauliflower_Item
[2026/02/05 18:58:35   WARN]         [AssetStore|Interaction] Unused key(s) in '**Teleporter_Interactions_Use_Interactions_0': Page.WarpNameWordList
[2026/02/05 18:58:35   WARN]         [AssetStore|Interaction] Unused key(s) in '**Portal_Device_Interactions_Use_Interactions_0': Page.Config.GameplayConfig
[2026/02/05 18:58:36   WARN]           [AssetStore|BlockType] Unused key(s) in '*Prototype_Geyser_State_Definitions_Off': SoundEventId
[2026/02/05 18:58:36   WARN]           [AssetStore|BlockType] Unused key(s) in '*Prototype_Geyser_State_Definitions_On': SoundEventId
[2026/02/05 18:58:36   WARN]         [AssetStore|Interaction] Unused key(s) in '***Teleporter_State_Definitions_Active_Interactions_Use_Interactions_0': Page.WarpNameWordList
[2026/02/05 18:58:36   WARN]      [AssetStore|GameplayConfig] Unused key(s) in 'Default' file /Server/GameplayConfigs/Default.json: Ping
[2026/02/05 18:58:36   WARN]      [AssetStore|GameplayConfig] Unused key(s) in 'Default_Instance' file /Server/GameplayConfigs/Default_Instance.json: Death.LoseItems
[2026/02/05 18:58:36   INFO]            [AssetRegistryLoader] Took 4sec 832ms 315us 700ns to load all assets
[2026/02/05 18:58:36   INFO]                         [Hytale] Loading assets from: C:\Users\mateu\AppData\Roaming\Hytale\UserData\Saves\TesteEntiny\mods\HF_HorseFollow\Server
[2026/02/05 18:58:36   INFO]            [AssetRegistryLoader] Loading assets from C:\Users\mateu\AppData\Roaming\Hytale\UserData\Saves\TesteEntiny\mods\HF_HorseFollow\Server
[2026/02/05 18:58:36   INFO]            [AssetRegistryLoader] Took 14ms 266us to load all assets
[2026/02/05 18:58:36   INFO]                         [Hytale] Loading NPC assets phase...
[2026/02/05 18:58:36   INFO]                          [NPC|P] Starting to load NPC builders!
[2026/02/05 18:58:36   WARN]                          [NPC|P] Replacing asset 'Test_Patrol_Path' of file '/Server/NPC/Roles/_Core/Tests_Development/Test_Patrol_Path.json' with other file '/Server/NPC/Roles/_Core/Tests/Paths/Test_Patrol_Path.json'
[2026/02/05 18:58:38   INFO]                          [NPC|P] Validating loaded NPC configurations...
[2026/02/05 18:58:38   WARN]                          [NPC|P] Animation Eat does not exist for model Trillodon!
[2026/02/05 18:58:38   WARN]                          [NPC|P] Animation Curious does not exist for model Trillodon!
[2026/02/05 18:58:38   WARN]                          [NPC|P] Animation GreetAnimation does not exist for model Trillodon!
[2026/02/05 18:58:38   WARN]                          [NPC|P] Animation Eat does not exist for model Spark_Living!
[2026/02/05 18:58:38   WARN]                          [NPC|P] Animation Curious does not exist for model Spark_Living!
[2026/02/05 18:58:38   WARN]                          [NPC|P] Animation GreetAnimation does not exist for model Spark_Living!
[2026/02/05 18:58:38   WARN]                          [NPC|P] Animation GreetAnimation does not exist for model Tortoise!
[2026/02/05 18:58:38   WARN]                          [NPC|P] Animation Eat does not exist for model Lizard_Sand!
[2026/02/05 18:58:38   WARN]                          [NPC|P] Animation Curious does not exist for model Lizard_Sand!
[2026/02/05 18:58:38   WARN]                          [NPC|P] Animation GreetAnimation does not exist for model Lizard_Sand!
[2026/02/05 18:58:38   WARN]                          [NPC|P] Animation Wave does not exist for model Temple_Mithril_Guard!
[2026/02/05 18:58:38   WARN]                          [NPC|P] Animation Rally does not exist for model Outlander_Sorcerer!
[2026/02/05 18:58:38   WARN]                          [NPC|P] Animation Alerted does not exist for model Scarak_Broodmother!
[2026/02/05 18:58:38   WARN]                          [NPC|P] Animation Leap does not exist for model Goblin_Duke_Large!
[2026/02/05 18:58:38   WARN]                          [NPC|P] Animation Sleep does not exist for model Slug_Magma!
[2026/02/05 18:58:38   WARN]                          [NPC|P] Animation Alerted does not exist for model Slug_Magma!
[2026/02/05 18:58:38   WARN]                          [NPC|P] Animation Laydown does not exist for model Slug_Magma!
[2026/02/05 18:58:38   WARN]                          [NPC|P] Animation Wake does not exist for model Slug_Magma!
[2026/02/05 18:58:38   WARN]                          [NPC|P] Animation Eat does not exist for model Hatworm!
[2026/02/05 18:58:38   WARN]                          [NPC|P] Animation Curious does not exist for model Hatworm!
[2026/02/05 18:58:38   WARN]                          [NPC|P] Animation GreetAnimation does not exist for model Hatworm!
[2026/02/05 18:58:38   WARN]                          [NPC|P] Animation Leap does not exist for model Goblin_Duke!
[2026/02/05 18:58:38   WARN]                          [NPC|P] Animation Alerted does not exist for model Kweebec_Rootling!
[2026/02/05 18:58:38   WARN]                          [NPC|P] Animation Sleep does not exist for model Tuluk_Fisherman!
[2026/02/05 18:58:38   WARN]                          [NPC|P] Animation Alerted does not exist for model Tuluk_Fisherman!
[2026/02/05 18:58:38   WARN]                          [NPC|P] Animation Laydown does not exist for model Tuluk_Fisherman!
[2026/02/05 18:58:38   WARN]                          [NPC|P] Animation Wake does not exist for model Tuluk_Fisherman!
[2026/02/05 18:58:38   WARN]                          [NPC|P] Animation Alerted does not exist for model Scarak_Broodmother!
[2026/02/05 18:58:38   WARN]                          [NPC|P] Animation Wave does not exist for model Frog_Blue!
[2026/02/05 18:58:38   WARN]                          [NPC|P] Animation Wave does not exist for model Frog_Orange!
[2026/02/05 18:58:38   WARN]                          [NPC|P] Animation Alerted does not exist for model Scarak_Broodmother!
[2026/02/05 18:58:38   WARN]                          [NPC|P] Animation Leap does not exist for model Goblin_Duke!
[2026/02/05 18:58:38   WARN]                          [NPC|P] Animation Sleep does not exist for model Wraith_Lantern!
[2026/02/05 18:58:38   WARN]                          [NPC|P] Animation Alerted does not exist for model Wraith_Lantern!
[2026/02/05 18:58:38   WARN]                          [NPC|P] Animation Laydown does not exist for model Wraith_Lantern!
[2026/02/05 18:58:38   WARN]                          [NPC|P] Animation Wake does not exist for model Wraith_Lantern!
[2026/02/05 18:58:38   WARN]                          [NPC|P] Animation Rally does not exist for model Outlander_Priest!
[2026/02/05 18:58:38   INFO]                          [NPC|P] Validation complete.
[2026/02/05 18:58:38   INFO]                          [NPC|P] Loaded 897 NPC configurations, Test: 243, Component: 143, Abstract: 51, Variant: 418, Generic: 44
[2026/02/05 18:58:38   INFO]                          [NPC|P] Starting to load NPC builders!
[2026/02/05 18:58:38   INFO]                          [NPC|P] Validating loaded NPC configurations...
[2026/02/05 18:58:38   WARN]                          [NPC|P] Animation Eat does not exist for model Trillodon!
[2026/02/05 18:58:38   WARN]                          [NPC|P] Animation Curious does not exist for model Trillodon!
[2026/02/05 18:58:38   WARN]                          [NPC|P] Animation GreetAnimation does not exist for model Trillodon!
[2026/02/05 18:58:38   WARN]                          [NPC|P] Animation Eat does not exist for model Spark_Living!
[2026/02/05 18:58:38   WARN]                          [NPC|P] Animation Curious does not exist for model Spark_Living!
[2026/02/05 18:58:38   WARN]                          [NPC|P] Animation GreetAnimation does not exist for model Spark_Living!
[2026/02/05 18:58:38   WARN]                          [NPC|P] Animation GreetAnimation does not exist for model Tortoise!
[2026/02/05 18:58:38   WARN]                          [NPC|P] Animation Eat does not exist for model Lizard_Sand!
[2026/02/05 18:58:38   WARN]                          [NPC|P] Animation Curious does not exist for model Lizard_Sand!
[2026/02/05 18:58:38   WARN]                          [NPC|P] Animation GreetAnimation does not exist for model Lizard_Sand!
[2026/02/05 18:58:38   WARN]                          [NPC|P] Animation Wave does not exist for model Temple_Mithril_Guard!
[2026/02/05 18:58:38   WARN]                          [NPC|P] Animation Rally does not exist for model Outlander_Sorcerer!
[2026/02/05 18:58:38   WARN]                          [NPC|P] Animation Alerted does not exist for model Scarak_Broodmother!
[2026/02/05 18:58:38   WARN]                          [NPC|P] Animation Leap does not exist for model Goblin_Duke_Large!
[2026/02/05 18:58:38   WARN]                          [NPC|P] Animation Sleep does not exist for model Slug_Magma!
[2026/02/05 18:58:38   WARN]                          [NPC|P] Animation Alerted does not exist for model Slug_Magma!
[2026/02/05 18:58:38   WARN]                          [NPC|P] Animation Laydown does not exist for model Slug_Magma!
[2026/02/05 18:58:38   WARN]                          [NPC|P] Animation Wake does not exist for model Slug_Magma!
[2026/02/05 18:58:38   WARN]                          [NPC|P] Animation Eat does not exist for model Hatworm!
[2026/02/05 18:58:38   WARN]                          [NPC|P] Animation Curious does not exist for model Hatworm!
[2026/02/05 18:58:38   WARN]                          [NPC|P] Animation GreetAnimation does not exist for model Hatworm!
[2026/02/05 18:58:38   WARN]                          [NPC|P] Animation Leap does not exist for model Goblin_Duke!
[2026/02/05 18:58:38   WARN]                          [NPC|P] Animation Alerted does not exist for model Kweebec_Rootling!
[2026/02/05 18:58:38   WARN]                          [NPC|P] Animation Sleep does not exist for model Tuluk_Fisherman!
[2026/02/05 18:58:38   WARN]                          [NPC|P] Animation Alerted does not exist for model Tuluk_Fisherman!
[2026/02/05 18:58:38   WARN]                          [NPC|P] Animation Laydown does not exist for model Tuluk_Fisherman!
[2026/02/05 18:58:38   WARN]                          [NPC|P] Animation Wake does not exist for model Tuluk_Fisherman!
[2026/02/05 18:58:38   WARN]                          [NPC|P] Animation Alerted does not exist for model Scarak_Broodmother!
[2026/02/05 18:58:38   WARN]                          [NPC|P] Animation Wave does not exist for model Frog_Blue!
[2026/02/05 18:58:38   WARN]                          [NPC|P] Animation Wave does not exist for model Frog_Orange!
[2026/02/05 18:58:38   WARN]                          [NPC|P] Animation Alerted does not exist for model Scarak_Broodmother!
[2026/02/05 18:58:38   WARN]                          [NPC|P] Animation Leap does not exist for model Goblin_Duke!
[2026/02/05 18:58:38   WARN]                          [NPC|P] Animation Sleep does not exist for model Wraith_Lantern!
[2026/02/05 18:58:38   WARN]                          [NPC|P] Animation Alerted does not exist for model Wraith_Lantern!
[2026/02/05 18:58:38   WARN]                          [NPC|P] Animation Laydown does not exist for model Wraith_Lantern!
[2026/02/05 18:58:38   WARN]                          [NPC|P] Animation Wake does not exist for model Wraith_Lantern!
[2026/02/05 18:58:38   WARN]                          [NPC|P] Animation Rally does not exist for model Outlander_Priest!
[2026/02/05 18:58:38   INFO]                          [NPC|P] Validation complete.
[2026/02/05 18:58:38   INFO]                          [NPC|P] Loaded 897 NPC configurations
[2026/02/05 18:58:38   INFO]                         [Hytale] Loading NPC assets phase completed! Boot time 14sec 251ms 41us, Took 2sec 152ms 114us 700ns
[2026/02/05 18:58:38   INFO]                         [Hytale] Validating Spawn assets phase...
[2026/02/05 18:58:38   INFO]                         [Hytale] Spawn assets validation phase completed! Boot time 14sec 253ms 768us 600ns, Took 2ms 398us 900ns
[2026/02/05 18:58:38   INFO]                   [I18nModule|P] Loaded 7870 entries for 'en-US' from /Server/Languages
[2026/02/05 18:58:38   INFO]                   [I18nModule|P] Loaded 51 entries from /Server/Languages/fallback.lang
-=|Setup|0.0
[2026/02/05 18:58:38   INFO]                   [HytaleServer] Starting plugin manager...
-=|Starting|1.0
[2026/02/05 18:58:38   INFO]                  [PluginManager] Enabled plugin Hytale:WorldLocationCondition
-=|Starting|2.0
[2026/02/05 18:58:38   INFO]                  [PluginManager] Enabled plugin Hytale:ServerManager
-=|Starting|4.0
[2026/02/05 18:58:38   INFO]                  [PluginManager] Enabled plugin Hytale:SprintForce
-=|Starting|5.0
[2026/02/05 18:58:38   INFO]                  [PluginManager] Enabled plugin Hytale:MigrationModule
-=|Starting|6.0
[2026/02/05 18:58:38   INFO]                  [PluginManager] Enabled plugin Hytale:AssetModule
-=|Starting|7.000000000000001
[2026/02/05 18:58:38   INFO]                  [PluginManager] Enabled plugin Hytale:ConsoleModule
-=|Starting|8.0
[2026/02/05 18:58:38   INFO]                  [PluginManager] Enabled plugin Hytale:TimeModule
-=|Starting|10.0
[2026/02/05 18:58:38   INFO]                  [PluginManager] Enabled plugin Hytale:CollisionModule
-=|Starting|11.0
[2026/02/05 18:58:38   INFO]                  [PluginManager] Enabled plugin Hytale:DebugPlugin
-=|Starting|12.0
[2026/02/05 18:58:38   INFO]                  [PluginManager] Enabled plugin Hytale:SplitVelocity
-=|Starting|13.0
[2026/02/05 18:58:38   INFO]                  [PluginManager] Enabled plugin Hytale:Model
-=|Starting|14.000000000000002
[2026/02/05 18:58:38   INFO]                  [PluginManager] Enabled plugin Hytale:CrouchSlide
[2026/02/05 18:58:38   INFO]                [ServerManager|P] Listening on /127.0.0.1:55674 and took 8ms 94us 500ns
[2026/02/05 18:58:38   INFO]                [ServerManager|P] Listening on /[0:0:0:0:0:0:0:1]:55674 and took 2ms 125us 400ns
-=|Starting|16.0
[2026/02/05 18:58:38   INFO]                  [PluginManager] Enabled plugin Hytale:Universe
-=|Starting|17.0
[2026/02/05 18:58:38   INFO]                  [PluginManager] Enabled plugin Hytale:TagSet
[2026/02/05 18:58:38   INFO]                   [UpdateModule] Update checker disabled: singleplayer mode
-=|Starting|18.0
[2026/02/05 18:58:38   INFO]                  [PluginManager] Enabled plugin Hytale:UpdateModule
[2026/02/05 18:58:38   INFO]                  [World|default] Loading world 'default' with generator type: 'HytaleWorldGenProvider{name='Default', path='null'}' and chunk storage: 'DefaultChunkStorageProvider{DEFAULT=IndexedStorageChunkStorageProvider{}}'...
-=|Starting|19.0
[2026/02/05 18:58:38   INFO]                  [PluginManager] Enabled plugin Hytale:AccessControlModule
-=|Starting|20.0
[2026/02/05 18:58:38   INFO]                  [PluginManager] Enabled plugin Hytale:CommandMacro
-=|Starting|22.0
[2026/02/05 18:58:38   INFO]                  [PluginManager] Enabled plugin Hytale:SafetyRoll
-=|Starting|23.0
[2026/02/05 18:58:38   INFO]                  [PluginManager] Enabled plugin Hytale:HytaleGenerator
-=|Starting|24.0
[2026/02/05 18:58:38   INFO]                  [PluginManager] Enabled plugin Hytale:ItemModule
-=|Starting|25.0
[2026/02/05 18:58:38   INFO]                  [PluginManager] Enabled plugin Hytale:CommonAssetModule
-=|Starting|27.0
[2026/02/05 18:58:38   INFO]                  [PluginManager] Enabled plugin Hytale:CosmeticsModule
-=|Starting|28.000000000000004
[2026/02/05 18:58:38   INFO]                  [PluginManager] Enabled plugin Hytale:I18nModule
-=|Starting|28.999999999999996
[2026/02/05 18:58:38   INFO]                  [PluginManager] Enabled plugin Hytale:LegacyModule
-=|Starting|30.0
[2026/02/05 18:58:38   INFO]                  [PluginManager] Enabled plugin Hytale:LANDiscovery
-=|Starting|31.0
[2026/02/05 18:58:38   INFO]                  [PluginManager] Enabled plugin Hytale:Mantling
[2026/02/05 18:58:38   INFO]                  [World|default] Added world 'default' - Seed: 1770317918681, GameTime: 0001-01-01T05:30:00Z
-=|Starting|33.0
[2026/02/05 18:58:38   INFO]                  [PluginManager] Enabled plugin Hytale:PermissionsModule
-=|Starting|34.0
[2026/02/05 18:58:38   INFO]                  [PluginManager] Enabled plugin Hytale:Deployables
-=|Starting|35.0
[2026/02/05 18:58:38   INFO]                  [PluginManager] Enabled plugin Hytale:BlockSetModule
-=|Starting|36.0
[2026/02/05 18:58:38   INFO]                  [PluginManager] Enabled plugin Hytale:FlyCameraModule
-=|Starting|37.0
[2026/02/05 18:58:38   INFO]                  [PluginManager] Enabled plugin Hytale:EntityModule
-=|Starting|39.0
[2026/02/05 18:58:38   INFO]                  [PluginManager] Enabled plugin Hytale:BlockTick
-=|Starting|40.0
[2026/02/05 18:58:38   INFO]                  [PluginManager] Enabled plugin Hytale:BlockHealthModule
-=|Starting|41.0
[2026/02/05 18:58:38   INFO]                  [PluginManager] Enabled plugin Hytale:InteractionModule
-=|Starting|42.0
[2026/02/05 18:58:38   INFO]                  [PluginManager] Enabled plugin Hytale:ServerPlayerListModule
-=|Starting|43.0
[2026/02/05 18:58:38   INFO]                  [PluginManager] Enabled plugin Hytale:ConnectedBlocksModule
-=|Starting|45.0
[2026/02/05 18:58:38   INFO]                  [PluginManager] Enabled plugin Hytale:BlockTypeModule
-=|Starting|46.0
[2026/02/05 18:58:38   INFO]                  [PluginManager] Enabled plugin Hytale:BlockModule
-=|Starting|47.0
[2026/02/05 18:58:38   INFO]                  [PluginManager] Enabled plugin Hytale:Weather
-=|Starting|48.0
[2026/02/05 18:58:38   INFO]                  [PluginManager] Enabled plugin Hytale:Reputation
-=|Starting|49.0
[2026/02/05 18:58:38   INFO]                  [PluginManager] Enabled plugin Hytale:Parkour
-=|Starting|51.0
[2026/02/05 18:58:38   INFO]                  [PluginManager] Enabled plugin Hytale:ProjectileModule
-=|Starting|52.0
[2026/02/05 18:58:38   INFO]                  [PluginManager] Enabled plugin Hytale:Teleport
-=|Starting|53.0
[2026/02/05 18:58:38   INFO]                  [PluginManager] Enabled plugin Hytale:WorldGen
-=|Starting|54.0
[2026/02/05 18:58:38   INFO]                  [PluginManager] Enabled plugin Hytale:BlockStateModule
-=|Starting|55.00000000000001
[2026/02/05 18:58:38   INFO]                  [PluginManager] Enabled plugin Hytale:AssetEditor
-=|Starting|56.99999999999999
[2026/02/05 18:58:38   INFO]                  [PluginManager] Enabled plugin Hytale:Ambience
-=|Starting|57.99999999999999
[2026/02/05 18:58:38   INFO]                  [PluginManager] Enabled plugin Hytale:Teleporter
-=|Starting|59.0
[2026/02/05 18:58:38   INFO]                  [PluginManager] Enabled plugin Hytale:BlockPhysics
-=|Starting|60.0
[2026/02/05 18:58:38   INFO]                  [PluginManager] Enabled plugin Hytale:BuilderTools
-=|Starting|61.0
[2026/02/05 18:58:38   INFO]                  [PluginManager] Enabled plugin Hytale:Farming
-=|Starting|63.0
[2026/02/05 18:58:38   INFO]                  [PluginManager] Enabled plugin Hytale:Fluid
[2026/02/05 18:58:38   INFO]                [BarterShopState] No saved barter shop state found, starting fresh
[2026/02/05 18:58:38   INFO]                         [Shop|P] Barter shop state initialized
-=|Starting|64.0
[2026/02/05 18:58:38   INFO]                  [PluginManager] Enabled plugin Hytale:Shop
-=|Starting|65.0
[2026/02/05 18:58:38   INFO]                  [PluginManager] Enabled plugin Hytale:Crafting
[2026/02/05 18:58:38   INFO]           [SingleplayerModule|P] Client PID: 18488
-=|Starting|66.0
[2026/02/05 18:58:38   INFO]                  [PluginManager] Enabled plugin Hytale:SingleplayerModule
-=|Starting|67.0
[2026/02/05 18:58:38   INFO]                  [PluginManager] Enabled plugin Hytale:ShopReputation
-=|Starting|69.0
[2026/02/05 18:58:38   INFO]                  [PluginManager] Enabled plugin Hytale:EntityStatsModule
-=|Starting|70.0
[2026/02/05 18:58:38   INFO]                  [PluginManager] Enabled plugin Hytale:BlockSpawner
-=|Starting|71.0
[2026/02/05 18:58:38   INFO]                  [PluginManager] Enabled plugin Hytale:PrefabSpawnerModule
-=|Starting|72.0
[2026/02/05 18:58:38   INFO]                  [PluginManager] Enabled plugin Hytale:Instances
-=|Starting|73.0
[2026/02/05 18:58:38   INFO]                  [PluginManager] Enabled plugin Hytale:Objectives
-=|Starting|75.0
[2026/02/05 18:58:38   INFO]                  [PluginManager] Enabled plugin Hytale:Path
-=|Starting|76.0
[2026/02/05 18:58:38   INFO]                  [PluginManager] Enabled plugin Hytale:EntityUIModule
-=|Starting|77.0
[2026/02/05 18:58:38   INFO]                  [PluginManager] Enabled plugin Hytale:Stash
-=|Starting|78.0
[2026/02/05 18:58:38   INFO]                  [PluginManager] Enabled plugin Hytale:StaminaModule
-=|Starting|80.0
[2026/02/05 18:58:38   INFO]                  [PluginManager] Enabled plugin Hytale:ObjectiveShop
-=|Starting|81.0
[2026/02/05 18:58:38   INFO]                  [PluginManager] Enabled plugin Hytale:ObjectiveReputation
-=|Starting|82.0
[2026/02/05 18:58:38   INFO]                  [PluginManager] Enabled plugin Hytale:CreativeHub
-=|Starting|83.0
[2026/02/05 18:58:38   INFO]                  [PluginManager] Enabled plugin Hytale:DamageModule
-=|Starting|84.0
[2026/02/05 18:58:38   INFO]                  [PluginManager] Enabled plugin Hytale:Camera
-=|Starting|86.0
[2026/02/05 18:58:38   INFO]                  [PluginManager] Enabled plugin Hytale:NPC
-=|Starting|87.0
[2026/02/05 18:58:38   INFO]                  [PluginManager] Enabled plugin Hytale:Mounts
-=|Starting|88.0
[2026/02/05 18:58:38   INFO]                  [PluginManager] Enabled plugin Hytale:Flock
-=|Starting|89.0
[2026/02/05 18:58:38   INFO]                  [PluginManager] Enabled plugin Hytale:NPCEditor
-=|Starting|90.0
[2026/02/05 18:58:38   INFO]                  [PluginManager] Enabled plugin Hytale:Memories
-=|Starting|92.0
[2026/02/05 18:58:38   INFO]                  [PluginManager] Enabled plugin Hytale:NPCShop
-=|Starting|93.0
[2026/02/05 18:58:38   INFO]                  [PluginManager] Enabled plugin Hytale:Beds
-=|Starting|94.0
[2026/02/05 18:58:38   INFO]                  [PluginManager] Enabled plugin Hytale:Portals
-=|Starting|95.0
[2026/02/05 18:58:38   INFO]                  [PluginManager] Enabled plugin Hytale:NPCCombatActionEvaluator
-=|Starting|96.0
[2026/02/05 18:58:38   INFO]                  [PluginManager] Enabled plugin Hytale:NPCReputation
[2026/02/05 18:58:38   INFO]                     [Spawning|P] Successfully set up 96 world spawn configurations
[2026/02/05 18:58:38   INFO]                     [Spawning|P] Successfully set up 75 beacon spawn configurations
-=|Starting|98.0
[2026/02/05 18:58:38   INFO]                  [PluginManager] Enabled plugin Hytale:Spawning
-=|Starting|99.0
[2026/02/05 18:58:38   INFO]                  [PluginManager] Enabled plugin Hytale:NPCObjectives
[2026/02/05 18:58:38   INFO]                         [Hytale] Loading common assets from: /
[2026/02/05 18:58:38   INFO]            [CommonAssetModule|P] Took 7ms 335us 200ns to walk file tree and load 60 assets.
[2026/02/05 18:58:38   WARN]            [CommonAssetModule|P] Duplicated Asset Count: 973
[2026/02/05 18:58:38   INFO]                         [Hytale] Loading common assets phase completed! Boot time 7ms 631us 600ns, Took 7ms 535us 400ns
[2026/02/05 18:58:38   INFO]                         [Hytale] Loading assets from: /Server
[2026/02/05 18:58:38   INFO]            [AssetRegistryLoader] Loading assets from /Server
[2026/02/05 18:58:38   WARN]                       [TagSet|P] Tag Set 'Black_Horse' references 'Black_Horse' which is not a pattern and does not otherwise exist
[2026/02/05 18:58:38   WARN]                     [Spawning|P] NPCSpawn Spawns_Zone1_Plains_Animal references unknown NPC Black_Horse
[2026/02/05 18:58:38   INFO]                     [Spawning|P] Successfully rebuilt 1 world spawn configurations
[2026/02/05 18:58:38 SEVERE]                       [EventBus] Failed to dispatch event LoadedAssetsEvent{loadedAssets={Spawns_Zone1_Plains_Animal=>WorldNPCSpawn{moonPhaseWeightModifiers=null} NPCSpawn{id='Spawns_Zone1_Plains_Animal', npcs=[RoleSpawnParameters{id='Tetrabird', weight=5.0, spawnBlockSet=Soil, flockDefinitionId=Group_Tiny}, RoleSpawnParameters{id='Deer_Stag', weight=5.0, spawnBlockSet=Soil, flockDefinitionId=Group_Small}, RoleSpawnParameters{id='Mosshorn_Plain', weight=5.0, spawnBlockSet=Soil, flockDefinitionId=Group_Medium}, RoleSpawnParameters{id='Fox', weight=5.0, spawnBlockSet=Soil, flockDefinitionId=null}, RoleSpawnParameters{id='Chicken', weight=10.0, spawnBlockSet=Soil, flockDefinitionId=Group_Small}, RoleSpawnParameters{id='Cow', weight=10.0, spawnBlockSet=Soil, flockDefinitionId=Group_Small}, RoleSpawnParameters{id='Horse', weight=5.0, spawnBlockSet=Soil, flockDefinitionId=Group_Medium}, RoleSpawnParameters{id='Black_Horse', weight=5.0, spawnBlockSet=Soil, flockDefinitionId=Group_Medium}, RoleSpawnParameters{id='Pig', weight=10.0, spawnBlockSet=Soil, flockDefinitionId=Group_Small}, RoleSpawnParameters{id='Rabbit', weight=5.0, spawnBlockSet=Soil, flockDefinitionId=One_Or_Two}, RoleSpawnParameters{id='Sheep', weight=10.0, spawnBlockSet=Soil, flockDefinitionId=Group_Small}], despawnParameters=Null, environments=[Env_Zone1_Plains], dayTimeRange=[0.25, 0.75], moonPhaseRange=[0, 2147483647], lightTypeMap=Null, scaleDayTimeRange=true}}, initial=false, query=AssetUpdateQuery{rebuildCache=RebuildCache{blockTextures=true, models=true, modelTextures=true, mapGeometry=true, icons=true, commonAssetsRebuild=true}}} com.hypixel.hytale.assetstore.event.LoadedAssetsEvent@2984d94b to SyncEventConsumer{consumer=com.hypixel.hytale.server.spawning.SpawningPlugin$$Lambda/0x00000000b45f1c00@6aa393c0, timedConsumer=com.hypixel.hytale.event.SyncEventBusRegistry$SyncEventConsumer$$Lambda/0x00000000b3ac3200@2fecee71} EventConsumer{index=140, priority=0, consumerString='com.hypixel.hytale.server.spawning.SpawningPlugin$$Lambda/0x00000000b45f1c00@6aa393c0', timer=Metric{min=9223372036854775807, average=0.0, max=-9223372036854775808}}
com.hypixel.hytale.logger.sentry.SkipSentryException: java.lang.IllegalArgumentException: Black_Horse does not exist as a role!
	at com.hypixel.hytale.server.npc.NPCPlugin.validateSpawnableRole(NPCPlugin.java:901)
	at com.hypixel.hytale.server.spawning.SpawningPlugin.validateSpawnsConfigurations(SpawningPlugin.java:498)
	at com.hypixel.hytale.server.spawning.SpawningPlugin.onWorldNPCSpawnsLoaded(SpawningPlugin.java:650)
	at com.hypixel.hytale.event.SyncEventBusRegistry.dispatchEventMap(SyncEventBusRegistry.java:112)
	at com.hypixel.hytale.event.SyncEventBusRegistry$SyncEventConsumerMap.dispatch(SyncEventBusRegistry.java:173)
	at com.hypixel.hytale.event.SyncEventBusRegistry$SyncEventConsumerMap.dispatch(SyncEventBusRegistry.java:163)
	at com.hypixel.hytale.assetstore.AssetStore.loadAssets0(AssetStore.java:802)
	at com.hypixel.hytale.assetstore.AssetStore.loadAssetsFromPaths(AssetStore.java:377)
	at com.hypixel.hytale.assetstore.AssetStore.loadAssetsFromPaths(AssetStore.java:340)
	at com.hypixel.hytale.assetstore.AssetStore.loadAssetsFromPaths(AssetStore.java:335)
	at com.hypixel.hytale.assetstore.AssetStore.loadAssetsFromDirectory(AssetStore.java:330)
	at com.hypixel.hytale.server.core.asset.AssetRegistryLoader.loadAssets0(AssetRegistryLoader.java:236)
	at com.hypixel.hytale.server.core.asset.AssetRegistryLoader.loadAssets(AssetRegistryLoader.java:146)
	at com.hypixel.hytale.server.core.asset.AssetModule.lambda$setup$1(AssetModule.java:121)
	at com.hypixel.hytale.event.SyncEventBusRegistry.dispatchEventMap(SyncEventBusRegistry.java:112)
	at com.hypixel.hytale.event.SyncEventBusRegistry$SyncEventConsumerMap.dispatch(SyncEventBusRegistry.java:173)
	at com.hypixel.hytale.event.SyncEventBusRegistry$SyncEventConsumerMap.dispatch(SyncEventBusRegistry.java:163)
	at com.hypixel.hytale.server.core.asset.AssetModule.registerPack(AssetModule.java:335)
	at com.hypixel.hytale.server.core.plugin.JavaPlugin.start0(JavaPlugin.java:61)
	at com.hypixel.hytale.server.core.plugin.PluginManager.start(PluginManager.java:781)
	at com.hypixel.hytale.server.core.plugin.PluginManager.start(PluginManager.java:248)
	at com.hypixel.hytale.server.core.HytaleServer.boot(HytaleServer.java:405)
	at com.hypixel.hytale.server.core.HytaleServer.<init>(HytaleServer.java:331)
	at com.hypixel.hytale.LateMain.lateMain(LateMain.java:54)
	at com.hypixel.hytale.Main.main(Main.java:43)
Caused by: java.lang.IllegalArgumentException: Black_Horse does not exist as a role!
	... 25 more

[2026/02/05 18:58:38   INFO]            [AssetRegistryLoader] Took 83ms 845us 300ns to load all assets
[2026/02/05 18:58:38   INFO]                   [I18nModule|P] Loaded 46 entries for 'pt-BR' from /Server/Languages
[2026/02/05 18:58:38   INFO]                   [I18nModule|P] Loaded 46 entries for 'en-US' from /Server/Languages
[2026/02/05 18:58:38   INFO]                      [AssetTree] Loaded Server/ asset tree! Took: 2ms 859us 700ns
[2026/02/05 18:58:38   INFO]                      [AssetTree] Loaded Common/ asset tree! Took: 782us 400ns
[2026/02/05 18:58:38   INFO]                      [AssetTree] Sorted asset tree! Took: 1ms 50us 400ns
[2026/02/05 18:58:38   INFO]                          [NPC|P] Starting to load NPC builders!
[2026/02/05 18:58:38   WARN]                          [NPC|P] Unknown JSON attribute 'IsMountable' found in Role|Abstract: /Server/NPC/Roles/_Core/Templates/Template_Animal_Tamed.json (JSON: ance":{"Value":"Deer_Stag","Description":"The NPC's model."},"WanderRadius":{"Value":7,"Description":"The wander radius of the NPC."},"ViewRange":{"Value":16,"Description":"The view distance of the NPC, in blocks."},"ViewSector":{"Value":180,"Description":"The view sector of the NPC, in degrees."},"HearingRange":{"Value":8,"Description":"The hearing distance of the NPC, in blocks."},"AbsoluteDetectionRange":{"Value":4,"Description":"The range at which a target is guaranteed to be detected, in blocks. If set to zero, absolute detection will be disabled. Within the alerted state, this value has an upper bound of 0.75 * AlertedActionRange."},"AlertedRange":{"Value":18,"Description":"The range within which the target can be seen/sensed when the NPC is alerted to their presence, in blocks. Should be higher than sense ranges."},"AlertedActionRange":{"Value":12,"Description":"The range at which an NPC will react to other NPCs and players, depending on the attitude towards them, in blocks. Should be higher than AbsoluteDetectionRange."},"LeashDistance":{"Value":20,"Description":"The range at which an NPC will start to want to return to their spawn point, in blocks."},"AttractiveItems":{"Value":["Tool_Feedbag"],"Description":"The list of items that are deemed attractive (there's a chance targets holding them will be followed)."},"LovedItems":{"Value":[],"TypeHint":"String","Description":"The list of items that are deemed very attractive (it's guaranteed targets holding them will be followed and befriended)."},"AttractiveItemsTimeout":{"Value":[15,20],"Description":"The maximum timeout after which the NPC will lose interest in attractive times, regardless of range to the target, in seconds."},"AttractiveItemsSmellTimeout":{"Value":[8,12],"Description":"The timeout after which the NPC will lose interest in attractive times, when near the target, in seconds"},"DropList":{"Value":"Empty","Description":"The NPC's drop list."},"FlockArray":{"Value":[],"TypeHint":"String","Description":"The set of NPCs belonging to this flock type"},"HorseFollowEnabled":{"Value":false,"Description":"If true, this NPC will follow its flock leader while idle (used by HorseFollow mod)."},"ClimbHeight":{"Value":1,"Description":"The maximum climb height, in blocks."},"AttitudeGroup":{"Value":"Livestock","Description":"The attitude group this NPC belongs to."},"PlayerDefaultAttitude":{"Value":"Neutral","Description":"The default attitude towards the player."},"AlertedTimeoutReaction":{"Value":[2,6],"Description":"The timeout after which an alerted NPC will make a decision on whether to befriend the target, in seconds."},"AlertedTimeoutGiveUp":{"Value":[5,12],"Description":"The timeout after which an alerted NPC will give up on the target, in seconds."},"GrazingBlockSet":{"Value":"Grass","Description":"The type of block that this NPC will graze on top of."},"FoodBlockSet":{"Value":"Hay","Description":"The type of block that this NPC will occasionally seek out to munch on."},"FoodItemSet":{"Value":["Ingredient_Hay"],"Description":"The list of dropped items that this NPC will occasionally seek out to munch on."},"DayTimePeriod":{"Value":[6.01,17.99],"Description":"The hour range considered to be daytime for this NPC (inclusive). Hours should be written with decimal fractions."},"DayTimeNapWeight":{"Value":2,"Description":"The weight used to determine if the NPC should have a short nap during the day. Set to 0 to disable."},"DayTimeNapTimeRange":{"Value":[10,12],"Description":"The duration range of daytime naps, in seconds."},"SleepInstruction":{"Value":"Component_Instruction_Wild_Sleep_State","Description":"Instruction component for Sleep state (wake on time/damage/sound). Stay role overrides to HF_Component_Instruction_Stay_Sleep_State to disable time-based wake."},"StayIdleGoToSleep":{"Value":false,"Description":"HorseFollow stay: when true, in Idle state immediately transition to Sleep (so Laydown runs). Stay role sets true."},"DayFlavorAnimation":{"Value":"","Description":"The flavor animation to play during the day. Ignored if null or empty."},"GreetAnimation":{"Value":"","Description":"The flavor animation to play when greeting another NPC or player. Ignored if null or empty."},"ChanceToTurnFriendly":{"Value":25,"Description":"The chance that the NPC will befriend the target when in the alerted state."},"ChanceToTurnFriendlyWithAttractiveItem":{"Value":50,"Description":"The chance that the NPC will befriend the target, if the latter is holding an attractive item."},"FriendlyOverrideTime":{"Value":300,"Description":"The duration of the friendly attitude override for the target, in seconds."},"FriendlyOverrideTimeWithAttractiveItem":{"Value":900,"Description":"The duration of the friendly attitude override for the target, when the latter is holding an attractive item, in seconds."},"IgnoreOverrideTime":{"Value":1200,"Description":"The duration of the ignore attitude override for the target."},"WeightGreet":{"Value":1,"Description":"The chance that the NPC will greet a friendly target."},"WeightFollowItem":{"Value":1,"Description":"The chance that the NPC will follow a friendly target holding an attractive item."},"WeightFollow":{"Value":1,"Description":"The chance that the NPC will follow friendly NPCs or players at a distance."},"WeightIgnore":{"Value":1,"Description":"The chance that the NPC will ignore friendly NPCs of players."},"IsHarvestable":{"Value":false,"Description":"Whether this NPC can be 'harvested'. This includes shearing, milking, etc."},"HarvestInteractionContext":{"Value":"","Description":"The interaction context of the harvest tool. If empty, no tool is needed to harvest the NPC."},"HarvestRequiredAttitudes":{"Value":["Friendly","Neutral","Hostile","Ignore","Revered"],"Description":"The attitude groups of players that can harvest the NPC."},"HarvestDropList":{"Value":"","Description":"The drop list that's executed when the NPC is harvested."},"HarvestParticles":{"Value":"Alerted","Description":"The particle system that is spawned when the NPC is harvested."},"HarvestSound":{"Value":"SFX_Sheep_Sheared","Description":"The sound that plays when NPC is harvested."},"HarvestTimeout":{"Value":["P1D","P1D"],"Description":"The minimum time between consecutive harvests. Expressed in the ISO-8601 time period notation, where both values of the array must have the same prefix (either 'PT' or 'P')."},"HarvestModelSlot":{"Value":"","Description":"The model attachment slot where the 'harvested' state is displayed."},"HarvestModelAttachmentHarvestable":{"Value":"","Description":"The attachment that should be rendered when the NPC can be harvested."},"HarvestModelAttachmentHarvested":{"Value":"","Description":"The attachment that should be rendered when the NPC was harvested and is in timeout."},"HarvestAddItemBucket":{"Value":"","Description":"Item to add when player holds Container_Bucket (e.g., milk bucket for milking)."},"HarvestAddItemDecoBucket":{"Value":"","Description":"Item to add when player holds Deco_Bucket (e.g., milk bucket for milking)."},"ProduceItem":{"Value":"","Description":"The item this NPC produces (poop, eggs, etc)."},"ProduceTimeout":{"Value":["PT6H","PT36H"],"Description":"The timeout between consecutive produces."},"DayFlavorAnimationLength":{"Value":[3,5],"Description":"How long the daytime flavor animation will be played for, in seconds."},"Timid":{"Value":false,"Description":"Whether this NPC is timid or not. Timid NPCs are harder to approach and befriend."},"AttackWhenStartled":{"Value":false,"Description":"Whether this NPC attacks when startled."},"Attack":{"Value":"","Description":"The attack interaction this NPC will use."},"AttackRange":{"Value":5,"Description":"The range at which the NPC can identify an attacker."},"MaxSpeed":{"Value":4,"Description":"The maximum walking speed of the NPC."},"MaxHealth":{"Value":100,"Description":"The maximum health of the NPC."},"MaxRotationSpeed":{"Value":360,"Description":"The maximum rotation speed, in degrees per second."},"RunThreshold":{"Value":0.5,"Description":"The speed ratio at which the NPC switches to run animation (e.g if MaxSpeed is 10, and RunThreshold is set to 0.55, the NPC will start running at speed 5.5)."},"IsMemory":{"Value":false,"Description":"Whether the NPC is a memory."},"MemoriesCategory":{"Value":"Livestock","Description":"The category of the memory."},"MemoriesNameOverride":{"Value":"","Description":"If set, overrides the memory name."},"IsMountable":{"Value":false,"Description":"Whether this NPC can be mounted."},"MountAnchorX":{"Value":0},"MountAnchorY":{"Value":0},"MountAnchorZ":{"Value":0},"MountMovementConfig":{"Value":"Mount"},"BreathesInWater":{"Value":false,"Description":"Whether this NPC can breathe underwater."},"NameTranslationKey":{"Value":"server.npcRoles.Template.name","Description":"The translation key for the NPC name display"}},"IsMemory":{"Compute":"IsMemory"},"MemoriesCategory":{"Compute":"MemoriesCategory"},"MemoriesNameOverride":{"Compute":"MemoriesNameOverride"},"DropList":{"Compute":"DropList"},"FlockSpawnTypes":{"Compute":"FlockArray"},"FlockSpawnTypesRandom":true,"DisableDamageGroups":["Self"],"Appearance":{"Compute":"Appearance"},"DefaultPlayerAttitude":{"Compute":"PlayerDefaultAttitude"},"DefaultNPCAttitude":"Ignore","AttitudeGroup":{"Compute":"AttitudeGroup"},"ApplySeparation":true,"SeparationDistance":1,"SeparationWeight":1,"SeparationDistanceTarget":0.5,"SeparationNearRadiusTarget":1,"SeparationFarRadiusTarget":7,"BreathesInWater":{"Compute":"BreathesInWater"},"IsMountable":{"Compute":"IsMountable"},"MountAnchorX":{"Compute":"MountAnchorX"},"MountAnchorY":{"Compute":"MountAnchorY"},"MountAnchorZ":{"Compute":"MountAnchorZ"},"MountMovementConfig":{"Compute":"MountMovementConfig"},"KnockbackScale":0.5,"MotionControllerList":[{"Type":"Walk","MaxWalkSpeed":{"Compute":"MaxSpeed"},"Gravity":15,"MaxFallSpeed":15,"JumpHeight":0.1,"MaxRotationSpeed":{"Compute":"MaxRotationSpeed"},"Acceleration":100,"RunThreshold":{"Compute":"RunThreshold"},"DescentAnimationType":"Fall","DescentSteepness":2.5,"DescentBlending":1,"JumpDescentSteepness":8,"MaxClimbHeight":{"Compute":"ClimbHeight"}}],"StateTransitions":[{"States":[{"From":["Idle"],"To":["Sleep"]}],"Actions":{"Reference":"Component_ActionList_Sleep"}},{"States":[{"From":["Sleep"],"To":["Alerted","Flee","Idle"]}],"Actions":{"Reference":"Component_ActionList_Wake"}},{"$Comment":"Always clear animation when moving from Alerted or Flee state.","States":[{"To":[],"From":["Alerted","Flee"]}],"Actions":[{"Type":"PlayAnimation","Slot":"Status"},{"Type":"SetFlag","Name":"AnimationBlock","SetTo":false}]},{"$Comment":"Always clear target and reset instructions when going back to idle.","States":[{"To":["Idle"],"From":[]}],"Actions":[{"Type":"ReleaseTarget"},{"Type":"ResetInstructions"},{"Type":"PlayAnimation","Slot":"Status"}]},{"$Comment":"Clear idle anims","States":[{"To":[],"From":["Idle"]}],"Actions":[{"Type":"PlayAnimation","Slot":"Status"}]}],"MaxHealth":{"Compute":"MaxHealth"},"InteractionVars":{"Melee_Damage":{"Interactions":[{"$Comment":"Config for a successful melee hit, default values for Effects and HitShape are not overwritten here, see each NPC_ file","Parent":"NPC_Attack_Melee_Damage","DamageCalculator":{"Type":"Absolute","BaseDamage":{"Physical":5},"RandomPercentageModifier":0.1}}]}},"Instructions":[{"$Comment":"This is separate so it can run all the time regardless of the rest of the script","Continue":true,"Instructions":[{"$Comment":"Update flock member leash positions to match the leader.","Enabled":{"Compute":"!isEmptyStringArray(FlockArray)"},"Continue":true,"Sensor":{"Type":"And","Sensors":[{"Type":"FlockLeader"},{"Type":"Self","Filters":[{"Type":"Flock","FlockStatus":"Follower"}]}]},"Actions":[{"Type":"Timeout","Delay":[0.5,2],"Action":{"Type":"SetLeashPosition","ToTarget":true}}]},{"$Comment":"HorseFollow: Follow flock leader while idle (Seek). Disabled when mounted so idle anims do not run.","Enabled":{"Compute":"HorseFollowEnabled && !isEmptyStringArray(FlockArray)"},"Continue":true,"Sensor":{"Type":"And","Sensors":[{"Type":"State","State":"Idle"},{"Type":"FlockLeader"},{"Type":"Self","Filters":[{"Type":"Flock","FlockStatus":"Follower"}]}]},"HeadMotion":{"Type":"Watch"},"BodyMotion":{"Type":"Seek","SlowDownDistance":7,"StopDistance":4},"Actions":[{"$Comment":"Clear Status slot so Walk motion controller drives Walk/Run animation instead of Idle.","Type":"PlayAnimation","Slot":"Status"}]},{"$Comment":"Join eligible flocks if not a member of a flock.","Enabled":{"Compute":"!isEmptyStringArray(FlockArray)"},"Sensor":{"Type":"Mob","Range":20,"ExcludeOwnType":false,"LockOnTarget":true,"Filters":[{"Type":"NPCGroup","IncludeGroups":["Self"]},{"Type":"Flock","FlockStatus":"NotMember"}]},"Actions":[{"Type":"JoinFlock"}]}]},{"Continue":true,"$Comment":"This is separate so it can run all the time regardless of the rest of the script, when in water go straight to panic to get out","Instructions":[{"Sensor":{"Type":"And","Sensors":[{"Type":"InWater"},{"Type":"Not","Sensor":{"Type":"State","State":"Panic"}}]},"Actions":[{"Type":"State","State":"Panic"}]}]},{"$Comment":"If there are configured attachments for the 'harvestable' state, apply them","Enabled":{"Compute":"IsHarvestable"},"Continue":true,"Sensor":{"Type":"Alarm","Name":"Harvest_Ready","State":"Passed","Clear":true},"Instructions":[{"Enabled":{"Compute":"!isEmpty(HarvestModelSlot)"},"Actions":[{"Type":"ModelAttachment","Slot":{"Compute":"HarvestModelSlot"},"Attachment":{"Compute":"HarvestModelAttachmentHarvestable"}}]}]},{"$Comment":"Initializes the produce item alarm","Enabled":{"Compute":"!isEmpty(ProduceItem)"},"Sensor":{"Type":"Any","Once":true},"Actions":[{"Type":"SetAlarm","Name":"Produce_Ready","DurationRange":{"Compute":"ProduceTimeout"}}]},{"Instructions":[{"$Comment":"Idle behaviors (wander, eat, grazing, etc.). Note: engine may not provide hasPassengers(); when mounted, FollowService removes FlockMembership so HorseFollow does not match.","Sensor":{"Type":"State","State":"Idle"},"Enabled":{"Compute":"true"},"Instructions":[{"$Comment":"HorseFollow stay: when StayIdleGoToSleep true, transition Idle -> Sleep so StateTransitions run Laydown.","Enabled":{"Compute":"StayIdleGoToSleep"},"Sensor":{"Type":"Any","Once":true},"Actions":[{"Type":"State","State":"Sleep"}]},{"$Comment":"Switch to flee state if any flock member engages a target TODO switch to attack if you are very close and can attack? otherwise flee.","Enabled":{"Compute":"!isEmptyStringArray(FlockArray)"},"Sensor":{"Type":"Beacon","Message":"Flock_Attack","TargetSlot":"LockedTarget","Range":{"Compute":"HearingRange"}},"Actions":[{"Type":"State","State":"Alerted"}]},{"Reference":"Component_Instruction_Damage_Check","Modify":{"_ExportStates":["Flee.Switch","Panic"],"AlertedRange":{"Compute":"AlertedRange"}}},{"$Comment":"Check if there are any potential things that can alert the NPC","Sensor":{"Reference":"Component_Sensor_Standard_Detection","Modify":{"ViewRange":{"Compute":"ViewRange"},"ViewSector":{"Compute":"ViewSector"},"HearingRange":{"Compute":"HearingRange"},"AbsoluteDetectionRange":{"Compute":"AbsoluteDetectionRange"},"Attitudes":["Hostile","Neutral","Friendly"]}},"Actions":[{"Type":"State","State":"Alerted"}]},{"$Comment":"If we're beyond our soft leash radius for a set period of time, return home.","Continue":true,"Sensor":{"Type":"Leash","Range":{"Compute":"LeashDistance"}},"ActionsBlocking":true,"Actions":[{"Type":"Timeout","Delay":[15,20]},{"Type":"State","State":"ReturnHome"}]},{"$Comment":"HorseFollow: eating/grazing only when not following (HorseFollowEnabled = when bound).","Enabled":{"Compute":"!HorseFollowEnabled"},"Sensor":{"Type":"State","State":".FindFood"},"Instructions":[{"Sensor":{"Type":"Or","Sensors":[{"Type":"Block","Range":1.5,"MaxHeight":4,"Blocks":{"Compute":"FoodBlockSet"},"Random":true},{"Enabled":{"Compute":"!isEmptyStringArray(FoodItemSet)"},"Type":"DroppedItem","Range":1,"Items":{"Compute":"FoodItemSet"},"ViewSector":{"Compute":"ViewSector"},"LineOfSight":true}]},"BodyMotion":{"Type":"AimCharge"},"ActionsBlocking":true,"Actions":[{"Type":"PlayAnimation","Slot":"Status","Animation":"Eat"},{"Type":"Timeout","Delay":[4,6]},{"Type":"PickUpItem","Items":["*Hay*"],"Range":1.5,"StorageTarget":"Destroy"}]},{"Sensor":{"Type":"Or","Sensors":[{"Type":"Block","Range":{"Compute":"ViewRange"},"MaxHeight":4,"Blocks":{"Compute":"FoodBlockSet"},"Random":true},{"Enabled":{"Compute":"!isEmptyStringArray(FoodItemSet)"},"Type":"DroppedItem","Range":{"Compute":"ViewRange"},"Items":{"Compute":"FoodItemSet"},"ViewSector":{"Compute":"ViewSector"},"LineOfSight":true}]},"BodyMotion":{"Type":"Seek","RelativeSpeed":0.6,"StopDistance":0.5,"RelaxedMoveConstraints":false},"HeadMotion":{"Type":"Watch"}},{"Sensor":{"Type":"Any"},"ActionsBlocking":true,"Actions":[{"Type":"PlayAnimation","Slot":"Status"},{"Type":"Timeout","Delay":[2,4]},{"Type":"ResetBlockSensors"},{"Type":"State","State":".Default"}]}]},{"$Comment":"Produce an item","Enabled":{"Compute":"!isEmpty(ProduceItem)"},"Continue":true,"Instructions":[{"Sensor":{"Type":"Alarm","Name":"Produce_Ready","State":"Passed","Clear":true},"Actions":[{"Type":"Nothing"}]},{"Sensor":{"Type":"Alarm","Name":"Produce_Ready","State":"Unset"},"Actions":[{"Type":"DropItem","Item":{"Compute":"ProduceItem"},"Distance":[0,0],"Delay":[0,0],"ThrowSpeed":14.32},{"Type":"SetAlarm","Name":"Produce_Ready","DurationRange":{"Compute":"ProduceTimeout"}}]}]},{"$Comment":"Execute daytime idle behaviors.","Type":"Random","ExecuteFor":[20,30],"Sensor":{"Type":"Time","Period":{"Compute":"DayTimePeriod"},"CheckDay":true},"Instructions":[{"$Comment":"Regular wander.","Weight":20,"Instructions":[{"Continue":true,"Actions":[{"Type":"Crouch","Crouch":false}]},{"Reference":"Component_Instruction_Leash_To_Flock_Leader","Modify":{"Enabled":{"Compute":"!isEmptyStringArray(FlockArray)"},"WanderRadius":{"Compute":"WanderRadius"},"StopDistance":3}},{"BodyMotion":{"Type":"Sequence","Looped":true,"Motions":[{"Type":"Timer","Time":[1,5],"Motion":{"Type":"WanderInCircle","Radius":{"Compute":"WanderRadius"},"MaxHeadingChange":60,"RelativeSpeed":0.18}},{"Type":"Timer","Time":[3,8],"Motion":{"Type":"Nothing"}}]}}]},{"$Comment":"TODO: grazing component seems to be borked. HorseFollow: only when not following.","Enabled":{"Compute":"!HorseFollowEnabled"},"Weight":10,"Instructions":[{"Sensor":{"Type":"Self","Filters":[{"Type":"StandingOnBlock","BlockSet":{"Compute":"GrazingBlockSet"}}]},"ActionsBlocking":true,"Actions":[{"Type":"PlayAnimation","Slot":"Status","Animation":"Eat"},{"Type":"Timeout","Delay":[5,6]},{"Type":"PlayAnimation","Slot":"Status"},{"Type":"ResetInstructions"}]},{"$Comment":"They are not standing on grazing block","Actions":[{"Type":"ResetInstructions"},{"Type":"State","State":".Default"}]}]},{"$Comment":"HorseFollow: seek food/eat only when not following.","Enabled":{"Compute":"(!isEmpty(FoodBlockSet) || !isEmptyStringArray(FoodItemSet)) && !HorseFollowEnabled"},"Weight":10,"Instructions":[{"Sensor":{"Type":"Or","Sensors":[{"Enabled":{"Compute":"!isEmptyStringArray(FoodItemSet)"},"Type":"DroppedItem","Range":{"Compute":"ViewRange"},"Items":{"Compute":"FoodItemSet"},"ViewSector":{"Compute":"ViewSector"},"LineOfSight":true},{"Enabled":{"Compute":"!isEmpty(FoodBlockSet)"},"Type":"Block","Range":{"Compute":"ViewRange"},"MaxHeight":4,"Blocks":{"Compute":"FoodBlockSet"},"Random":true}]},"Actions":[{"Type":"State","State":".FindFood"}]}]},{"$Comment":"Play a daytime flavor animation.","Enabled":{"Compute":"!isEmpty(DayFlavorAnimation)"},"Weight":3,"Instructions":[{"ActionsBlocking":true,"Actions":[{"Type":"PlayAnimation","Slot":"Status","Animation":{"Compute":"DayFlavorAnimation"}},{"Type":"Timeout","Delay":{"Compute":"DayFlavorAnimationLength"}},{"Type":"PlayAnimation","Slot":"Status"},{"Type":"ResetInstructions"}]}]},{"$Comment":"Nap. HorseFollow: only when not following.","Enabled":{"Compute":"DayTimeNapWeight > 0 && !HorseFollowEnabled"},"Weight":{"Compute":"DayTimeNapWeight"},"Instructions":[{"Actions":[{"Type":"State","State":"Sleep.Nap"}]}]}]},{"$Comment":"Sleep time. HorseFollow: only when not following.","Enabled":{"Compute":"!HorseFollowEnabled"},"Actions":[{"Type":"Timeout","Delay":[2,4],"Action":{"Type":"Sequence","Actions":[{"Type":"State","State":"Sleep"}]}}]}]},{"Sensor":{"Type":"State","State":"Sleep"},"Instructions":[{"$Comment":"Wake up if an enemy attacks a flock member.","Enabled":{"Compute":"!isEmptyStringArray(FlockArray)"},"Sensor":{"Type":"Beacon","Message":"Flock_Attack","TargetSlot":"LockedTarget"},"Actions":[{"Type":"State","State":"Alerted"}]},{"$Comment":"Just a little nap. HorseFollow: only when not following.","Enabled":{"Compute":"DayTimeNapWeight > 0 && !HorseFollowEnabled"},"Sensor":{"Type":"State","State":".Nap"},"Instructions":[{"$Comment":"Start the nap timer","Continue":true,"Sensor":{"Type":"Any","Once":true},"Actions":[{"Type":"TimerStart","Name":"NapTimer","StartValueRange":{"Compute":"DayTimeNapTimeRange"},"RestartValueRange":{"Compute":"DayTimeNapTimeRange"}},{"Type":"TimerRestart","Name":"NapTimer"}]},{"Reference":"Component_Instruction_Wild_Sleep_State","Modify":{"_ExportStates":["Panic","Panic","Flee.Switch","Idle"],"HearingRange":{"Compute":"HearingRange"},"Attitudes":["Hostile","Neutral"],"WakeupSensor":"Component_Sensor_Timed_Nap"}}]},{"$Comment":"Night-time sleep. Uses static reference (vanilla pattern). Stay role would need separate approach for HF_Component_Instruction_Stay_Sleep_State.","Instructions":[{"Reference":"Component_Instruction_Wild_Sleep_State","Modify":{"_ExportStates":["Panic","Panic","Flee.Switch","Idle"],"HearingRange":{"Compute":"HearingRange"},"Attitudes":["Hostile","Neutral"],"DayTimePeriod":{"Compute":"DayTimePeriod"}}}]}]},{"$Comment":"Used when receiving something like a flock beacon that may potentially result in the NPC becoming alerted but could also be discarded with a random chance.","Sensor":{"Type":"State","State":"Alerted"},"Instructions":[{"$Comment":"Play the alerted animation when entering the state","Continue":true,"Sensor":{"Type":"Any","Once":true},"Actions":[{"Type":"PlayAnimation","Slot":"Status","Animation":"Alerted"}]},{"$Comment":"Starting a timer to get out of alerted state if nothing else got us out of there. TODO: expose the timer duration","Continue":true,"ActionsBlocking":true,"Actions":[{"Type":"Timeout","Delay":{"Compute":"AlertedTimeoutGiveUp"}},{"Type":"State","State":".TimerEnd"}]},{"$Comment":"Check for damage","Reference":"Component_Instruction_Damage_Check","Modify":{"_ExportStates":["Flee.Switch","Panic"],"AlertedRange":{"Compute":"AlertedRange"}}},{"$Comment":"Watching a target always, if we have any","Continue":true,"Sensor":{"Type":"Target","Range":{"Compute":"AlertedRange"}},"HeadMotion":{"Type":"Watch"}},{"$Comment":"If the target gets too close, flee for a bit","Continue":true,"Sensor":{"Type":"Target","Range":{"Compute":"AlertedActionRange * randomInRange(0.3, 0.7)"}},"BodyMotion":{"Type":"Flee","RelativeSpeed":0.5,"StopDistance":{"Compute":"AlertedActionRange"},"SlowDownDistance":{"Compute":"AlertedActionRange * 0.25"},"RelaxedMoveConstraints":false}},{"Continue":true,"Sensor":{"$Comment":"If target is reasonably close, the NPC will react instead of just staring","Type":"Target","Range":{"Compute":"AlertedActionRange"},"Filters":[{"Type":"LineOfSight"}]},"Instructions":[{"Enabled":{"Compute":"!isEmptyStringArray(LovedItems)"},"$Comment":"If the target is holding an item deemed very attractive, always follow it","Sensor":{"Type":"Target","Filters":[{"Type":"ItemInHand","Items":{"Compute":"LovedItems"}},{"Type":"Not","Filter":{"Type":"Attitude","Attitudes":["Hostile","Ignore"]}}]},"Actions":[{"$Comment":"TODO: check what particle systems are offsetting off of and potentially expose it to compute","Type":"SpawnParticles","Offset":[0,1,0],"ParticleSystem":"Hearts"},{"Type":"OverrideAttitude","Attitude":"Friendly","Duration":{"Compute":"FriendlyOverrideTimeWithAttractiveItem"}},{"Type":"State","State":"Curious.Item"}]},{"$Comment":"Threatening actions that will cause the NPC to flee","Sensor":{"Type":"Or","Sensors":[{"Type":"Target","Filters":[{"Type":"Or","Filters":[{"Type":"Attitude","Attitudes":["Hostile"]},{"Type":"Combat"},{"Type":"ItemInHand","Items":["*Weapon*"]}]}]},{"Type":"Target","Filters":[{"Type":"Not","Filter":{"Type":"Attitude","Attitudes":["Friendly"]}},{"Type":"MovementState","State":"Sprinting"}]},{"Enabled":{"Compute":"Timid"},"Type":"Target","Filters":[{"Type":"MovementState","State":"Sprinting"}]},{"Type":"Target","Range":{"Compute":"min(AbsoluteDetectionRange, AlertedActionRange * 0.75)"},"Filters":[{"Type":"Not","Filter":{"Type":"Attitude","Attitudes":["Friendly","Ignore"]}}]}]},"Actions":[{"Type":"State","State":"Flee.Switch"}]},{"Continue":true,"$Comment":"Starting a second timer to try and turn friendly. TODO: compute it as % of alerted timer","Sensor":{"Type":"Target","Filters":[{"Type":"Attitude","Attitudes":["Neutral"]}]},"ActionsBlocking":true,"Actions":[{"Type":"Timeout","Delay":{"Compute":"AlertedTimeoutReaction"}},{"Type":"State","State":".Switch"}]},{"$Comment":"Execute random behaviors towards friendly and revered.","Type":"Random","ExecuteFor":[15,20],"Sensor":{"Type":"Target","Filters":[{"Type":"Attitude","Attitudes":["Friendly","Revered"]}]},"Instructions":[{"Enabled":{"Compute":"!isEmptyStringArray(AttractiveItems)"},"Weight":{"Compute":"WeightFollowItem"},"$Comment":"TODO: change this to a weight-based decision to avoid the whole flock chasing the item","Sensor":{"Type":"Target","Filters":[{"Type":"ItemInHand","Items":{"Compute":"AttractiveItems"}}]},"Actions":[{"Type":"State","State":"Curious.Item"}]},{"Enabled":{"Compute":"WeightGreet > 0"},"Weight":{"Compute":"WeightGreet"},"Actions":[{"Type":"State","State":"Curious.Greet"}]},{"$Comment":"NPC will approach player and stop at a distance, following them like this for a while","Enabled":{"Compute":"WeightFollow > 0"},"Weight":{"Compute":"WeightFollow"},"Actions":[{"Type":"State","State":"Curious.Follow"}]},{"$Comment":"We override the attitude here and go to idle - this way the alerted state won't be triggered right away","Enabled":{"Compute":"WeightIgnore > 0"},"Weight":{"Compute":"WeightIgnore"},"Sensor":{"Type":"Target"},"ActionsBlocking":true,"Actions":[{"Type":"OverrideAttitude","Attitude":"Ignore","Duration":{"Compute":"IgnoreOverrideTime"}},{"Type":"State","State":"Idle"}]},{"$Comment":"Fallback if weights are misconfigured","Weight":1,"Sensor":{"Type":"Target"},"ActionsBlocking":true,"Actions":[{"Type":"OverrideAttitude","Attitude":"Ignore","Duration":{"Compute":"IgnoreOverrideTime"}},{"Type":"State","State":"Idle"}]}]}]},{"Sensor":{"Type":"State","State":".TimerEnd"},"Instructions":[{"Enabled":{"Compute":"!Timid"},"Sensor":{"$Comment":"Timer ended, we still have a target and it's a friendly one and we are not timid","Type":"Target","Range":{"Compute":"AlertedRange"},"Filters":[{"Type":"Attitude","Attitudes":["Friendly"]}]},"Actions":[{"Type":"OverrideAttitude","Attitude":"Ignore","Duration":{"Compute":"IgnoreOverrideTime"}},{"Type":"State","State":"Idle"}]},{"Enabled":{"Compute":"Timid"},"Sensor":{"$Comment":"Timer ended, I am timid and the target is staring me down, stranger danger, flee","Type":"Target","Range":{"Compute":"AlertedRange"},"Filters":[{"Type":"SpotsMe"},{"Type":"Not","Filter":{"Type":"Attitude","Attitudes":["Friendly"]}}]},"Actions":[{"Type":"State","State":"Flee"}]},{"Sensor":{"$Comment":"Timer ended, target seems uninterested and is assumed to be harmless, ignore for a while","Type":"Target","Range":{"Compute":"AlertedRange"}},"Actions":[{"Type":"OverrideAttitude","Attitude":"Ignore","Duration":{"Compute":"IgnoreOverrideTime"}},{"Type":"State","State":"Idle"}]},{"$Comment":"There is no target, so just go idle","Actions":[{"Type":"State","State":"Idle"}]}]},{"$Comment":"Timer elapsed and we randomly decide if friendly or not. This has to continue so we can hit the friendly instructions below","Sensor":{"Type":"State","State":".Switch"},"Instructions":[{"$Comment":"If the NPC is configured with a different chance to befriend when the target is holding a special item, use that chance","Enabled":{"Compute":"ChanceToTurnFriendlyWithAttractiveItem > 0"},"Sensor":{"Type":"Target","Filters":[{"Type":"Attitude","Attitudes":["Neutral"]},{"Type":"ItemInHand","Items":{"Compute":"AttractiveItems"}}]},"Type":"Random","ExecuteFor":[15,20],"Instructions":[{"Weight":{"Compute":"ChanceToTurnFriendlyWithAttractiveItem"},"Sensor":{"Type":"Target"},"Actions":[{"$Comment":"TODO: check what particle systems are offsetting off of and potentially expose it to compute","Type":"SpawnParticles","Offset":[0,1,0],"ParticleSystem":"Hearts"},{"Type":"OverrideAttitude","Attitude":"Friendly","Duration":{"Compute":"FriendlyOverrideTimeWithAttractiveItem"}},{"$Comment":"Prevents the next instruction from running as soon as the player is no longer neutral","Type":"State","State":".Default"}]},{"Enabled":{"Compute":"ChanceToTurnFriendlyWithAttractiveItem < 100"},"Weight":{"Compute":"100 - ChanceToTurnFriendlyWithAttractiveItem"},"Actions":[{"Type":"State","State":"Flee"}]}]},{"$Comment":"NPC becoming friendly with a player","Enabled":{"Compute":"ChanceToTurnFriendly > 0"},"Sensor":{"Type":"Target","Filters":[{"Type":"Attitude","Attitudes":["Neutral"]}]},"Type":"Random","ExecuteFor":[15,20],"Instructions":[{"Weight":{"Compute":"ChanceToTurnFriendly"},"Sensor":{"Type":"Target"},"Actions":[{"$Comment":"TODO: check what it is offseting off and potentially expose it to compute","Type":"SpawnParticles","Offset":[0,1,0],"ParticleSystem":"Hearts"},{"Type":"OverrideAttitude","Attitude":"Friendly","Duration":{"Compute":"FriendlyOverrideTime"}},{"$Comment":"Prevents the next instruction from running as soon as the player is no longer neutral","Type":"State","State":".Default"}]},{"Enabled":{"Compute":"ChanceToTurnFriendly < 100"},"Weight":{"Compute":"100 - ChanceToTurnFriendly"},"Actions":[{"Type":"State","State":"Flee"}]}]}]}]},{"Sensor":{"Type":"State","State":"Curious"},"Instructions":[{"$Comment":"Animations","Continue":true,"Sensor":{"Type":"Any","Once":true},"Actions":[{"Type":"PlayAnimation","Slot":"Status","Animation":"Curious"}]},{"$Comment":"If getting to the target takes too long, ignore and go to idle. This is also how long it will follow if this is triggered,TODO: mb could be a bit longer for the follow? ","Sensor":{"Type":"And","Sensors":[{"Type":"Target"},{"$Comment":"The item follow substates has its own timeouts","Type":"Not","Sensor":{"Type":"State","State":"Curious.Item"}}]},"Continue":true,"ActionsBlocking":true,"Actions":[{"Type":"Timeout","Delay":[7,7]},{"Type":"OverrideAttitude","Attitude":"Ignore","Duration":{"Compute":"IgnoreOverrideTime"}},{"Type":"State","State":"Idle"}]},{"$Comment":"Check if there are any potential threats nearby and flee. TODO: add more tirggers to flee","Sensor":{"Reference":"Component_Sensor_Standard_Detection","Modify":{"ViewRange":{"Compute":"ViewRange"},"ViewSector":{"Compute":"ViewSector"},"HearingRange":{"Compute":"HearingRange"},"AbsoluteDetectionRange":{"Compute":"AbsoluteDetectionRange"},"Attitudes":["Hostile"]}},"Actions":[{"Type":"State","State":"Flee.Switch"}]},{"Reference":"Component_Instruction_Damage_Check","Modify":{"_ExportStates":["Flee.Switch","Panic"],"AlertedRange":{"Compute":"AlertedRange"}}},{"$Comment":"TODO: mb potentially move secnsor component for curious, or for alerted - with parameters to be mor forgiving","Sensor":{"Type":"Or","Sensors":[{"Type":"Target","Filters":[{"Type":"Or","Filters":[{"Type":"Attitude","Attitudes":["Hostile"]},{"Type":"Combat"},{"Type":"ItemInHand","Items":["*Weapon*"]}]}]},{"Type":"Target","Filters":[{"Type":"Not","Filter":{"Type":"Attitude","Attitudes":["Friendly"]}},{"Type":"MovementState","State":"Sprinting"}]},{"Enabled":{"Compute":"Timid"},"Type":"Target","Filters":[{"Type":"MovementState","State":"Sprinting"}]},{"Type":"Target","Range":{"Compute":"AbsoluteDetectionRange"},"Filters":[{"Type":"Not","Filter":{"Type":"Attitude","Attitudes":["Friendly","Ignore"]}}]}]},"Actions":[{"Type":"State","State":"Flee.Switch"}]},{"$Comment":"We lost target","Sensor":{"Type":"Not","Sensor":{"Type":"Target","Range":{"Compute":"AlertedRange"},"Filters":[{"Type":"LineOfSight"}]}},"ActionsBlocking":true,"Actions":[{"Type":"Timeout","Delay":[0.2,0.2]},{"Type":"State","State":"Idle"}]},{"$Comment":"Moving to an attractive item","Sensor":{"Type":"State","State":".Item"},"Instructions":[{"$Comment":"Start a timer after which the NPC will lose interest in the item holder, regardless of range","Continue":true,"Sensor":{"Type":"Target"},"HeadMotion":{"Type":"Watch"},"ActionsBlocking":true,"Actions":[{"Type":"Timeout","Delay":{"Compute":"AttractiveItemsTimeout"}},{"Type":"PlayAnimation","Slot":"Status"},{"Type":"Timeout","Delay":[2,4]},{"Type":"OverrideAttitude","Attitude":"Ignore","Duration":20},{"Type":"State","State":"Idle"}]},{"$Comment":"Target too far or without attractive item","Sensor":{"Type":"And","Sensors":[{"Type":"Not","Sensor":{"Type":"Target","Range":{"Compute":"AlertedRange"},"Filters":[{"Type":"LineOfSight"},{"Type":"ItemInHand","Items":{"Compute":"AttractiveItems"}}]}},{"$Comment":"Need to do this to avoid two concurrent ItemInHand filters","Enabled":{"Compute":"!isEmptyStringArray(LovedItems)"},"Type":"Not","Sensor":{"Type":"Target","Range":{"Compute":"AlertedRange"},"Filters":[{"Type":"LineOfSight"},{"Type":"ItemInHand","Items":{"Compute":"LovedItems"}}]}}]},"ActionsBlocking":true,"Actions":[{"Type":"PlayAnimation","Slot":"Status","Animation":"Alerted"},{"Type":"Timeout","Delay":[2,3]},{"Type":"State","State":"Idle"}]},{"Sensor":{"Type":"Target","Range":2.5},"ActionsBlocking":true,"Actions":[{"Type":"Timeout","Delay":{"Compute":"AttractiveItemsSmellTimeout"}},{"Type":"PlayAnimation","Slot":"Status"},{"Type":"OverrideAttitude","Attitude":"Ignore","Duration":20},{"Type":"State","State":"Idle"}]},{"Sensor":{"Type":"Target","Range":{"Compute":"AlertedRange"}},"BodyMotion":{"Type":"Seek","SlowDownDistance":3.5,"StopDistance":2,"RelativeSpeed":0.4,"RelaxedMoveConstraints":false}}]},{"$Comment":"Moving to Greet","Sensor":{"Type":"State","State":".Greet"},"Instructions":[{"Sensor":{"Type":"Target","Range":3},"HeadMotion":{"Type":"Watch","RelativeTurnSpeed":0.5},"ActionsBlocking":true,"Actions":[{"Type":"PlayAnimation","Slot":"Status","Animation":"GreetAnimation"},{"Type":"Timeout","Delay":[2,4]},{"Type":"PlayAnimation","Slot":"Status"},{"Type":"OverrideAttitude","Attitude":"Ignore","Duration":{"Compute":"IgnoreOverrideTime"}},{"Type":"State","State":"Idle"}]},{"Sensor":{"Type":"Target","Range":{"Compute":"AlertedActionRange"}},"BodyMotion":{"Type":"Seek","SlowDownDistance":5,"StopDistance":3,"RelativeSpeed":0.4,"RelaxedMoveConstraints":false}}]},{"$Comment":"Moving to follow, stop at half alerted action range and watch a bit. TODO: flee if player sprints towards npc","Sensor":{"Type":"State","State":".Follow"},"Instructions":[{"Continue":true,"Sensor":{"Type":"Target","Range":{"Compute":"AlertedActionRange"}},"BodyMotion":{"Type":"Seek","SlowDownDistance":{"Compute":"AlertedActionRange"},"StopDistance":3,"RelativeSpeed":0.4,"RelaxedMoveConstraints":false}},{"Sensor":{"Type":"Target","Range":4},"ActionsBlocking":true,"Actions":[{"Type":"Timeout","Delay":[0.5,0.5]}],"HeadMotion":{"Type":"Watch"}}]}]},{"Sensor":{"Type":"State","State":"ReturnHome"},"Instructions":[{"$Comment":"Switch to flee state if any flock member engages a target TODO switch to attack if you are very close and can attack? otherwise flee.","Enabled":{"Compute":"!isEmptyStringArray(FlockArray)"},"Sensor":{"Type":"Beacon","Message":"Flock_Attack","TargetSlot":"LockedTarget","Range":{"Compute":"HearingRange"}},"Actions":[{"Type":"State","State":"Alerted"}]},{"Reference":"Component_Instruction_Damage_Check","Modify":{"_ExportStates":["Flee.Switch","Panic"],"AlertedRange":{"Compute":"AlertedRange"}}},{"$Comment":"Check if there are any potential things that can alert the NPC","Sensor":{"Reference":"Component_Sensor_Standard_Detection","Modify":{"ViewRange":{"Compute":"ViewRange"},"ViewSector":{"Compute":"ViewSector"},"HearingRange":{"Compute":"HearingRange"},"AbsoluteDetectionRange":{"Compute":"AbsoluteDetectionRange"},"Attitudes":["Hostile","Neutral","Friendly"]}},"Actions":[{"Type":"State","State":"Alerted"}]},{"Sensor":{"$Comment":"TODO: make them walk home, expose walking speed?","Type":"Leash","Range":{"Compute":"LeashDistance * 0.3"}},"BodyMotion":{"Type":"Seek","SlowDownDistance":1,"StopDistance":0.5,"RelativeSpeed":0.4,"UsePathfinder":true}},{"Actions":[{"Type":"SetStat","Stat":"Health","Value":1000000},{"Type":"State","State":"Idle"}]}]},{"Sensor":{"Type":"State","State":"Flee"},"Instructions":[{"$Comment":"TODO: Add a state message","Enabled":{"Compute":"!isEmptyStringArray(FlockArray)"},"Continue":true,"Sensor":{"Type":"Any","Once":true},"Actions":[{"Type":"FlockBeacon","Message":"Flock_Attack","SendTargetSlot":"LockedTarget"}]},{"Reference":"Component_Instruction_Damage_Check","Modify":{"_ExportStates":["Flee.Switch","Panic"],"AlertedRange":{"Compute":"AlertedRange"}}},{"Sensor":{"Type":"State","State":".Switch"},"Instructions":[{"Sensor":{"Type":"Target","TargetSlot":"LockedTarget","Range":{"Compute":"AttackRange"}},"Instructions":[{"Continue":true,"Sensor":{"Type":"Target","Once":true},"Actions":[{"$TODO":"Maybe friendly lifestock doesnt override it for player when hit","Type":"OverrideAttitude","Attitude":"Hostile","Duration":23}]},{"Enabled":{"Compute":"AttackWhenStartled"},"Sensor":{"Type":"Target","Filters":[{"Type":"Not","Filter":{"Type":"ViewSector","ViewSector":270}}]},"ActionsBlocking":true,"Actions":[{"Type":"PlayAnimation","Slot":"Status","Animation":"Alerted"},{"Type":"Timeout","Delay":[0.2,0.2]},{"Type":"PlayAnimation","Slot":"Status"},{"Type":"State","State":".Attack"}]},{"Actions":[{"Type":"State","State":".Default"}]}]},{"Sensor":{"Type":"Target","TargetSlot":"LockedTarget","Range":{"Compute":"AlertedRange"}},"Actions":[{"Type":"State","State":".Default"}]},{"Actions":[{"Type":"State","State":"Panic"}]}]},{"Sensor":{"Type":"State","State":".Attack"},"ActionsBlocking":true,"Actions":[{"Type":"Attack","Attack":{"Compute":"Attack"},"AttackPauseRange":[1,2]},{"Type":"Timeout","Delay":[0.3,0.3],"Action":{"Type":"State","State":".Default"}}]},{"Sensor":{"Type":"Target","Range":{"Compute":"AlertedRange + 3"}},"BodyMotion":{"Type":"Flee","SlowDownDistance":{"Compute":"AlertedRange - 3"},"StopDistance":{"Compute":"AlertedRange + 3"},"RelativeSpeed":0.68},"Actions":[{"Type":"Timeout","Delay":[8,8],"Action":{"Type":"State","State":".Switch"}}]},{"Actions":[{"Type":"Timeout","Delay":[3,6],"Action":{"Type":"State","State":"Idle"}}]}]},{"Sensor":{"Type":"State","State":"Panic"},"Instructions":[{"Continue":true,"Sensor":{"Type":"Any","Once":true},"Actions":[{"Type":"PlayAnimation","Slot":"Status","Animation":"Alerted"}]},{"Continue":true,"Actions":[{"Type":"Timeout","Delay":[6,12],"Action":{"Type":"State","State":"Idle"}}]},{"Sensor":{"Type":"Damage","Combat":true},"BodyMotion":{"Type":"Flee","SlowDownDistance":9,"StopDistance":14,"RelativeSpeed":1,"RelaxedMoveConstraints":false}},{"BodyMotion":{"Type":"WanderInCircle","Radius":10,"MaxHeadingChange":90,"RelativeSpeed":1,"RelaxedMoveConstraints":true}}]},{"Sensor":{"Type":"State","State":"$Harvest"},"Instructions":[{"$Comment":"Base harvest logic: particles, sound, alarm (always runs)","Continue":true,"Sensor":{"Type":"Any","Once":true},"Actions":[{"Type":"PlayAnimation","Slot":"Status","Animation":"Alerted"},{"Type":"SpawnParticles","Offset":[0,1,0],"ParticleSystem":{"Compute":"HarvestParticles"}},{"Type":"PlaySound","SoundEventId":{"Compute":"HarvestSound"}},{"Type":"SetAlarm","Name":"Harvest_Ready","DurationRange":{"Compute":"HarvestTimeout"}}]},{"$Comment":"Drop item only if HarvestDropList is set","Enabled":{"Compute":"!isEmpty(HarvestDropList)"},"Continue":true,"Sensor":{"Type":"Any","Once":true},"Actions":[{"Type":"DropItem","DropList":{"Compute":"HarvestDropList"},"Distance":[0.2,0.5],"Delay":[0,0],"DropSector":[-360,360],"PitchHigh":false,"ThrowSpeed":14}]},{"$Comment":"Replace Container_Bucket with milk when held","Enabled":{"Compute":"!isEmpty(HarvestAddItemBucket)"},"Continue":true,"Sensor":{"Type":"And","Sensors":[{"Type":"Any","Once":true},{"Type":"Target","Filters":[{"Type":"ItemInHand","Items":["Container_Bucket"]}]}]},"Actions":[{"Type":"Inventory","UseTarget":true,"Operation":"RemoveHeldItem"},{"Type":"Inventory","UseTarget":true,"Operation":"Add","Item":{"Compute":"HarvestAddItemBucket"},"Count":1}]},{"$Comment":"Replace Deco_Bucket with milk when held","Enabled":{"Compute":"!isEmpty(HarvestAddItemDecoBucket)"},"Continue":true,"Sensor":{"Type":"And","Sensors":[{"Type":"Any","Once":true},{"Type":"Target","Filters":[{"Type":"ItemInHand","Items":["Deco_Bucket"]}]}]},"Actions":[{"Type":"Inventory","UseTarget":true,"Operation":"RemoveHeldItem"},{"Type":"Inventory","UseTarget":true,"Operation":"Add","Item":{"Compute":"HarvestAddItemDecoBucket"},"Count":1}]},{"$Comment":"If there are configured attachments for the 'harvested' state, apply them","Enabled":{"Compute":"IsHarvestable && !isEmpty(HarvestModelSlot)"},"Continue":true,"Actions":[{"Type":"ModelAttachment","Slot":{"Compute":"HarvestModelSlot"},"Attachment":{"Compute":"HarvestModelAttachmentHarvested"}}]},{"ActionsBlocking":true,"Actions":[{"Type":"Timeout","Delay":[2,3]},{"Type":"State","State":"Flee"}]}]}]}],"InteractionInstruction":{"Enabled":{"Compute":"IsHarvestable || IsMountable"},"Instructions":[{"Enabled":{"Compute":"IsHarvestable"},"Instructions":[{"Sensor":{"$Comment":"Check the negative first so we can exit early and avoid the rest of the logic","Type":"Not","Sensor":{"Type":"And","Sensors":[{"Type":"Alarm","Name":"Harvest_Ready","State":"Unset"},{"Type":"CanInteract","Attitudes":{"Compute":"HarvestRequiredAttitudes"}}]}},"Actions":[{"Type":"SetInteractable","Interactable":false}]},{"$Comment":"Allow contextual interactions (shearing) but hide F key prompt","Continue":true,"Sensor":{"Type":"Any"},"Actions":[{"Type":"SetInteractable","Interactable":true,"ShowPrompt":false}]},{"$Comment":"Harvest action triggered by left-click with appropriate tool","Sensor":{"Type":"And","Sensors":[{"Enabled":{"Compute":"!isEmpty(HarvestInteractionContext)"},"Type":"InteractionContext","Context":{"Compute":"HarvestInteractionContext"}},{"Type":"Alarm","Name":"Harvest_Ready","State":"Unset"}]},"Actions":[{"Type":"State","State":"$Harvest"}]}]},{"Enabled":{"Compute":"IsMountable"},"Instructions":[{"Sensor":{"Type":"Not","Sensor":{"$Comment":"Check the negative first so we can exit early and avoid the rest of the logic","Type":"CanInteract","ViewSector":360,"Attitudes":["Friendly","Revered"]}},"Actions":[{"Type":"SetInteractable","Interactable":false}]},{"Continue":true,"Sensor":{"Type":"Any"},"Actions":[{"Type":"SetInteractable","Interactable":true,"Hint":"server.interactionHints.mount"}]},{"Sensor":{"Type":"HasInteracted"},"Actions":[{"Type":"Mount","AnchorX":{"Compute":"MountAnchorX"},"AnchorY":{"Compute":"MountAnchorY"},"AnchorZ":{"Compute":"MountAnchorZ"},"MovementConfig":{"Compute":"MountMovementConfig"}}]}]}]},"NameTranslationKey":{"Compute":"NameTranslationKey"}}...)
[2026/02/05 18:58:38   WARN]                          [NPC|P] Unknown JSON attribute 'MountAnchorX' found in Role|Abstract: /Server/NPC/Roles/_Core/Templates/Template_Animal_Tamed.json (JSON: ance":{"Value":"Deer_Stag","Description":"The NPC's model."},"WanderRadius":{"Value":7,"Description":"The wander radius of the NPC."},"ViewRange":{"Value":16,"Description":"The view distance of the NPC, in blocks."},"ViewSector":{"Value":180,"Description":"The view sector of the NPC, in degrees."},"HearingRange":{"Value":8,"Description":"The hearing distance of the NPC, in blocks."},"AbsoluteDetectionRange":{"Value":4,"Description":"The range at which a target is guaranteed to be detected, in blocks. If set to zero, absolute detection will be disabled. Within the alerted state, this value has an upper bound of 0.75 * AlertedActionRange."},"AlertedRange":{"Value":18,"Description":"The range within which the target can be seen/sensed when the NPC is alerted to their presence, in blocks. Should be higher than sense ranges."},"AlertedActionRange":{"Value":12,"Description":"The range at which an NPC will react to other NPCs and players, depending on the attitude towards them, in blocks. Should be higher than AbsoluteDetectionRange."},"LeashDistance":{"Value":20,"Description":"The range at which an NPC will start to want to return to their spawn point, in blocks."},"AttractiveItems":{"Value":["Tool_Feedbag"],"Description":"The list of items that are deemed attractive (there's a chance targets holding them will be followed)."},"LovedItems":{"Value":[],"TypeHint":"String","Description":"The list of items that are deemed very attractive (it's guaranteed targets holding them will be followed and befriended)."},"AttractiveItemsTimeout":{"Value":[15,20],"Description":"The maximum timeout after which the NPC will lose interest in attractive times, regardless of range to the target, in seconds."},"AttractiveItemsSmellTimeout":{"Value":[8,12],"Description":"The timeout after which the NPC will lose interest in attractive times, when near the target, in seconds"},"DropList":{"Value":"Empty","Description":"The NPC's drop list."},"FlockArray":{"Value":[],"TypeHint":"String","Description":"The set of NPCs belonging to this flock type"},"HorseFollowEnabled":{"Value":false,"Description":"If true, this NPC will follow its flock leader while idle (used by HorseFollow mod)."},"ClimbHeight":{"Value":1,"Description":"The maximum climb height, in blocks."},"AttitudeGroup":{"Value":"Livestock","Description":"The attitude group this NPC belongs to."},"PlayerDefaultAttitude":{"Value":"Neutral","Description":"The default attitude towards the player."},"AlertedTimeoutReaction":{"Value":[2,6],"Description":"The timeout after which an alerted NPC will make a decision on whether to befriend the target, in seconds."},"AlertedTimeoutGiveUp":{"Value":[5,12],"Description":"The timeout after which an alerted NPC will give up on the target, in seconds."},"GrazingBlockSet":{"Value":"Grass","Description":"The type of block that this NPC will graze on top of."},"FoodBlockSet":{"Value":"Hay","Description":"The type of block that this NPC will occasionally seek out to munch on."},"FoodItemSet":{"Value":["Ingredient_Hay"],"Description":"The list of dropped items that this NPC will occasionally seek out to munch on."},"DayTimePeriod":{"Value":[6.01,17.99],"Description":"The hour range considered to be daytime for this NPC (inclusive). Hours should be written with decimal fractions."},"DayTimeNapWeight":{"Value":2,"Description":"The weight used to determine if the NPC should have a short nap during the day. Set to 0 to disable."},"DayTimeNapTimeRange":{"Value":[10,12],"Description":"The duration range of daytime naps, in seconds."},"SleepInstruction":{"Value":"Component_Instruction_Wild_Sleep_State","Description":"Instruction component for Sleep state (wake on time/damage/sound). Stay role overrides to HF_Component_Instruction_Stay_Sleep_State to disable time-based wake."},"StayIdleGoToSleep":{"Value":false,"Description":"HorseFollow stay: when true, in Idle state immediately transition to Sleep (so Laydown runs). Stay role sets true."},"DayFlavorAnimation":{"Value":"","Description":"The flavor animation to play during the day. Ignored if null or empty."},"GreetAnimation":{"Value":"","Description":"The flavor animation to play when greeting another NPC or player. Ignored if null or empty."},"ChanceToTurnFriendly":{"Value":25,"Description":"The chance that the NPC will befriend the target when in the alerted state."},"ChanceToTurnFriendlyWithAttractiveItem":{"Value":50,"Description":"The chance that the NPC will befriend the target, if the latter is holding an attractive item."},"FriendlyOverrideTime":{"Value":300,"Description":"The duration of the friendly attitude override for the target, in seconds."},"FriendlyOverrideTimeWithAttractiveItem":{"Value":900,"Description":"The duration of the friendly attitude override for the target, when the latter is holding an attractive item, in seconds."},"IgnoreOverrideTime":{"Value":1200,"Description":"The duration of the ignore attitude override for the target."},"WeightGreet":{"Value":1,"Description":"The chance that the NPC will greet a friendly target."},"WeightFollowItem":{"Value":1,"Description":"The chance that the NPC will follow a friendly target holding an attractive item."},"WeightFollow":{"Value":1,"Description":"The chance that the NPC will follow friendly NPCs or players at a distance."},"WeightIgnore":{"Value":1,"Description":"The chance that the NPC will ignore friendly NPCs of players."},"IsHarvestable":{"Value":false,"Description":"Whether this NPC can be 'harvested'. This includes shearing, milking, etc."},"HarvestInteractionContext":{"Value":"","Description":"The interaction context of the harvest tool. If empty, no tool is needed to harvest the NPC."},"HarvestRequiredAttitudes":{"Value":["Friendly","Neutral","Hostile","Ignore","Revered"],"Description":"The attitude groups of players that can harvest the NPC."},"HarvestDropList":{"Value":"","Description":"The drop list that's executed when the NPC is harvested."},"HarvestParticles":{"Value":"Alerted","Description":"The particle system that is spawned when the NPC is harvested."},"HarvestSound":{"Value":"SFX_Sheep_Sheared","Description":"The sound that plays when NPC is harvested."},"HarvestTimeout":{"Value":["P1D","P1D"],"Description":"The minimum time between consecutive harvests. Expressed in the ISO-8601 time period notation, where both values of the array must have the same prefix (either 'PT' or 'P')."},"HarvestModelSlot":{"Value":"","Description":"The model attachment slot where the 'harvested' state is displayed."},"HarvestModelAttachmentHarvestable":{"Value":"","Description":"The attachment that should be rendered when the NPC can be harvested."},"HarvestModelAttachmentHarvested":{"Value":"","Description":"The attachment that should be rendered when the NPC was harvested and is in timeout."},"HarvestAddItemBucket":{"Value":"","Description":"Item to add when player holds Container_Bucket (e.g., milk bucket for milking)."},"HarvestAddItemDecoBucket":{"Value":"","Description":"Item to add when player holds Deco_Bucket (e.g., milk bucket for milking)."},"ProduceItem":{"Value":"","Description":"The item this NPC produces (poop, eggs, etc)."},"ProduceTimeout":{"Value":["PT6H","PT36H"],"Description":"The timeout between consecutive produces."},"DayFlavorAnimationLength":{"Value":[3,5],"Description":"How long the daytime flavor animation will be played for, in seconds."},"Timid":{"Value":false,"Description":"Whether this NPC is timid or not. Timid NPCs are harder to approach and befriend."},"AttackWhenStartled":{"Value":false,"Description":"Whether this NPC attacks when startled."},"Attack":{"Value":"","Description":"The attack interaction this NPC will use."},"AttackRange":{"Value":5,"Description":"The range at which the NPC can identify an attacker."},"MaxSpeed":{"Value":4,"Description":"The maximum walking speed of the NPC."},"MaxHealth":{"Value":100,"Description":"The maximum health of the NPC."},"MaxRotationSpeed":{"Value":360,"Description":"The maximum rotation speed, in degrees per second."},"RunThreshold":{"Value":0.5,"Description":"The speed ratio at which the NPC switches to run animation (e.g if MaxSpeed is 10, and RunThreshold is set to 0.55, the NPC will start running at speed 5.5)."},"IsMemory":{"Value":false,"Description":"Whether the NPC is a memory."},"MemoriesCategory":{"Value":"Livestock","Description":"The category of the memory."},"MemoriesNameOverride":{"Value":"","Description":"If set, overrides the memory name."},"IsMountable":{"Value":false,"Description":"Whether this NPC can be mounted."},"MountAnchorX":{"Value":0},"MountAnchorY":{"Value":0},"MountAnchorZ":{"Value":0},"MountMovementConfig":{"Value":"Mount"},"BreathesInWater":{"Value":false,"Description":"Whether this NPC can breathe underwater."},"NameTranslationKey":{"Value":"server.npcRoles.Template.name","Description":"The translation key for the NPC name display"}},"IsMemory":{"Compute":"IsMemory"},"MemoriesCategory":{"Compute":"MemoriesCategory"},"MemoriesNameOverride":{"Compute":"MemoriesNameOverride"},"DropList":{"Compute":"DropList"},"FlockSpawnTypes":{"Compute":"FlockArray"},"FlockSpawnTypesRandom":true,"DisableDamageGroups":["Self"],"Appearance":{"Compute":"Appearance"},"DefaultPlayerAttitude":{"Compute":"PlayerDefaultAttitude"},"DefaultNPCAttitude":"Ignore","AttitudeGroup":{"Compute":"AttitudeGroup"},"ApplySeparation":true,"SeparationDistance":1,"SeparationWeight":1,"SeparationDistanceTarget":0.5,"SeparationNearRadiusTarget":1,"SeparationFarRadiusTarget":7,"BreathesInWater":{"Compute":"BreathesInWater"},"IsMountable":{"Compute":"IsMountable"},"MountAnchorX":{"Compute":"MountAnchorX"},"MountAnchorY":{"Compute":"MountAnchorY"},"MountAnchorZ":{"Compute":"MountAnchorZ"},"MountMovementConfig":{"Compute":"MountMovementConfig"},"KnockbackScale":0.5,"MotionControllerList":[{"Type":"Walk","MaxWalkSpeed":{"Compute":"MaxSpeed"},"Gravity":15,"MaxFallSpeed":15,"JumpHeight":0.1,"MaxRotationSpeed":{"Compute":"MaxRotationSpeed"},"Acceleration":100,"RunThreshold":{"Compute":"RunThreshold"},"DescentAnimationType":"Fall","DescentSteepness":2.5,"DescentBlending":1,"JumpDescentSteepness":8,"MaxClimbHeight":{"Compute":"ClimbHeight"}}],"StateTransitions":[{"States":[{"From":["Idle"],"To":["Sleep"]}],"Actions":{"Reference":"Component_ActionList_Sleep"}},{"States":[{"From":["Sleep"],"To":["Alerted","Flee","Idle"]}],"Actions":{"Reference":"Component_ActionList_Wake"}},{"$Comment":"Always clear animation when moving from Alerted or Flee state.","States":[{"To":[],"From":["Alerted","Flee"]}],"Actions":[{"Type":"PlayAnimation","Slot":"Status"},{"Type":"SetFlag","Name":"AnimationBlock","SetTo":false}]},{"$Comment":"Always clear target and reset instructions when going back to idle.","States":[{"To":["Idle"],"From":[]}],"Actions":[{"Type":"ReleaseTarget"},{"Type":"ResetInstructions"},{"Type":"PlayAnimation","Slot":"Status"}]},{"$Comment":"Clear idle anims","States":[{"To":[],"From":["Idle"]}],"Actions":[{"Type":"PlayAnimation","Slot":"Status"}]}],"MaxHealth":{"Compute":"MaxHealth"},"InteractionVars":{"Melee_Damage":{"Interactions":[{"$Comment":"Config for a successful melee hit, default values for Effects and HitShape are not overwritten here, see each NPC_ file","Parent":"NPC_Attack_Melee_Damage","DamageCalculator":{"Type":"Absolute","BaseDamage":{"Physical":5},"RandomPercentageModifier":0.1}}]}},"Instructions":[{"$Comment":"This is separate so it can run all the time regardless of the rest of the script","Continue":true,"Instructions":[{"$Comment":"Update flock member leash positions to match the leader.","Enabled":{"Compute":"!isEmptyStringArray(FlockArray)"},"Continue":true,"Sensor":{"Type":"And","Sensors":[{"Type":"FlockLeader"},{"Type":"Self","Filters":[{"Type":"Flock","FlockStatus":"Follower"}]}]},"Actions":[{"Type":"Timeout","Delay":[0.5,2],"Action":{"Type":"SetLeashPosition","ToTarget":true}}]},{"$Comment":"HorseFollow: Follow flock leader while idle (Seek). Disabled when mounted so idle anims do not run.","Enabled":{"Compute":"HorseFollowEnabled && !isEmptyStringArray(FlockArray)"},"Continue":true,"Sensor":{"Type":"And","Sensors":[{"Type":"State","State":"Idle"},{"Type":"FlockLeader"},{"Type":"Self","Filters":[{"Type":"Flock","FlockStatus":"Follower"}]}]},"HeadMotion":{"Type":"Watch"},"BodyMotion":{"Type":"Seek","SlowDownDistance":7,"StopDistance":4},"Actions":[{"$Comment":"Clear Status slot so Walk motion controller drives Walk/Run animation instead of Idle.","Type":"PlayAnimation","Slot":"Status"}]},{"$Comment":"Join eligible flocks if not a member of a flock.","Enabled":{"Compute":"!isEmptyStringArray(FlockArray)"},"Sensor":{"Type":"Mob","Range":20,"ExcludeOwnType":false,"LockOnTarget":true,"Filters":[{"Type":"NPCGroup","IncludeGroups":["Self"]},{"Type":"Flock","FlockStatus":"NotMember"}]},"Actions":[{"Type":"JoinFlock"}]}]},{"Continue":true,"$Comment":"This is separate so it can run all the time regardless of the rest of the script, when in water go straight to panic to get out","Instructions":[{"Sensor":{"Type":"And","Sensors":[{"Type":"InWater"},{"Type":"Not","Sensor":{"Type":"State","State":"Panic"}}]},"Actions":[{"Type":"State","State":"Panic"}]}]},{"$Comment":"If there are configured attachments for the 'harvestable' state, apply them","Enabled":{"Compute":"IsHarvestable"},"Continue":true,"Sensor":{"Type":"Alarm","Name":"Harvest_Ready","State":"Passed","Clear":true},"Instructions":[{"Enabled":{"Compute":"!isEmpty(HarvestModelSlot)"},"Actions":[{"Type":"ModelAttachment","Slot":{"Compute":"HarvestModelSlot"},"Attachment":{"Compute":"HarvestModelAttachmentHarvestable"}}]}]},{"$Comment":"Initializes the produce item alarm","Enabled":{"Compute":"!isEmpty(ProduceItem)"},"Sensor":{"Type":"Any","Once":true},"Actions":[{"Type":"SetAlarm","Name":"Produce_Ready","DurationRange":{"Compute":"ProduceTimeout"}}]},{"Instructions":[{"$Comment":"Idle behaviors (wander, eat, grazing, etc.). Note: engine may not provide hasPassengers(); when mounted, FollowService removes FlockMembership so HorseFollow does not match.","Sensor":{"Type":"State","State":"Idle"},"Enabled":{"Compute":"true"},"Instructions":[{"$Comment":"HorseFollow stay: when StayIdleGoToSleep true, transition Idle -> Sleep so StateTransitions run Laydown.","Enabled":{"Compute":"StayIdleGoToSleep"},"Sensor":{"Type":"Any","Once":true},"Actions":[{"Type":"State","State":"Sleep"}]},{"$Comment":"Switch to flee state if any flock member engages a target TODO switch to attack if you are very close and can attack? otherwise flee.","Enabled":{"Compute":"!isEmptyStringArray(FlockArray)"},"Sensor":{"Type":"Beacon","Message":"Flock_Attack","TargetSlot":"LockedTarget","Range":{"Compute":"HearingRange"}},"Actions":[{"Type":"State","State":"Alerted"}]},{"Reference":"Component_Instruction_Damage_Check","Modify":{"_ExportStates":["Flee.Switch","Panic"],"AlertedRange":{"Compute":"AlertedRange"}}},{"$Comment":"Check if there are any potential things that can alert the NPC","Sensor":{"Reference":"Component_Sensor_Standard_Detection","Modify":{"ViewRange":{"Compute":"ViewRange"},"ViewSector":{"Compute":"ViewSector"},"HearingRange":{"Compute":"HearingRange"},"AbsoluteDetectionRange":{"Compute":"AbsoluteDetectionRange"},"Attitudes":["Hostile","Neutral","Friendly"]}},"Actions":[{"Type":"State","State":"Alerted"}]},{"$Comment":"If we're beyond our soft leash radius for a set period of time, return home.","Continue":true,"Sensor":{"Type":"Leash","Range":{"Compute":"LeashDistance"}},"ActionsBlocking":true,"Actions":[{"Type":"Timeout","Delay":[15,20]},{"Type":"State","State":"ReturnHome"}]},{"$Comment":"HorseFollow: eating/grazing only when not following (HorseFollowEnabled = when bound).","Enabled":{"Compute":"!HorseFollowEnabled"},"Sensor":{"Type":"State","State":".FindFood"},"Instructions":[{"Sensor":{"Type":"Or","Sensors":[{"Type":"Block","Range":1.5,"MaxHeight":4,"Blocks":{"Compute":"FoodBlockSet"},"Random":true},{"Enabled":{"Compute":"!isEmptyStringArray(FoodItemSet)"},"Type":"DroppedItem","Range":1,"Items":{"Compute":"FoodItemSet"},"ViewSector":{"Compute":"ViewSector"},"LineOfSight":true}]},"BodyMotion":{"Type":"AimCharge"},"ActionsBlocking":true,"Actions":[{"Type":"PlayAnimation","Slot":"Status","Animation":"Eat"},{"Type":"Timeout","Delay":[4,6]},{"Type":"PickUpItem","Items":["*Hay*"],"Range":1.5,"StorageTarget":"Destroy"}]},{"Sensor":{"Type":"Or","Sensors":[{"Type":"Block","Range":{"Compute":"ViewRange"},"MaxHeight":4,"Blocks":{"Compute":"FoodBlockSet"},"Random":true},{"Enabled":{"Compute":"!isEmptyStringArray(FoodItemSet)"},"Type":"DroppedItem","Range":{"Compute":"ViewRange"},"Items":{"Compute":"FoodItemSet"},"ViewSector":{"Compute":"ViewSector"},"LineOfSight":true}]},"BodyMotion":{"Type":"Seek","RelativeSpeed":0.6,"StopDistance":0.5,"RelaxedMoveConstraints":false},"HeadMotion":{"Type":"Watch"}},{"Sensor":{"Type":"Any"},"ActionsBlocking":true,"Actions":[{"Type":"PlayAnimation","Slot":"Status"},{"Type":"Timeout","Delay":[2,4]},{"Type":"ResetBlockSensors"},{"Type":"State","State":".Default"}]}]},{"$Comment":"Produce an item","Enabled":{"Compute":"!isEmpty(ProduceItem)"},"Continue":true,"Instructions":[{"Sensor":{"Type":"Alarm","Name":"Produce_Ready","State":"Passed","Clear":true},"Actions":[{"Type":"Nothing"}]},{"Sensor":{"Type":"Alarm","Name":"Produce_Ready","State":"Unset"},"Actions":[{"Type":"DropItem","Item":{"Compute":"ProduceItem"},"Distance":[0,0],"Delay":[0,0],"ThrowSpeed":14.32},{"Type":"SetAlarm","Name":"Produce_Ready","DurationRange":{"Compute":"ProduceTimeout"}}]}]},{"$Comment":"Execute daytime idle behaviors.","Type":"Random","ExecuteFor":[20,30],"Sensor":{"Type":"Time","Period":{"Compute":"DayTimePeriod"},"CheckDay":true},"Instructions":[{"$Comment":"Regular wander.","Weight":20,"Instructions":[{"Continue":true,"Actions":[{"Type":"Crouch","Crouch":false}]},{"Reference":"Component_Instruction_Leash_To_Flock_Leader","Modify":{"Enabled":{"Compute":"!isEmptyStringArray(FlockArray)"},"WanderRadius":{"Compute":"WanderRadius"},"StopDistance":3}},{"BodyMotion":{"Type":"Sequence","Looped":true,"Motions":[{"Type":"Timer","Time":[1,5],"Motion":{"Type":"WanderInCircle","Radius":{"Compute":"WanderRadius"},"MaxHeadingChange":60,"RelativeSpeed":0.18}},{"Type":"Timer","Time":[3,8],"Motion":{"Type":"Nothing"}}]}}]},{"$Comment":"TODO: grazing component seems to be borked. HorseFollow: only when not following.","Enabled":{"Compute":"!HorseFollowEnabled"},"Weight":10,"Instructions":[{"Sensor":{"Type":"Self","Filters":[{"Type":"StandingOnBlock","BlockSet":{"Compute":"GrazingBlockSet"}}]},"ActionsBlocking":true,"Actions":[{"Type":"PlayAnimation","Slot":"Status","Animation":"Eat"},{"Type":"Timeout","Delay":[5,6]},{"Type":"PlayAnimation","Slot":"Status"},{"Type":"ResetInstructions"}]},{"$Comment":"They are not standing on grazing block","Actions":[{"Type":"ResetInstructions"},{"Type":"State","State":".Default"}]}]},{"$Comment":"HorseFollow: seek food/eat only when not following.","Enabled":{"Compute":"(!isEmpty(FoodBlockSet) || !isEmptyStringArray(FoodItemSet)) && !HorseFollowEnabled"},"Weight":10,"Instructions":[{"Sensor":{"Type":"Or","Sensors":[{"Enabled":{"Compute":"!isEmptyStringArray(FoodItemSet)"},"Type":"DroppedItem","Range":{"Compute":"ViewRange"},"Items":{"Compute":"FoodItemSet"},"ViewSector":{"Compute":"ViewSector"},"LineOfSight":true},{"Enabled":{"Compute":"!isEmpty(FoodBlockSet)"},"Type":"Block","Range":{"Compute":"ViewRange"},"MaxHeight":4,"Blocks":{"Compute":"FoodBlockSet"},"Random":true}]},"Actions":[{"Type":"State","State":".FindFood"}]}]},{"$Comment":"Play a daytime flavor animation.","Enabled":{"Compute":"!isEmpty(DayFlavorAnimation)"},"Weight":3,"Instructions":[{"ActionsBlocking":true,"Actions":[{"Type":"PlayAnimation","Slot":"Status","Animation":{"Compute":"DayFlavorAnimation"}},{"Type":"Timeout","Delay":{"Compute":"DayFlavorAnimationLength"}},{"Type":"PlayAnimation","Slot":"Status"},{"Type":"ResetInstructions"}]}]},{"$Comment":"Nap. HorseFollow: only when not following.","Enabled":{"Compute":"DayTimeNapWeight > 0 && !HorseFollowEnabled"},"Weight":{"Compute":"DayTimeNapWeight"},"Instructions":[{"Actions":[{"Type":"State","State":"Sleep.Nap"}]}]}]},{"$Comment":"Sleep time. HorseFollow: only when not following.","Enabled":{"Compute":"!HorseFollowEnabled"},"Actions":[{"Type":"Timeout","Delay":[2,4],"Action":{"Type":"Sequence","Actions":[{"Type":"State","State":"Sleep"}]}}]}]},{"Sensor":{"Type":"State","State":"Sleep"},"Instructions":[{"$Comment":"Wake up if an enemy attacks a flock member.","Enabled":{"Compute":"!isEmptyStringArray(FlockArray)"},"Sensor":{"Type":"Beacon","Message":"Flock_Attack","TargetSlot":"LockedTarget"},"Actions":[{"Type":"State","State":"Alerted"}]},{"$Comment":"Just a little nap. HorseFollow: only when not following.","Enabled":{"Compute":"DayTimeNapWeight > 0 && !HorseFollowEnabled"},"Sensor":{"Type":"State","State":".Nap"},"Instructions":[{"$Comment":"Start the nap timer","Continue":true,"Sensor":{"Type":"Any","Once":true},"Actions":[{"Type":"TimerStart","Name":"NapTimer","StartValueRange":{"Compute":"DayTimeNapTimeRange"},"RestartValueRange":{"Compute":"DayTimeNapTimeRange"}},{"Type":"TimerRestart","Name":"NapTimer"}]},{"Reference":"Component_Instruction_Wild_Sleep_State","Modify":{"_ExportStates":["Panic","Panic","Flee.Switch","Idle"],"HearingRange":{"Compute":"HearingRange"},"Attitudes":["Hostile","Neutral"],"WakeupSensor":"Component_Sensor_Timed_Nap"}}]},{"$Comment":"Night-time sleep. Uses static reference (vanilla pattern). Stay role would need separate approach for HF_Component_Instruction_Stay_Sleep_State.","Instructions":[{"Reference":"Component_Instruction_Wild_Sleep_State","Modify":{"_ExportStates":["Panic","Panic","Flee.Switch","Idle"],"HearingRange":{"Compute":"HearingRange"},"Attitudes":["Hostile","Neutral"],"DayTimePeriod":{"Compute":"DayTimePeriod"}}}]}]},{"$Comment":"Used when receiving something like a flock beacon that may potentially result in the NPC becoming alerted but could also be discarded with a random chance.","Sensor":{"Type":"State","State":"Alerted"},"Instructions":[{"$Comment":"Play the alerted animation when entering the state","Continue":true,"Sensor":{"Type":"Any","Once":true},"Actions":[{"Type":"PlayAnimation","Slot":"Status","Animation":"Alerted"}]},{"$Comment":"Starting a timer to get out of alerted state if nothing else got us out of there. TODO: expose the timer duration","Continue":true,"ActionsBlocking":true,"Actions":[{"Type":"Timeout","Delay":{"Compute":"AlertedTimeoutGiveUp"}},{"Type":"State","State":".TimerEnd"}]},{"$Comment":"Check for damage","Reference":"Component_Instruction_Damage_Check","Modify":{"_ExportStates":["Flee.Switch","Panic"],"AlertedRange":{"Compute":"AlertedRange"}}},{"$Comment":"Watching a target always, if we have any","Continue":true,"Sensor":{"Type":"Target","Range":{"Compute":"AlertedRange"}},"HeadMotion":{"Type":"Watch"}},{"$Comment":"If the target gets too close, flee for a bit","Continue":true,"Sensor":{"Type":"Target","Range":{"Compute":"AlertedActionRange * randomInRange(0.3, 0.7)"}},"BodyMotion":{"Type":"Flee","RelativeSpeed":0.5,"StopDistance":{"Compute":"AlertedActionRange"},"SlowDownDistance":{"Compute":"AlertedActionRange * 0.25"},"RelaxedMoveConstraints":false}},{"Continue":true,"Sensor":{"$Comment":"If target is reasonably close, the NPC will react instead of just staring","Type":"Target","Range":{"Compute":"AlertedActionRange"},"Filters":[{"Type":"LineOfSight"}]},"Instructions":[{"Enabled":{"Compute":"!isEmptyStringArray(LovedItems)"},"$Comment":"If the target is holding an item deemed very attractive, always follow it","Sensor":{"Type":"Target","Filters":[{"Type":"ItemInHand","Items":{"Compute":"LovedItems"}},{"Type":"Not","Filter":{"Type":"Attitude","Attitudes":["Hostile","Ignore"]}}]},"Actions":[{"$Comment":"TODO: check what particle systems are offsetting off of and potentially expose it to compute","Type":"SpawnParticles","Offset":[0,1,0],"ParticleSystem":"Hearts"},{"Type":"OverrideAttitude","Attitude":"Friendly","Duration":{"Compute":"FriendlyOverrideTimeWithAttractiveItem"}},{"Type":"State","State":"Curious.Item"}]},{"$Comment":"Threatening actions that will cause the NPC to flee","Sensor":{"Type":"Or","Sensors":[{"Type":"Target","Filters":[{"Type":"Or","Filters":[{"Type":"Attitude","Attitudes":["Hostile"]},{"Type":"Combat"},{"Type":"ItemInHand","Items":["*Weapon*"]}]}]},{"Type":"Target","Filters":[{"Type":"Not","Filter":{"Type":"Attitude","Attitudes":["Friendly"]}},{"Type":"MovementState","State":"Sprinting"}]},{"Enabled":{"Compute":"Timid"},"Type":"Target","Filters":[{"Type":"MovementState","State":"Sprinting"}]},{"Type":"Target","Range":{"Compute":"min(AbsoluteDetectionRange, AlertedActionRange * 0.75)"},"Filters":[{"Type":"Not","Filter":{"Type":"Attitude","Attitudes":["Friendly","Ignore"]}}]}]},"Actions":[{"Type":"State","State":"Flee.Switch"}]},{"Continue":true,"$Comment":"Starting a second timer to try and turn friendly. TODO: compute it as % of alerted timer","Sensor":{"Type":"Target","Filters":[{"Type":"Attitude","Attitudes":["Neutral"]}]},"ActionsBlocking":true,"Actions":[{"Type":"Timeout","Delay":{"Compute":"AlertedTimeoutReaction"}},{"Type":"State","State":".Switch"}]},{"$Comment":"Execute random behaviors towards friendly and revered.","Type":"Random","ExecuteFor":[15,20],"Sensor":{"Type":"Target","Filters":[{"Type":"Attitude","Attitudes":["Friendly","Revered"]}]},"Instructions":[{"Enabled":{"Compute":"!isEmptyStringArray(AttractiveItems)"},"Weight":{"Compute":"WeightFollowItem"},"$Comment":"TODO: change this to a weight-based decision to avoid the whole flock chasing the item","Sensor":{"Type":"Target","Filters":[{"Type":"ItemInHand","Items":{"Compute":"AttractiveItems"}}]},"Actions":[{"Type":"State","State":"Curious.Item"}]},{"Enabled":{"Compute":"WeightGreet > 0"},"Weight":{"Compute":"WeightGreet"},"Actions":[{"Type":"State","State":"Curious.Greet"}]},{"$Comment":"NPC will approach player and stop at a distance, following them like this for a while","Enabled":{"Compute":"WeightFollow > 0"},"Weight":{"Compute":"WeightFollow"},"Actions":[{"Type":"State","State":"Curious.Follow"}]},{"$Comment":"We override the attitude here and go to idle - this way the alerted state won't be triggered right away","Enabled":{"Compute":"WeightIgnore > 0"},"Weight":{"Compute":"WeightIgnore"},"Sensor":{"Type":"Target"},"ActionsBlocking":true,"Actions":[{"Type":"OverrideAttitude","Attitude":"Ignore","Duration":{"Compute":"IgnoreOverrideTime"}},{"Type":"State","State":"Idle"}]},{"$Comment":"Fallback if weights are misconfigured","Weight":1,"Sensor":{"Type":"Target"},"ActionsBlocking":true,"Actions":[{"Type":"OverrideAttitude","Attitude":"Ignore","Duration":{"Compute":"IgnoreOverrideTime"}},{"Type":"State","State":"Idle"}]}]}]},{"Sensor":{"Type":"State","State":".TimerEnd"},"Instructions":[{"Enabled":{"Compute":"!Timid"},"Sensor":{"$Comment":"Timer ended, we still have a target and it's a friendly one and we are not timid","Type":"Target","Range":{"Compute":"AlertedRange"},"Filters":[{"Type":"Attitude","Attitudes":["Friendly"]}]},"Actions":[{"Type":"OverrideAttitude","Attitude":"Ignore","Duration":{"Compute":"IgnoreOverrideTime"}},{"Type":"State","State":"Idle"}]},{"Enabled":{"Compute":"Timid"},"Sensor":{"$Comment":"Timer ended, I am timid and the target is staring me down, stranger danger, flee","Type":"Target","Range":{"Compute":"AlertedRange"},"Filters":[{"Type":"SpotsMe"},{"Type":"Not","Filter":{"Type":"Attitude","Attitudes":["Friendly"]}}]},"Actions":[{"Type":"State","State":"Flee"}]},{"Sensor":{"$Comment":"Timer ended, target seems uninterested and is assumed to be harmless, ignore for a while","Type":"Target","Range":{"Compute":"AlertedRange"}},"Actions":[{"Type":"OverrideAttitude","Attitude":"Ignore","Duration":{"Compute":"IgnoreOverrideTime"}},{"Type":"State","State":"Idle"}]},{"$Comment":"There is no target, so just go idle","Actions":[{"Type":"State","State":"Idle"}]}]},{"$Comment":"Timer elapsed and we randomly decide if friendly or not. This has to continue so we can hit the friendly instructions below","Sensor":{"Type":"State","State":".Switch"},"Instructions":[{"$Comment":"If the NPC is configured with a different chance to befriend when the target is holding a special item, use that chance","Enabled":{"Compute":"ChanceToTurnFriendlyWithAttractiveItem > 0"},"Sensor":{"Type":"Target","Filters":[{"Type":"Attitude","Attitudes":["Neutral"]},{"Type":"ItemInHand","Items":{"Compute":"AttractiveItems"}}]},"Type":"Random","ExecuteFor":[15,20],"Instructions":[{"Weight":{"Compute":"ChanceToTurnFriendlyWithAttractiveItem"},"Sensor":{"Type":"Target"},"Actions":[{"$Comment":"TODO: check what particle systems are offsetting off of and potentially expose it to compute","Type":"SpawnParticles","Offset":[0,1,0],"ParticleSystem":"Hearts"},{"Type":"OverrideAttitude","Attitude":"Friendly","Duration":{"Compute":"FriendlyOverrideTimeWithAttractiveItem"}},{"$Comment":"Prevents the next instruction from running as soon as the player is no longer neutral","Type":"State","State":".Default"}]},{"Enabled":{"Compute":"ChanceToTurnFriendlyWithAttractiveItem < 100"},"Weight":{"Compute":"100 - ChanceToTurnFriendlyWithAttractiveItem"},"Actions":[{"Type":"State","State":"Flee"}]}]},{"$Comment":"NPC becoming friendly with a player","Enabled":{"Compute":"ChanceToTurnFriendly > 0"},"Sensor":{"Type":"Target","Filters":[{"Type":"Attitude","Attitudes":["Neutral"]}]},"Type":"Random","ExecuteFor":[15,20],"Instructions":[{"Weight":{"Compute":"ChanceToTurnFriendly"},"Sensor":{"Type":"Target"},"Actions":[{"$Comment":"TODO: check what it is offseting off and potentially expose it to compute","Type":"SpawnParticles","Offset":[0,1,0],"ParticleSystem":"Hearts"},{"Type":"OverrideAttitude","Attitude":"Friendly","Duration":{"Compute":"FriendlyOverrideTime"}},{"$Comment":"Prevents the next instruction from running as soon as the player is no longer neutral","Type":"State","State":".Default"}]},{"Enabled":{"Compute":"ChanceToTurnFriendly < 100"},"Weight":{"Compute":"100 - ChanceToTurnFriendly"},"Actions":[{"Type":"State","State":"Flee"}]}]}]}]},{"Sensor":{"Type":"State","State":"Curious"},"Instructions":[{"$Comment":"Animations","Continue":true,"Sensor":{"Type":"Any","Once":true},"Actions":[{"Type":"PlayAnimation","Slot":"Status","Animation":"Curious"}]},{"$Comment":"If getting to the target takes too long, ignore and go to idle. This is also how long it will follow if this is triggered,TODO: mb could be a bit longer for the follow? ","Sensor":{"Type":"And","Sensors":[{"Type":"Target"},{"$Comment":"The item follow substates has its own timeouts","Type":"Not","Sensor":{"Type":"State","State":"Curious.Item"}}]},"Continue":true,"ActionsBlocking":true,"Actions":[{"Type":"Timeout","Delay":[7,7]},{"Type":"OverrideAttitude","Attitude":"Ignore","Duration":{"Compute":"IgnoreOverrideTime"}},{"Type":"State","State":"Idle"}]},{"$Comment":"Check if there are any potential threats nearby and flee. TODO: add more tirggers to flee","Sensor":{"Reference":"Component_Sensor_Standard_Detection","Modify":{"ViewRange":{"Compute":"ViewRange"},"ViewSector":{"Compute":"ViewSector"},"HearingRange":{"Compute":"HearingRange"},"AbsoluteDetectionRange":{"Compute":"AbsoluteDetectionRange"},"Attitudes":["Hostile"]}},"Actions":[{"Type":"State","State":"Flee.Switch"}]},{"Reference":"Component_Instruction_Damage_Check","Modify":{"_ExportStates":["Flee.Switch","Panic"],"AlertedRange":{"Compute":"AlertedRange"}}},{"$Comment":"TODO: mb potentially move secnsor component for curious, or for alerted - with parameters to be mor forgiving","Sensor":{"Type":"Or","Sensors":[{"Type":"Target","Filters":[{"Type":"Or","Filters":[{"Type":"Attitude","Attitudes":["Hostile"]},{"Type":"Combat"},{"Type":"ItemInHand","Items":["*Weapon*"]}]}]},{"Type":"Target","Filters":[{"Type":"Not","Filter":{"Type":"Attitude","Attitudes":["Friendly"]}},{"Type":"MovementState","State":"Sprinting"}]},{"Enabled":{"Compute":"Timid"},"Type":"Target","Filters":[{"Type":"MovementState","State":"Sprinting"}]},{"Type":"Target","Range":{"Compute":"AbsoluteDetectionRange"},"Filters":[{"Type":"Not","Filter":{"Type":"Attitude","Attitudes":["Friendly","Ignore"]}}]}]},"Actions":[{"Type":"State","State":"Flee.Switch"}]},{"$Comment":"We lost target","Sensor":{"Type":"Not","Sensor":{"Type":"Target","Range":{"Compute":"AlertedRange"},"Filters":[{"Type":"LineOfSight"}]}},"ActionsBlocking":true,"Actions":[{"Type":"Timeout","Delay":[0.2,0.2]},{"Type":"State","State":"Idle"}]},{"$Comment":"Moving to an attractive item","Sensor":{"Type":"State","State":".Item"},"Instructions":[{"$Comment":"Start a timer after which the NPC will lose interest in the item holder, regardless of range","Continue":true,"Sensor":{"Type":"Target"},"HeadMotion":{"Type":"Watch"},"ActionsBlocking":true,"Actions":[{"Type":"Timeout","Delay":{"Compute":"AttractiveItemsTimeout"}},{"Type":"PlayAnimation","Slot":"Status"},{"Type":"Timeout","Delay":[2,4]},{"Type":"OverrideAttitude","Attitude":"Ignore","Duration":20},{"Type":"State","State":"Idle"}]},{"$Comment":"Target too far or without attractive item","Sensor":{"Type":"And","Sensors":[{"Type":"Not","Sensor":{"Type":"Target","Range":{"Compute":"AlertedRange"},"Filters":[{"Type":"LineOfSight"},{"Type":"ItemInHand","Items":{"Compute":"AttractiveItems"}}]}},{"$Comment":"Need to do this to avoid two concurrent ItemInHand filters","Enabled":{"Compute":"!isEmptyStringArray(LovedItems)"},"Type":"Not","Sensor":{"Type":"Target","Range":{"Compute":"AlertedRange"},"Filters":[{"Type":"LineOfSight"},{"Type":"ItemInHand","Items":{"Compute":"LovedItems"}}]}}]},"ActionsBlocking":true,"Actions":[{"Type":"PlayAnimation","Slot":"Status","Animation":"Alerted"},{"Type":"Timeout","Delay":[2,3]},{"Type":"State","State":"Idle"}]},{"Sensor":{"Type":"Target","Range":2.5},"ActionsBlocking":true,"Actions":[{"Type":"Timeout","Delay":{"Compute":"AttractiveItemsSmellTimeout"}},{"Type":"PlayAnimation","Slot":"Status"},{"Type":"OverrideAttitude","Attitude":"Ignore","Duration":20},{"Type":"State","State":"Idle"}]},{"Sensor":{"Type":"Target","Range":{"Compute":"AlertedRange"}},"BodyMotion":{"Type":"Seek","SlowDownDistance":3.5,"StopDistance":2,"RelativeSpeed":0.4,"RelaxedMoveConstraints":false}}]},{"$Comment":"Moving to Greet","Sensor":{"Type":"State","State":".Greet"},"Instructions":[{"Sensor":{"Type":"Target","Range":3},"HeadMotion":{"Type":"Watch","RelativeTurnSpeed":0.5},"ActionsBlocking":true,"Actions":[{"Type":"PlayAnimation","Slot":"Status","Animation":"GreetAnimation"},{"Type":"Timeout","Delay":[2,4]},{"Type":"PlayAnimation","Slot":"Status"},{"Type":"OverrideAttitude","Attitude":"Ignore","Duration":{"Compute":"IgnoreOverrideTime"}},{"Type":"State","State":"Idle"}]},{"Sensor":{"Type":"Target","Range":{"Compute":"AlertedActionRange"}},"BodyMotion":{"Type":"Seek","SlowDownDistance":5,"StopDistance":3,"RelativeSpeed":0.4,"RelaxedMoveConstraints":false}}]},{"$Comment":"Moving to follow, stop at half alerted action range and watch a bit. TODO: flee if player sprints towards npc","Sensor":{"Type":"State","State":".Follow"},"Instructions":[{"Continue":true,"Sensor":{"Type":"Target","Range":{"Compute":"AlertedActionRange"}},"BodyMotion":{"Type":"Seek","SlowDownDistance":{"Compute":"AlertedActionRange"},"StopDistance":3,"RelativeSpeed":0.4,"RelaxedMoveConstraints":false}},{"Sensor":{"Type":"Target","Range":4},"ActionsBlocking":true,"Actions":[{"Type":"Timeout","Delay":[0.5,0.5]}],"HeadMotion":{"Type":"Watch"}}]}]},{"Sensor":{"Type":"State","State":"ReturnHome"},"Instructions":[{"$Comment":"Switch to flee state if any flock member engages a target TODO switch to attack if you are very close and can attack? otherwise flee.","Enabled":{"Compute":"!isEmptyStringArray(FlockArray)"},"Sensor":{"Type":"Beacon","Message":"Flock_Attack","TargetSlot":"LockedTarget","Range":{"Compute":"HearingRange"}},"Actions":[{"Type":"State","State":"Alerted"}]},{"Reference":"Component_Instruction_Damage_Check","Modify":{"_ExportStates":["Flee.Switch","Panic"],"AlertedRange":{"Compute":"AlertedRange"}}},{"$Comment":"Check if there are any potential things that can alert the NPC","Sensor":{"Reference":"Component_Sensor_Standard_Detection","Modify":{"ViewRange":{"Compute":"ViewRange"},"ViewSector":{"Compute":"ViewSector"},"HearingRange":{"Compute":"HearingRange"},"AbsoluteDetectionRange":{"Compute":"AbsoluteDetectionRange"},"Attitudes":["Hostile","Neutral","Friendly"]}},"Actions":[{"Type":"State","State":"Alerted"}]},{"Sensor":{"$Comment":"TODO: make them walk home, expose walking speed?","Type":"Leash","Range":{"Compute":"LeashDistance * 0.3"}},"BodyMotion":{"Type":"Seek","SlowDownDistance":1,"StopDistance":0.5,"RelativeSpeed":0.4,"UsePathfinder":true}},{"Actions":[{"Type":"SetStat","Stat":"Health","Value":1000000},{"Type":"State","State":"Idle"}]}]},{"Sensor":{"Type":"State","State":"Flee"},"Instructions":[{"$Comment":"TODO: Add a state message","Enabled":{"Compute":"!isEmptyStringArray(FlockArray)"},"Continue":true,"Sensor":{"Type":"Any","Once":true},"Actions":[{"Type":"FlockBeacon","Message":"Flock_Attack","SendTargetSlot":"LockedTarget"}]},{"Reference":"Component_Instruction_Damage_Check","Modify":{"_ExportStates":["Flee.Switch","Panic"],"AlertedRange":{"Compute":"AlertedRange"}}},{"Sensor":{"Type":"State","State":".Switch"},"Instructions":[{"Sensor":{"Type":"Target","TargetSlot":"LockedTarget","Range":{"Compute":"AttackRange"}},"Instructions":[{"Continue":true,"Sensor":{"Type":"Target","Once":true},"Actions":[{"$TODO":"Maybe friendly lifestock doesnt override it for player when hit","Type":"OverrideAttitude","Attitude":"Hostile","Duration":23}]},{"Enabled":{"Compute":"AttackWhenStartled"},"Sensor":{"Type":"Target","Filters":[{"Type":"Not","Filter":{"Type":"ViewSector","ViewSector":270}}]},"ActionsBlocking":true,"Actions":[{"Type":"PlayAnimation","Slot":"Status","Animation":"Alerted"},{"Type":"Timeout","Delay":[0.2,0.2]},{"Type":"PlayAnimation","Slot":"Status"},{"Type":"State","State":".Attack"}]},{"Actions":[{"Type":"State","State":".Default"}]}]},{"Sensor":{"Type":"Target","TargetSlot":"LockedTarget","Range":{"Compute":"AlertedRange"}},"Actions":[{"Type":"State","State":".Default"}]},{"Actions":[{"Type":"State","State":"Panic"}]}]},{"Sensor":{"Type":"State","State":".Attack"},"ActionsBlocking":true,"Actions":[{"Type":"Attack","Attack":{"Compute":"Attack"},"AttackPauseRange":[1,2]},{"Type":"Timeout","Delay":[0.3,0.3],"Action":{"Type":"State","State":".Default"}}]},{"Sensor":{"Type":"Target","Range":{"Compute":"AlertedRange + 3"}},"BodyMotion":{"Type":"Flee","SlowDownDistance":{"Compute":"AlertedRange - 3"},"StopDistance":{"Compute":"AlertedRange + 3"},"RelativeSpeed":0.68},"Actions":[{"Type":"Timeout","Delay":[8,8],"Action":{"Type":"State","State":".Switch"}}]},{"Actions":[{"Type":"Timeout","Delay":[3,6],"Action":{"Type":"State","State":"Idle"}}]}]},{"Sensor":{"Type":"State","State":"Panic"},"Instructions":[{"Continue":true,"Sensor":{"Type":"Any","Once":true},"Actions":[{"Type":"PlayAnimation","Slot":"Status","Animation":"Alerted"}]},{"Continue":true,"Actions":[{"Type":"Timeout","Delay":[6,12],"Action":{"Type":"State","State":"Idle"}}]},{"Sensor":{"Type":"Damage","Combat":true},"BodyMotion":{"Type":"Flee","SlowDownDistance":9,"StopDistance":14,"RelativeSpeed":1,"RelaxedMoveConstraints":false}},{"BodyMotion":{"Type":"WanderInCircle","Radius":10,"MaxHeadingChange":90,"RelativeSpeed":1,"RelaxedMoveConstraints":true}}]},{"Sensor":{"Type":"State","State":"$Harvest"},"Instructions":[{"$Comment":"Base harvest logic: particles, sound, alarm (always runs)","Continue":true,"Sensor":{"Type":"Any","Once":true},"Actions":[{"Type":"PlayAnimation","Slot":"Status","Animation":"Alerted"},{"Type":"SpawnParticles","Offset":[0,1,0],"ParticleSystem":{"Compute":"HarvestParticles"}},{"Type":"PlaySound","SoundEventId":{"Compute":"HarvestSound"}},{"Type":"SetAlarm","Name":"Harvest_Ready","DurationRange":{"Compute":"HarvestTimeout"}}]},{"$Comment":"Drop item only if HarvestDropList is set","Enabled":{"Compute":"!isEmpty(HarvestDropList)"},"Continue":true,"Sensor":{"Type":"Any","Once":true},"Actions":[{"Type":"DropItem","DropList":{"Compute":"HarvestDropList"},"Distance":[0.2,0.5],"Delay":[0,0],"DropSector":[-360,360],"PitchHigh":false,"ThrowSpeed":14}]},{"$Comment":"Replace Container_Bucket with milk when held","Enabled":{"Compute":"!isEmpty(HarvestAddItemBucket)"},"Continue":true,"Sensor":{"Type":"And","Sensors":[{"Type":"Any","Once":true},{"Type":"Target","Filters":[{"Type":"ItemInHand","Items":["Container_Bucket"]}]}]},"Actions":[{"Type":"Inventory","UseTarget":true,"Operation":"RemoveHeldItem"},{"Type":"Inventory","UseTarget":true,"Operation":"Add","Item":{"Compute":"HarvestAddItemBucket"},"Count":1}]},{"$Comment":"Replace Deco_Bucket with milk when held","Enabled":{"Compute":"!isEmpty(HarvestAddItemDecoBucket)"},"Continue":true,"Sensor":{"Type":"And","Sensors":[{"Type":"Any","Once":true},{"Type":"Target","Filters":[{"Type":"ItemInHand","Items":["Deco_Bucket"]}]}]},"Actions":[{"Type":"Inventory","UseTarget":true,"Operation":"RemoveHeldItem"},{"Type":"Inventory","UseTarget":true,"Operation":"Add","Item":{"Compute":"HarvestAddItemDecoBucket"},"Count":1}]},{"$Comment":"If there are configured attachments for the 'harvested' state, apply them","Enabled":{"Compute":"IsHarvestable && !isEmpty(HarvestModelSlot)"},"Continue":true,"Actions":[{"Type":"ModelAttachment","Slot":{"Compute":"HarvestModelSlot"},"Attachment":{"Compute":"HarvestModelAttachmentHarvested"}}]},{"ActionsBlocking":true,"Actions":[{"Type":"Timeout","Delay":[2,3]},{"Type":"State","State":"Flee"}]}]}]}],"InteractionInstruction":{"Enabled":{"Compute":"IsHarvestable || IsMountable"},"Instructions":[{"Enabled":{"Compute":"IsHarvestable"},"Instructions":[{"Sensor":{"$Comment":"Check the negative first so we can exit early and avoid the rest of the logic","Type":"Not","Sensor":{"Type":"And","Sensors":[{"Type":"Alarm","Name":"Harvest_Ready","State":"Unset"},{"Type":"CanInteract","Attitudes":{"Compute":"HarvestRequiredAttitudes"}}]}},"Actions":[{"Type":"SetInteractable","Interactable":false}]},{"$Comment":"Allow contextual interactions (shearing) but hide F key prompt","Continue":true,"Sensor":{"Type":"Any"},"Actions":[{"Type":"SetInteractable","Interactable":true,"ShowPrompt":false}]},{"$Comment":"Harvest action triggered by left-click with appropriate tool","Sensor":{"Type":"And","Sensors":[{"Enabled":{"Compute":"!isEmpty(HarvestInteractionContext)"},"Type":"InteractionContext","Context":{"Compute":"HarvestInteractionContext"}},{"Type":"Alarm","Name":"Harvest_Ready","State":"Unset"}]},"Actions":[{"Type":"State","State":"$Harvest"}]}]},{"Enabled":{"Compute":"IsMountable"},"Instructions":[{"Sensor":{"Type":"Not","Sensor":{"$Comment":"Check the negative first so we can exit early and avoid the rest of the logic","Type":"CanInteract","ViewSector":360,"Attitudes":["Friendly","Revered"]}},"Actions":[{"Type":"SetInteractable","Interactable":false}]},{"Continue":true,"Sensor":{"Type":"Any"},"Actions":[{"Type":"SetInteractable","Interactable":true,"Hint":"server.interactionHints.mount"}]},{"Sensor":{"Type":"HasInteracted"},"Actions":[{"Type":"Mount","AnchorX":{"Compute":"MountAnchorX"},"AnchorY":{"Compute":"MountAnchorY"},"AnchorZ":{"Compute":"MountAnchorZ"},"MovementConfig":{"Compute":"MountMovementConfig"}}]}]}]},"NameTranslationKey":{"Compute":"NameTranslationKey"}}...)
[2026/02/05 18:58:38   WARN]                          [NPC|P] Unknown JSON attribute 'MountAnchorY' found in Role|Abstract: /Server/NPC/Roles/_Core/Templates/Template_Animal_Tamed.json (JSON: ance":{"Value":"Deer_Stag","Description":"The NPC's model."},"WanderRadius":{"Value":7,"Description":"The wander radius of the NPC."},"ViewRange":{"Value":16,"Description":"The view distance of the NPC, in blocks."},"ViewSector":{"Value":180,"Description":"The view sector of the NPC, in degrees."},"HearingRange":{"Value":8,"Description":"The hearing distance of the NPC, in blocks."},"AbsoluteDetectionRange":{"Value":4,"Description":"The range at which a target is guaranteed to be detected, in blocks. If set to zero, absolute detection will be disabled. Within the alerted state, this value has an upper bound of 0.75 * AlertedActionRange."},"AlertedRange":{"Value":18,"Description":"The range within which the target can be seen/sensed when the NPC is alerted to their presence, in blocks. Should be higher than sense ranges."},"AlertedActionRange":{"Value":12,"Description":"The range at which an NPC will react to other NPCs and players, depending on the attitude towards them, in blocks. Should be higher than AbsoluteDetectionRange."},"LeashDistance":{"Value":20,"Description":"The range at which an NPC will start to want to return to their spawn point, in blocks."},"AttractiveItems":{"Value":["Tool_Feedbag"],"Description":"The list of items that are deemed attractive (there's a chance targets holding them will be followed)."},"LovedItems":{"Value":[],"TypeHint":"String","Description":"The list of items that are deemed very attractive (it's guaranteed targets holding them will be followed and befriended)."},"AttractiveItemsTimeout":{"Value":[15,20],"Description":"The maximum timeout after which the NPC will lose interest in attractive times, regardless of range to the target, in seconds."},"AttractiveItemsSmellTimeout":{"Value":[8,12],"Description":"The timeout after which the NPC will lose interest in attractive times, when near the target, in seconds"},"DropList":{"Value":"Empty","Description":"The NPC's drop list."},"FlockArray":{"Value":[],"TypeHint":"String","Description":"The set of NPCs belonging to this flock type"},"HorseFollowEnabled":{"Value":false,"Description":"If true, this NPC will follow its flock leader while idle (used by HorseFollow mod)."},"ClimbHeight":{"Value":1,"Description":"The maximum climb height, in blocks."},"AttitudeGroup":{"Value":"Livestock","Description":"The attitude group this NPC belongs to."},"PlayerDefaultAttitude":{"Value":"Neutral","Description":"The default attitude towards the player."},"AlertedTimeoutReaction":{"Value":[2,6],"Description":"The timeout after which an alerted NPC will make a decision on whether to befriend the target, in seconds."},"AlertedTimeoutGiveUp":{"Value":[5,12],"Description":"The timeout after which an alerted NPC will give up on the target, in seconds."},"GrazingBlockSet":{"Value":"Grass","Description":"The type of block that this NPC will graze on top of."},"FoodBlockSet":{"Value":"Hay","Description":"The type of block that this NPC will occasionally seek out to munch on."},"FoodItemSet":{"Value":["Ingredient_Hay"],"Description":"The list of dropped items that this NPC will occasionally seek out to munch on."},"DayTimePeriod":{"Value":[6.01,17.99],"Description":"The hour range considered to be daytime for this NPC (inclusive). Hours should be written with decimal fractions."},"DayTimeNapWeight":{"Value":2,"Description":"The weight used to determine if the NPC should have a short nap during the day. Set to 0 to disable."},"DayTimeNapTimeRange":{"Value":[10,12],"Description":"The duration range of daytime naps, in seconds."},"SleepInstruction":{"Value":"Component_Instruction_Wild_Sleep_State","Description":"Instruction component for Sleep state (wake on time/damage/sound). Stay role overrides to HF_Component_Instruction_Stay_Sleep_State to disable time-based wake."},"StayIdleGoToSleep":{"Value":false,"Description":"HorseFollow stay: when true, in Idle state immediately transition to Sleep (so Laydown runs). Stay role sets true."},"DayFlavorAnimation":{"Value":"","Description":"The flavor animation to play during the day. Ignored if null or empty."},"GreetAnimation":{"Value":"","Description":"The flavor animation to play when greeting another NPC or player. Ignored if null or empty."},"ChanceToTurnFriendly":{"Value":25,"Description":"The chance that the NPC will befriend the target when in the alerted state."},"ChanceToTurnFriendlyWithAttractiveItem":{"Value":50,"Description":"The chance that the NPC will befriend the target, if the latter is holding an attractive item."},"FriendlyOverrideTime":{"Value":300,"Description":"The duration of the friendly attitude override for the target, in seconds."},"FriendlyOverrideTimeWithAttractiveItem":{"Value":900,"Description":"The duration of the friendly attitude override for the target, when the latter is holding an attractive item, in seconds."},"IgnoreOverrideTime":{"Value":1200,"Description":"The duration of the ignore attitude override for the target."},"WeightGreet":{"Value":1,"Description":"The chance that the NPC will greet a friendly target."},"WeightFollowItem":{"Value":1,"Description":"The chance that the NPC will follow a friendly target holding an attractive item."},"WeightFollow":{"Value":1,"Description":"The chance that the NPC will follow friendly NPCs or players at a distance."},"WeightIgnore":{"Value":1,"Description":"The chance that the NPC will ignore friendly NPCs of players."},"IsHarvestable":{"Value":false,"Description":"Whether this NPC can be 'harvested'. This includes shearing, milking, etc."},"HarvestInteractionContext":{"Value":"","Description":"The interaction context of the harvest tool. If empty, no tool is needed to harvest the NPC."},"HarvestRequiredAttitudes":{"Value":["Friendly","Neutral","Hostile","Ignore","Revered"],"Description":"The attitude groups of players that can harvest the NPC."},"HarvestDropList":{"Value":"","Description":"The drop list that's executed when the NPC is harvested."},"HarvestParticles":{"Value":"Alerted","Description":"The particle system that is spawned when the NPC is harvested."},"HarvestSound":{"Value":"SFX_Sheep_Sheared","Description":"The sound that plays when NPC is harvested."},"HarvestTimeout":{"Value":["P1D","P1D"],"Description":"The minimum time between consecutive harvests. Expressed in the ISO-8601 time period notation, where both values of the array must have the same prefix (either 'PT' or 'P')."},"HarvestModelSlot":{"Value":"","Description":"The model attachment slot where the 'harvested' state is displayed."},"HarvestModelAttachmentHarvestable":{"Value":"","Description":"The attachment that should be rendered when the NPC can be harvested."},"HarvestModelAttachmentHarvested":{"Value":"","Description":"The attachment that should be rendered when the NPC was harvested and is in timeout."},"HarvestAddItemBucket":{"Value":"","Description":"Item to add when player holds Container_Bucket (e.g., milk bucket for milking)."},"HarvestAddItemDecoBucket":{"Value":"","Description":"Item to add when player holds Deco_Bucket (e.g., milk bucket for milking)."},"ProduceItem":{"Value":"","Description":"The item this NPC produces (poop, eggs, etc)."},"ProduceTimeout":{"Value":["PT6H","PT36H"],"Description":"The timeout between consecutive produces."},"DayFlavorAnimationLength":{"Value":[3,5],"Description":"How long the daytime flavor animation will be played for, in seconds."},"Timid":{"Value":false,"Description":"Whether this NPC is timid or not. Timid NPCs are harder to approach and befriend."},"AttackWhenStartled":{"Value":false,"Description":"Whether this NPC attacks when startled."},"Attack":{"Value":"","Description":"The attack interaction this NPC will use."},"AttackRange":{"Value":5,"Description":"The range at which the NPC can identify an attacker."},"MaxSpeed":{"Value":4,"Description":"The maximum walking speed of the NPC."},"MaxHealth":{"Value":100,"Description":"The maximum health of the NPC."},"MaxRotationSpeed":{"Value":360,"Description":"The maximum rotation speed, in degrees per second."},"RunThreshold":{"Value":0.5,"Description":"The speed ratio at which the NPC switches to run animation (e.g if MaxSpeed is 10, and RunThreshold is set to 0.55, the NPC will start running at speed 5.5)."},"IsMemory":{"Value":false,"Description":"Whether the NPC is a memory."},"MemoriesCategory":{"Value":"Livestock","Description":"The category of the memory."},"MemoriesNameOverride":{"Value":"","Description":"If set, overrides the memory name."},"IsMountable":{"Value":false,"Description":"Whether this NPC can be mounted."},"MountAnchorX":{"Value":0},"MountAnchorY":{"Value":0},"MountAnchorZ":{"Value":0},"MountMovementConfig":{"Value":"Mount"},"BreathesInWater":{"Value":false,"Description":"Whether this NPC can breathe underwater."},"NameTranslationKey":{"Value":"server.npcRoles.Template.name","Description":"The translation key for the NPC name display"}},"IsMemory":{"Compute":"IsMemory"},"MemoriesCategory":{"Compute":"MemoriesCategory"},"MemoriesNameOverride":{"Compute":"MemoriesNameOverride"},"DropList":{"Compute":"DropList"},"FlockSpawnTypes":{"Compute":"FlockArray"},"FlockSpawnTypesRandom":true,"DisableDamageGroups":["Self"],"Appearance":{"Compute":"Appearance"},"DefaultPlayerAttitude":{"Compute":"PlayerDefaultAttitude"},"DefaultNPCAttitude":"Ignore","AttitudeGroup":{"Compute":"AttitudeGroup"},"ApplySeparation":true,"SeparationDistance":1,"SeparationWeight":1,"SeparationDistanceTarget":0.5,"SeparationNearRadiusTarget":1,"SeparationFarRadiusTarget":7,"BreathesInWater":{"Compute":"BreathesInWater"},"IsMountable":{"Compute":"IsMountable"},"MountAnchorX":{"Compute":"MountAnchorX"},"MountAnchorY":{"Compute":"MountAnchorY"},"MountAnchorZ":{"Compute":"MountAnchorZ"},"MountMovementConfig":{"Compute":"MountMovementConfig"},"KnockbackScale":0.5,"MotionControllerList":[{"Type":"Walk","MaxWalkSpeed":{"Compute":"MaxSpeed"},"Gravity":15,"MaxFallSpeed":15,"JumpHeight":0.1,"MaxRotationSpeed":{"Compute":"MaxRotationSpeed"},"Acceleration":100,"RunThreshold":{"Compute":"RunThreshold"},"DescentAnimationType":"Fall","DescentSteepness":2.5,"DescentBlending":1,"JumpDescentSteepness":8,"MaxClimbHeight":{"Compute":"ClimbHeight"}}],"StateTransitions":[{"States":[{"From":["Idle"],"To":["Sleep"]}],"Actions":{"Reference":"Component_ActionList_Sleep"}},{"States":[{"From":["Sleep"],"To":["Alerted","Flee","Idle"]}],"Actions":{"Reference":"Component_ActionList_Wake"}},{"$Comment":"Always clear animation when moving from Alerted or Flee state.","States":[{"To":[],"From":["Alerted","Flee"]}],"Actions":[{"Type":"PlayAnimation","Slot":"Status"},{"Type":"SetFlag","Name":"AnimationBlock","SetTo":false}]},{"$Comment":"Always clear target and reset instructions when going back to idle.","States":[{"To":["Idle"],"From":[]}],"Actions":[{"Type":"ReleaseTarget"},{"Type":"ResetInstructions"},{"Type":"PlayAnimation","Slot":"Status"}]},{"$Comment":"Clear idle anims","States":[{"To":[],"From":["Idle"]}],"Actions":[{"Type":"PlayAnimation","Slot":"Status"}]}],"MaxHealth":{"Compute":"MaxHealth"},"InteractionVars":{"Melee_Damage":{"Interactions":[{"$Comment":"Config for a successful melee hit, default values for Effects and HitShape are not overwritten here, see each NPC_ file","Parent":"NPC_Attack_Melee_Damage","DamageCalculator":{"Type":"Absolute","BaseDamage":{"Physical":5},"RandomPercentageModifier":0.1}}]}},"Instructions":[{"$Comment":"This is separate so it can run all the time regardless of the rest of the script","Continue":true,"Instructions":[{"$Comment":"Update flock member leash positions to match the leader.","Enabled":{"Compute":"!isEmptyStringArray(FlockArray)"},"Continue":true,"Sensor":{"Type":"And","Sensors":[{"Type":"FlockLeader"},{"Type":"Self","Filters":[{"Type":"Flock","FlockStatus":"Follower"}]}]},"Actions":[{"Type":"Timeout","Delay":[0.5,2],"Action":{"Type":"SetLeashPosition","ToTarget":true}}]},{"$Comment":"HorseFollow: Follow flock leader while idle (Seek). Disabled when mounted so idle anims do not run.","Enabled":{"Compute":"HorseFollowEnabled && !isEmptyStringArray(FlockArray)"},"Continue":true,"Sensor":{"Type":"And","Sensors":[{"Type":"State","State":"Idle"},{"Type":"FlockLeader"},{"Type":"Self","Filters":[{"Type":"Flock","FlockStatus":"Follower"}]}]},"HeadMotion":{"Type":"Watch"},"BodyMotion":{"Type":"Seek","SlowDownDistance":7,"StopDistance":4},"Actions":[{"$Comment":"Clear Status slot so Walk motion controller drives Walk/Run animation instead of Idle.","Type":"PlayAnimation","Slot":"Status"}]},{"$Comment":"Join eligible flocks if not a member of a flock.","Enabled":{"Compute":"!isEmptyStringArray(FlockArray)"},"Sensor":{"Type":"Mob","Range":20,"ExcludeOwnType":false,"LockOnTarget":true,"Filters":[{"Type":"NPCGroup","IncludeGroups":["Self"]},{"Type":"Flock","FlockStatus":"NotMember"}]},"Actions":[{"Type":"JoinFlock"}]}]},{"Continue":true,"$Comment":"This is separate so it can run all the time regardless of the rest of the script, when in water go straight to panic to get out","Instructions":[{"Sensor":{"Type":"And","Sensors":[{"Type":"InWater"},{"Type":"Not","Sensor":{"Type":"State","State":"Panic"}}]},"Actions":[{"Type":"State","State":"Panic"}]}]},{"$Comment":"If there are configured attachments for the 'harvestable' state, apply them","Enabled":{"Compute":"IsHarvestable"},"Continue":true,"Sensor":{"Type":"Alarm","Name":"Harvest_Ready","State":"Passed","Clear":true},"Instructions":[{"Enabled":{"Compute":"!isEmpty(HarvestModelSlot)"},"Actions":[{"Type":"ModelAttachment","Slot":{"Compute":"HarvestModelSlot"},"Attachment":{"Compute":"HarvestModelAttachmentHarvestable"}}]}]},{"$Comment":"Initializes the produce item alarm","Enabled":{"Compute":"!isEmpty(ProduceItem)"},"Sensor":{"Type":"Any","Once":true},"Actions":[{"Type":"SetAlarm","Name":"Produce_Ready","DurationRange":{"Compute":"ProduceTimeout"}}]},{"Instructions":[{"$Comment":"Idle behaviors (wander, eat, grazing, etc.). Note: engine may not provide hasPassengers(); when mounted, FollowService removes FlockMembership so HorseFollow does not match.","Sensor":{"Type":"State","State":"Idle"},"Enabled":{"Compute":"true"},"Instructions":[{"$Comment":"HorseFollow stay: when StayIdleGoToSleep true, transition Idle -> Sleep so StateTransitions run Laydown.","Enabled":{"Compute":"StayIdleGoToSleep"},"Sensor":{"Type":"Any","Once":true},"Actions":[{"Type":"State","State":"Sleep"}]},{"$Comment":"Switch to flee state if any flock member engages a target TODO switch to attack if you are very close and can attack? otherwise flee.","Enabled":{"Compute":"!isEmptyStringArray(FlockArray)"},"Sensor":{"Type":"Beacon","Message":"Flock_Attack","TargetSlot":"LockedTarget","Range":{"Compute":"HearingRange"}},"Actions":[{"Type":"State","State":"Alerted"}]},{"Reference":"Component_Instruction_Damage_Check","Modify":{"_ExportStates":["Flee.Switch","Panic"],"AlertedRange":{"Compute":"AlertedRange"}}},{"$Comment":"Check if there are any potential things that can alert the NPC","Sensor":{"Reference":"Component_Sensor_Standard_Detection","Modify":{"ViewRange":{"Compute":"ViewRange"},"ViewSector":{"Compute":"ViewSector"},"HearingRange":{"Compute":"HearingRange"},"AbsoluteDetectionRange":{"Compute":"AbsoluteDetectionRange"},"Attitudes":["Hostile","Neutral","Friendly"]}},"Actions":[{"Type":"State","State":"Alerted"}]},{"$Comment":"If we're beyond our soft leash radius for a set period of time, return home.","Continue":true,"Sensor":{"Type":"Leash","Range":{"Compute":"LeashDistance"}},"ActionsBlocking":true,"Actions":[{"Type":"Timeout","Delay":[15,20]},{"Type":"State","State":"ReturnHome"}]},{"$Comment":"HorseFollow: eating/grazing only when not following (HorseFollowEnabled = when bound).","Enabled":{"Compute":"!HorseFollowEnabled"},"Sensor":{"Type":"State","State":".FindFood"},"Instructions":[{"Sensor":{"Type":"Or","Sensors":[{"Type":"Block","Range":1.5,"MaxHeight":4,"Blocks":{"Compute":"FoodBlockSet"},"Random":true},{"Enabled":{"Compute":"!isEmptyStringArray(FoodItemSet)"},"Type":"DroppedItem","Range":1,"Items":{"Compute":"FoodItemSet"},"ViewSector":{"Compute":"ViewSector"},"LineOfSight":true}]},"BodyMotion":{"Type":"AimCharge"},"ActionsBlocking":true,"Actions":[{"Type":"PlayAnimation","Slot":"Status","Animation":"Eat"},{"Type":"Timeout","Delay":[4,6]},{"Type":"PickUpItem","Items":["*Hay*"],"Range":1.5,"StorageTarget":"Destroy"}]},{"Sensor":{"Type":"Or","Sensors":[{"Type":"Block","Range":{"Compute":"ViewRange"},"MaxHeight":4,"Blocks":{"Compute":"FoodBlockSet"},"Random":true},{"Enabled":{"Compute":"!isEmptyStringArray(FoodItemSet)"},"Type":"DroppedItem","Range":{"Compute":"ViewRange"},"Items":{"Compute":"FoodItemSet"},"ViewSector":{"Compute":"ViewSector"},"LineOfSight":true}]},"BodyMotion":{"Type":"Seek","RelativeSpeed":0.6,"StopDistance":0.5,"RelaxedMoveConstraints":false},"HeadMotion":{"Type":"Watch"}},{"Sensor":{"Type":"Any"},"ActionsBlocking":true,"Actions":[{"Type":"PlayAnimation","Slot":"Status"},{"Type":"Timeout","Delay":[2,4]},{"Type":"ResetBlockSensors"},{"Type":"State","State":".Default"}]}]},{"$Comment":"Produce an item","Enabled":{"Compute":"!isEmpty(ProduceItem)"},"Continue":true,"Instructions":[{"Sensor":{"Type":"Alarm","Name":"Produce_Ready","State":"Passed","Clear":true},"Actions":[{"Type":"Nothing"}]},{"Sensor":{"Type":"Alarm","Name":"Produce_Ready","State":"Unset"},"Actions":[{"Type":"DropItem","Item":{"Compute":"ProduceItem"},"Distance":[0,0],"Delay":[0,0],"ThrowSpeed":14.32},{"Type":"SetAlarm","Name":"Produce_Ready","DurationRange":{"Compute":"ProduceTimeout"}}]}]},{"$Comment":"Execute daytime idle behaviors.","Type":"Random","ExecuteFor":[20,30],"Sensor":{"Type":"Time","Period":{"Compute":"DayTimePeriod"},"CheckDay":true},"Instructions":[{"$Comment":"Regular wander.","Weight":20,"Instructions":[{"Continue":true,"Actions":[{"Type":"Crouch","Crouch":false}]},{"Reference":"Component_Instruction_Leash_To_Flock_Leader","Modify":{"Enabled":{"Compute":"!isEmptyStringArray(FlockArray)"},"WanderRadius":{"Compute":"WanderRadius"},"StopDistance":3}},{"BodyMotion":{"Type":"Sequence","Looped":true,"Motions":[{"Type":"Timer","Time":[1,5],"Motion":{"Type":"WanderInCircle","Radius":{"Compute":"WanderRadius"},"MaxHeadingChange":60,"RelativeSpeed":0.18}},{"Type":"Timer","Time":[3,8],"Motion":{"Type":"Nothing"}}]}}]},{"$Comment":"TODO: grazing component seems to be borked. HorseFollow: only when not following.","Enabled":{"Compute":"!HorseFollowEnabled"},"Weight":10,"Instructions":[{"Sensor":{"Type":"Self","Filters":[{"Type":"StandingOnBlock","BlockSet":{"Compute":"GrazingBlockSet"}}]},"ActionsBlocking":true,"Actions":[{"Type":"PlayAnimation","Slot":"Status","Animation":"Eat"},{"Type":"Timeout","Delay":[5,6]},{"Type":"PlayAnimation","Slot":"Status"},{"Type":"ResetInstructions"}]},{"$Comment":"They are not standing on grazing block","Actions":[{"Type":"ResetInstructions"},{"Type":"State","State":".Default"}]}]},{"$Comment":"HorseFollow: seek food/eat only when not following.","Enabled":{"Compute":"(!isEmpty(FoodBlockSet) || !isEmptyStringArray(FoodItemSet)) && !HorseFollowEnabled"},"Weight":10,"Instructions":[{"Sensor":{"Type":"Or","Sensors":[{"Enabled":{"Compute":"!isEmptyStringArray(FoodItemSet)"},"Type":"DroppedItem","Range":{"Compute":"ViewRange"},"Items":{"Compute":"FoodItemSet"},"ViewSector":{"Compute":"ViewSector"},"LineOfSight":true},{"Enabled":{"Compute":"!isEmpty(FoodBlockSet)"},"Type":"Block","Range":{"Compute":"ViewRange"},"MaxHeight":4,"Blocks":{"Compute":"FoodBlockSet"},"Random":true}]},"Actions":[{"Type":"State","State":".FindFood"}]}]},{"$Comment":"Play a daytime flavor animation.","Enabled":{"Compute":"!isEmpty(DayFlavorAnimation)"},"Weight":3,"Instructions":[{"ActionsBlocking":true,"Actions":[{"Type":"PlayAnimation","Slot":"Status","Animation":{"Compute":"DayFlavorAnimation"}},{"Type":"Timeout","Delay":{"Compute":"DayFlavorAnimationLength"}},{"Type":"PlayAnimation","Slot":"Status"},{"Type":"ResetInstructions"}]}]},{"$Comment":"Nap. HorseFollow: only when not following.","Enabled":{"Compute":"DayTimeNapWeight > 0 && !HorseFollowEnabled"},"Weight":{"Compute":"DayTimeNapWeight"},"Instructions":[{"Actions":[{"Type":"State","State":"Sleep.Nap"}]}]}]},{"$Comment":"Sleep time. HorseFollow: only when not following.","Enabled":{"Compute":"!HorseFollowEnabled"},"Actions":[{"Type":"Timeout","Delay":[2,4],"Action":{"Type":"Sequence","Actions":[{"Type":"State","State":"Sleep"}]}}]}]},{"Sensor":{"Type":"State","State":"Sleep"},"Instructions":[{"$Comment":"Wake up if an enemy attacks a flock member.","Enabled":{"Compute":"!isEmptyStringArray(FlockArray)"},"Sensor":{"Type":"Beacon","Message":"Flock_Attack","TargetSlot":"LockedTarget"},"Actions":[{"Type":"State","State":"Alerted"}]},{"$Comment":"Just a little nap. HorseFollow: only when not following.","Enabled":{"Compute":"DayTimeNapWeight > 0 && !HorseFollowEnabled"},"Sensor":{"Type":"State","State":".Nap"},"Instructions":[{"$Comment":"Start the nap timer","Continue":true,"Sensor":{"Type":"Any","Once":true},"Actions":[{"Type":"TimerStart","Name":"NapTimer","StartValueRange":{"Compute":"DayTimeNapTimeRange"},"RestartValueRange":{"Compute":"DayTimeNapTimeRange"}},{"Type":"TimerRestart","Name":"NapTimer"}]},{"Reference":"Component_Instruction_Wild_Sleep_State","Modify":{"_ExportStates":["Panic","Panic","Flee.Switch","Idle"],"HearingRange":{"Compute":"HearingRange"},"Attitudes":["Hostile","Neutral"],"WakeupSensor":"Component_Sensor_Timed_Nap"}}]},{"$Comment":"Night-time sleep. Uses static reference (vanilla pattern). Stay role would need separate approach for HF_Component_Instruction_Stay_Sleep_State.","Instructions":[{"Reference":"Component_Instruction_Wild_Sleep_State","Modify":{"_ExportStates":["Panic","Panic","Flee.Switch","Idle"],"HearingRange":{"Compute":"HearingRange"},"Attitudes":["Hostile","Neutral"],"DayTimePeriod":{"Compute":"DayTimePeriod"}}}]}]},{"$Comment":"Used when receiving something like a flock beacon that may potentially result in the NPC becoming alerted but could also be discarded with a random chance.","Sensor":{"Type":"State","State":"Alerted"},"Instructions":[{"$Comment":"Play the alerted animation when entering the state","Continue":true,"Sensor":{"Type":"Any","Once":true},"Actions":[{"Type":"PlayAnimation","Slot":"Status","Animation":"Alerted"}]},{"$Comment":"Starting a timer to get out of alerted state if nothing else got us out of there. TODO: expose the timer duration","Continue":true,"ActionsBlocking":true,"Actions":[{"Type":"Timeout","Delay":{"Compute":"AlertedTimeoutGiveUp"}},{"Type":"State","State":".TimerEnd"}]},{"$Comment":"Check for damage","Reference":"Component_Instruction_Damage_Check","Modify":{"_ExportStates":["Flee.Switch","Panic"],"AlertedRange":{"Compute":"AlertedRange"}}},{"$Comment":"Watching a target always, if we have any","Continue":true,"Sensor":{"Type":"Target","Range":{"Compute":"AlertedRange"}},"HeadMotion":{"Type":"Watch"}},{"$Comment":"If the target gets too close, flee for a bit","Continue":true,"Sensor":{"Type":"Target","Range":{"Compute":"AlertedActionRange * randomInRange(0.3, 0.7)"}},"BodyMotion":{"Type":"Flee","RelativeSpeed":0.5,"StopDistance":{"Compute":"AlertedActionRange"},"SlowDownDistance":{"Compute":"AlertedActionRange * 0.25"},"RelaxedMoveConstraints":false}},{"Continue":true,"Sensor":{"$Comment":"If target is reasonably close, the NPC will react instead of just staring","Type":"Target","Range":{"Compute":"AlertedActionRange"},"Filters":[{"Type":"LineOfSight"}]},"Instructions":[{"Enabled":{"Compute":"!isEmptyStringArray(LovedItems)"},"$Comment":"If the target is holding an item deemed very attractive, always follow it","Sensor":{"Type":"Target","Filters":[{"Type":"ItemInHand","Items":{"Compute":"LovedItems"}},{"Type":"Not","Filter":{"Type":"Attitude","Attitudes":["Hostile","Ignore"]}}]},"Actions":[{"$Comment":"TODO: check what particle systems are offsetting off of and potentially expose it to compute","Type":"SpawnParticles","Offset":[0,1,0],"ParticleSystem":"Hearts"},{"Type":"OverrideAttitude","Attitude":"Friendly","Duration":{"Compute":"FriendlyOverrideTimeWithAttractiveItem"}},{"Type":"State","State":"Curious.Item"}]},{"$Comment":"Threatening actions that will cause the NPC to flee","Sensor":{"Type":"Or","Sensors":[{"Type":"Target","Filters":[{"Type":"Or","Filters":[{"Type":"Attitude","Attitudes":["Hostile"]},{"Type":"Combat"},{"Type":"ItemInHand","Items":["*Weapon*"]}]}]},{"Type":"Target","Filters":[{"Type":"Not","Filter":{"Type":"Attitude","Attitudes":["Friendly"]}},{"Type":"MovementState","State":"Sprinting"}]},{"Enabled":{"Compute":"Timid"},"Type":"Target","Filters":[{"Type":"MovementState","State":"Sprinting"}]},{"Type":"Target","Range":{"Compute":"min(AbsoluteDetectionRange, AlertedActionRange * 0.75)"},"Filters":[{"Type":"Not","Filter":{"Type":"Attitude","Attitudes":["Friendly","Ignore"]}}]}]},"Actions":[{"Type":"State","State":"Flee.Switch"}]},{"Continue":true,"$Comment":"Starting a second timer to try and turn friendly. TODO: compute it as % of alerted timer","Sensor":{"Type":"Target","Filters":[{"Type":"Attitude","Attitudes":["Neutral"]}]},"ActionsBlocking":true,"Actions":[{"Type":"Timeout","Delay":{"Compute":"AlertedTimeoutReaction"}},{"Type":"State","State":".Switch"}]},{"$Comment":"Execute random behaviors towards friendly and revered.","Type":"Random","ExecuteFor":[15,20],"Sensor":{"Type":"Target","Filters":[{"Type":"Attitude","Attitudes":["Friendly","Revered"]}]},"Instructions":[{"Enabled":{"Compute":"!isEmptyStringArray(AttractiveItems)"},"Weight":{"Compute":"WeightFollowItem"},"$Comment":"TODO: change this to a weight-based decision to avoid the whole flock chasing the item","Sensor":{"Type":"Target","Filters":[{"Type":"ItemInHand","Items":{"Compute":"AttractiveItems"}}]},"Actions":[{"Type":"State","State":"Curious.Item"}]},{"Enabled":{"Compute":"WeightGreet > 0"},"Weight":{"Compute":"WeightGreet"},"Actions":[{"Type":"State","State":"Curious.Greet"}]},{"$Comment":"NPC will approach player and stop at a distance, following them like this for a while","Enabled":{"Compute":"WeightFollow > 0"},"Weight":{"Compute":"WeightFollow"},"Actions":[{"Type":"State","State":"Curious.Follow"}]},{"$Comment":"We override the attitude here and go to idle - this way the alerted state won't be triggered right away","Enabled":{"Compute":"WeightIgnore > 0"},"Weight":{"Compute":"WeightIgnore"},"Sensor":{"Type":"Target"},"ActionsBlocking":true,"Actions":[{"Type":"OverrideAttitude","Attitude":"Ignore","Duration":{"Compute":"IgnoreOverrideTime"}},{"Type":"State","State":"Idle"}]},{"$Comment":"Fallback if weights are misconfigured","Weight":1,"Sensor":{"Type":"Target"},"ActionsBlocking":true,"Actions":[{"Type":"OverrideAttitude","Attitude":"Ignore","Duration":{"Compute":"IgnoreOverrideTime"}},{"Type":"State","State":"Idle"}]}]}]},{"Sensor":{"Type":"State","State":".TimerEnd"},"Instructions":[{"Enabled":{"Compute":"!Timid"},"Sensor":{"$Comment":"Timer ended, we still have a target and it's a friendly one and we are not timid","Type":"Target","Range":{"Compute":"AlertedRange"},"Filters":[{"Type":"Attitude","Attitudes":["Friendly"]}]},"Actions":[{"Type":"OverrideAttitude","Attitude":"Ignore","Duration":{"Compute":"IgnoreOverrideTime"}},{"Type":"State","State":"Idle"}]},{"Enabled":{"Compute":"Timid"},"Sensor":{"$Comment":"Timer ended, I am timid and the target is staring me down, stranger danger, flee","Type":"Target","Range":{"Compute":"AlertedRange"},"Filters":[{"Type":"SpotsMe"},{"Type":"Not","Filter":{"Type":"Attitude","Attitudes":["Friendly"]}}]},"Actions":[{"Type":"State","State":"Flee"}]},{"Sensor":{"$Comment":"Timer ended, target seems uninterested and is assumed to be harmless, ignore for a while","Type":"Target","Range":{"Compute":"AlertedRange"}},"Actions":[{"Type":"OverrideAttitude","Attitude":"Ignore","Duration":{"Compute":"IgnoreOverrideTime"}},{"Type":"State","State":"Idle"}]},{"$Comment":"There is no target, so just go idle","Actions":[{"Type":"State","State":"Idle"}]}]},{"$Comment":"Timer elapsed and we randomly decide if friendly or not. This has to continue so we can hit the friendly instructions below","Sensor":{"Type":"State","State":".Switch"},"Instructions":[{"$Comment":"If the NPC is configured with a different chance to befriend when the target is holding a special item, use that chance","Enabled":{"Compute":"ChanceToTurnFriendlyWithAttractiveItem > 0"},"Sensor":{"Type":"Target","Filters":[{"Type":"Attitude","Attitudes":["Neutral"]},{"Type":"ItemInHand","Items":{"Compute":"AttractiveItems"}}]},"Type":"Random","ExecuteFor":[15,20],"Instructions":[{"Weight":{"Compute":"ChanceToTurnFriendlyWithAttractiveItem"},"Sensor":{"Type":"Target"},"Actions":[{"$Comment":"TODO: check what particle systems are offsetting off of and potentially expose it to compute","Type":"SpawnParticles","Offset":[0,1,0],"ParticleSystem":"Hearts"},{"Type":"OverrideAttitude","Attitude":"Friendly","Duration":{"Compute":"FriendlyOverrideTimeWithAttractiveItem"}},{"$Comment":"Prevents the next instruction from running as soon as the player is no longer neutral","Type":"State","State":".Default"}]},{"Enabled":{"Compute":"ChanceToTurnFriendlyWithAttractiveItem < 100"},"Weight":{"Compute":"100 - ChanceToTurnFriendlyWithAttractiveItem"},"Actions":[{"Type":"State","State":"Flee"}]}]},{"$Comment":"NPC becoming friendly with a player","Enabled":{"Compute":"ChanceToTurnFriendly > 0"},"Sensor":{"Type":"Target","Filters":[{"Type":"Attitude","Attitudes":["Neutral"]}]},"Type":"Random","ExecuteFor":[15,20],"Instructions":[{"Weight":{"Compute":"ChanceToTurnFriendly"},"Sensor":{"Type":"Target"},"Actions":[{"$Comment":"TODO: check what it is offseting off and potentially expose it to compute","Type":"SpawnParticles","Offset":[0,1,0],"ParticleSystem":"Hearts"},{"Type":"OverrideAttitude","Attitude":"Friendly","Duration":{"Compute":"FriendlyOverrideTime"}},{"$Comment":"Prevents the next instruction from running as soon as the player is no longer neutral","Type":"State","State":".Default"}]},{"Enabled":{"Compute":"ChanceToTurnFriendly < 100"},"Weight":{"Compute":"100 - ChanceToTurnFriendly"},"Actions":[{"Type":"State","State":"Flee"}]}]}]}]},{"Sensor":{"Type":"State","State":"Curious"},"Instructions":[{"$Comment":"Animations","Continue":true,"Sensor":{"Type":"Any","Once":true},"Actions":[{"Type":"PlayAnimation","Slot":"Status","Animation":"Curious"}]},{"$Comment":"If getting to the target takes too long, ignore and go to idle. This is also how long it will follow if this is triggered,TODO: mb could be a bit longer for the follow? ","Sensor":{"Type":"And","Sensors":[{"Type":"Target"},{"$Comment":"The item follow substates has its own timeouts","Type":"Not","Sensor":{"Type":"State","State":"Curious.Item"}}]},"Continue":true,"ActionsBlocking":true,"Actions":[{"Type":"Timeout","Delay":[7,7]},{"Type":"OverrideAttitude","Attitude":"Ignore","Duration":{"Compute":"IgnoreOverrideTime"}},{"Type":"State","State":"Idle"}]},{"$Comment":"Check if there are any potential threats nearby and flee. TODO: add more tirggers to flee","Sensor":{"Reference":"Component_Sensor_Standard_Detection","Modify":{"ViewRange":{"Compute":"ViewRange"},"ViewSector":{"Compute":"ViewSector"},"HearingRange":{"Compute":"HearingRange"},"AbsoluteDetectionRange":{"Compute":"AbsoluteDetectionRange"},"Attitudes":["Hostile"]}},"Actions":[{"Type":"State","State":"Flee.Switch"}]},{"Reference":"Component_Instruction_Damage_Check","Modify":{"_ExportStates":["Flee.Switch","Panic"],"AlertedRange":{"Compute":"AlertedRange"}}},{"$Comment":"TODO: mb potentially move secnsor component for curious, or for alerted - with parameters to be mor forgiving","Sensor":{"Type":"Or","Sensors":[{"Type":"Target","Filters":[{"Type":"Or","Filters":[{"Type":"Attitude","Attitudes":["Hostile"]},{"Type":"Combat"},{"Type":"ItemInHand","Items":["*Weapon*"]}]}]},{"Type":"Target","Filters":[{"Type":"Not","Filter":{"Type":"Attitude","Attitudes":["Friendly"]}},{"Type":"MovementState","State":"Sprinting"}]},{"Enabled":{"Compute":"Timid"},"Type":"Target","Filters":[{"Type":"MovementState","State":"Sprinting"}]},{"Type":"Target","Range":{"Compute":"AbsoluteDetectionRange"},"Filters":[{"Type":"Not","Filter":{"Type":"Attitude","Attitudes":["Friendly","Ignore"]}}]}]},"Actions":[{"Type":"State","State":"Flee.Switch"}]},{"$Comment":"We lost target","Sensor":{"Type":"Not","Sensor":{"Type":"Target","Range":{"Compute":"AlertedRange"},"Filters":[{"Type":"LineOfSight"}]}},"ActionsBlocking":true,"Actions":[{"Type":"Timeout","Delay":[0.2,0.2]},{"Type":"State","State":"Idle"}]},{"$Comment":"Moving to an attractive item","Sensor":{"Type":"State","State":".Item"},"Instructions":[{"$Comment":"Start a timer after which the NPC will lose interest in the item holder, regardless of range","Continue":true,"Sensor":{"Type":"Target"},"HeadMotion":{"Type":"Watch"},"ActionsBlocking":true,"Actions":[{"Type":"Timeout","Delay":{"Compute":"AttractiveItemsTimeout"}},{"Type":"PlayAnimation","Slot":"Status"},{"Type":"Timeout","Delay":[2,4]},{"Type":"OverrideAttitude","Attitude":"Ignore","Duration":20},{"Type":"State","State":"Idle"}]},{"$Comment":"Target too far or without attractive item","Sensor":{"Type":"And","Sensors":[{"Type":"Not","Sensor":{"Type":"Target","Range":{"Compute":"AlertedRange"},"Filters":[{"Type":"LineOfSight"},{"Type":"ItemInHand","Items":{"Compute":"AttractiveItems"}}]}},{"$Comment":"Need to do this to avoid two concurrent ItemInHand filters","Enabled":{"Compute":"!isEmptyStringArray(LovedItems)"},"Type":"Not","Sensor":{"Type":"Target","Range":{"Compute":"AlertedRange"},"Filters":[{"Type":"LineOfSight"},{"Type":"ItemInHand","Items":{"Compute":"LovedItems"}}]}}]},"ActionsBlocking":true,"Actions":[{"Type":"PlayAnimation","Slot":"Status","Animation":"Alerted"},{"Type":"Timeout","Delay":[2,3]},{"Type":"State","State":"Idle"}]},{"Sensor":{"Type":"Target","Range":2.5},"ActionsBlocking":true,"Actions":[{"Type":"Timeout","Delay":{"Compute":"AttractiveItemsSmellTimeout"}},{"Type":"PlayAnimation","Slot":"Status"},{"Type":"OverrideAttitude","Attitude":"Ignore","Duration":20},{"Type":"State","State":"Idle"}]},{"Sensor":{"Type":"Target","Range":{"Compute":"AlertedRange"}},"BodyMotion":{"Type":"Seek","SlowDownDistance":3.5,"StopDistance":2,"RelativeSpeed":0.4,"RelaxedMoveConstraints":false}}]},{"$Comment":"Moving to Greet","Sensor":{"Type":"State","State":".Greet"},"Instructions":[{"Sensor":{"Type":"Target","Range":3},"HeadMotion":{"Type":"Watch","RelativeTurnSpeed":0.5},"ActionsBlocking":true,"Actions":[{"Type":"PlayAnimation","Slot":"Status","Animation":"GreetAnimation"},{"Type":"Timeout","Delay":[2,4]},{"Type":"PlayAnimation","Slot":"Status"},{"Type":"OverrideAttitude","Attitude":"Ignore","Duration":{"Compute":"IgnoreOverrideTime"}},{"Type":"State","State":"Idle"}]},{"Sensor":{"Type":"Target","Range":{"Compute":"AlertedActionRange"}},"BodyMotion":{"Type":"Seek","SlowDownDistance":5,"StopDistance":3,"RelativeSpeed":0.4,"RelaxedMoveConstraints":false}}]},{"$Comment":"Moving to follow, stop at half alerted action range and watch a bit. TODO: flee if player sprints towards npc","Sensor":{"Type":"State","State":".Follow"},"Instructions":[{"Continue":true,"Sensor":{"Type":"Target","Range":{"Compute":"AlertedActionRange"}},"BodyMotion":{"Type":"Seek","SlowDownDistance":{"Compute":"AlertedActionRange"},"StopDistance":3,"RelativeSpeed":0.4,"RelaxedMoveConstraints":false}},{"Sensor":{"Type":"Target","Range":4},"ActionsBlocking":true,"Actions":[{"Type":"Timeout","Delay":[0.5,0.5]}],"HeadMotion":{"Type":"Watch"}}]}]},{"Sensor":{"Type":"State","State":"ReturnHome"},"Instructions":[{"$Comment":"Switch to flee state if any flock member engages a target TODO switch to attack if you are very close and can attack? otherwise flee.","Enabled":{"Compute":"!isEmptyStringArray(FlockArray)"},"Sensor":{"Type":"Beacon","Message":"Flock_Attack","TargetSlot":"LockedTarget","Range":{"Compute":"HearingRange"}},"Actions":[{"Type":"State","State":"Alerted"}]},{"Reference":"Component_Instruction_Damage_Check","Modify":{"_ExportStates":["Flee.Switch","Panic"],"AlertedRange":{"Compute":"AlertedRange"}}},{"$Comment":"Check if there are any potential things that can alert the NPC","Sensor":{"Reference":"Component_Sensor_Standard_Detection","Modify":{"ViewRange":{"Compute":"ViewRange"},"ViewSector":{"Compute":"ViewSector"},"HearingRange":{"Compute":"HearingRange"},"AbsoluteDetectionRange":{"Compute":"AbsoluteDetectionRange"},"Attitudes":["Hostile","Neutral","Friendly"]}},"Actions":[{"Type":"State","State":"Alerted"}]},{"Sensor":{"$Comment":"TODO: make them walk home, expose walking speed?","Type":"Leash","Range":{"Compute":"LeashDistance * 0.3"}},"BodyMotion":{"Type":"Seek","SlowDownDistance":1,"StopDistance":0.5,"RelativeSpeed":0.4,"UsePathfinder":true}},{"Actions":[{"Type":"SetStat","Stat":"Health","Value":1000000},{"Type":"State","State":"Idle"}]}]},{"Sensor":{"Type":"State","State":"Flee"},"Instructions":[{"$Comment":"TODO: Add a state message","Enabled":{"Compute":"!isEmptyStringArray(FlockArray)"},"Continue":true,"Sensor":{"Type":"Any","Once":true},"Actions":[{"Type":"FlockBeacon","Message":"Flock_Attack","SendTargetSlot":"LockedTarget"}]},{"Reference":"Component_Instruction_Damage_Check","Modify":{"_ExportStates":["Flee.Switch","Panic"],"AlertedRange":{"Compute":"AlertedRange"}}},{"Sensor":{"Type":"State","State":".Switch"},"Instructions":[{"Sensor":{"Type":"Target","TargetSlot":"LockedTarget","Range":{"Compute":"AttackRange"}},"Instructions":[{"Continue":true,"Sensor":{"Type":"Target","Once":true},"Actions":[{"$TODO":"Maybe friendly lifestock doesnt override it for player when hit","Type":"OverrideAttitude","Attitude":"Hostile","Duration":23}]},{"Enabled":{"Compute":"AttackWhenStartled"},"Sensor":{"Type":"Target","Filters":[{"Type":"Not","Filter":{"Type":"ViewSector","ViewSector":270}}]},"ActionsBlocking":true,"Actions":[{"Type":"PlayAnimation","Slot":"Status","Animation":"Alerted"},{"Type":"Timeout","Delay":[0.2,0.2]},{"Type":"PlayAnimation","Slot":"Status"},{"Type":"State","State":".Attack"}]},{"Actions":[{"Type":"State","State":".Default"}]}]},{"Sensor":{"Type":"Target","TargetSlot":"LockedTarget","Range":{"Compute":"AlertedRange"}},"Actions":[{"Type":"State","State":".Default"}]},{"Actions":[{"Type":"State","State":"Panic"}]}]},{"Sensor":{"Type":"State","State":".Attack"},"ActionsBlocking":true,"Actions":[{"Type":"Attack","Attack":{"Compute":"Attack"},"AttackPauseRange":[1,2]},{"Type":"Timeout","Delay":[0.3,0.3],"Action":{"Type":"State","State":".Default"}}]},{"Sensor":{"Type":"Target","Range":{"Compute":"AlertedRange + 3"}},"BodyMotion":{"Type":"Flee","SlowDownDistance":{"Compute":"AlertedRange - 3"},"StopDistance":{"Compute":"AlertedRange + 3"},"RelativeSpeed":0.68},"Actions":[{"Type":"Timeout","Delay":[8,8],"Action":{"Type":"State","State":".Switch"}}]},{"Actions":[{"Type":"Timeout","Delay":[3,6],"Action":{"Type":"State","State":"Idle"}}]}]},{"Sensor":{"Type":"State","State":"Panic"},"Instructions":[{"Continue":true,"Sensor":{"Type":"Any","Once":true},"Actions":[{"Type":"PlayAnimation","Slot":"Status","Animation":"Alerted"}]},{"Continue":true,"Actions":[{"Type":"Timeout","Delay":[6,12],"Action":{"Type":"State","State":"Idle"}}]},{"Sensor":{"Type":"Damage","Combat":true},"BodyMotion":{"Type":"Flee","SlowDownDistance":9,"StopDistance":14,"RelativeSpeed":1,"RelaxedMoveConstraints":false}},{"BodyMotion":{"Type":"WanderInCircle","Radius":10,"MaxHeadingChange":90,"RelativeSpeed":1,"RelaxedMoveConstraints":true}}]},{"Sensor":{"Type":"State","State":"$Harvest"},"Instructions":[{"$Comment":"Base harvest logic: particles, sound, alarm (always runs)","Continue":true,"Sensor":{"Type":"Any","Once":true},"Actions":[{"Type":"PlayAnimation","Slot":"Status","Animation":"Alerted"},{"Type":"SpawnParticles","Offset":[0,1,0],"ParticleSystem":{"Compute":"HarvestParticles"}},{"Type":"PlaySound","SoundEventId":{"Compute":"HarvestSound"}},{"Type":"SetAlarm","Name":"Harvest_Ready","DurationRange":{"Compute":"HarvestTimeout"}}]},{"$Comment":"Drop item only if HarvestDropList is set","Enabled":{"Compute":"!isEmpty(HarvestDropList)"},"Continue":true,"Sensor":{"Type":"Any","Once":true},"Actions":[{"Type":"DropItem","DropList":{"Compute":"HarvestDropList"},"Distance":[0.2,0.5],"Delay":[0,0],"DropSector":[-360,360],"PitchHigh":false,"ThrowSpeed":14}]},{"$Comment":"Replace Container_Bucket with milk when held","Enabled":{"Compute":"!isEmpty(HarvestAddItemBucket)"},"Continue":true,"Sensor":{"Type":"And","Sensors":[{"Type":"Any","Once":true},{"Type":"Target","Filters":[{"Type":"ItemInHand","Items":["Container_Bucket"]}]}]},"Actions":[{"Type":"Inventory","UseTarget":true,"Operation":"RemoveHeldItem"},{"Type":"Inventory","UseTarget":true,"Operation":"Add","Item":{"Compute":"HarvestAddItemBucket"},"Count":1}]},{"$Comment":"Replace Deco_Bucket with milk when held","Enabled":{"Compute":"!isEmpty(HarvestAddItemDecoBucket)"},"Continue":true,"Sensor":{"Type":"And","Sensors":[{"Type":"Any","Once":true},{"Type":"Target","Filters":[{"Type":"ItemInHand","Items":["Deco_Bucket"]}]}]},"Actions":[{"Type":"Inventory","UseTarget":true,"Operation":"RemoveHeldItem"},{"Type":"Inventory","UseTarget":true,"Operation":"Add","Item":{"Compute":"HarvestAddItemDecoBucket"},"Count":1}]},{"$Comment":"If there are configured attachments for the 'harvested' state, apply them","Enabled":{"Compute":"IsHarvestable && !isEmpty(HarvestModelSlot)"},"Continue":true,"Actions":[{"Type":"ModelAttachment","Slot":{"Compute":"HarvestModelSlot"},"Attachment":{"Compute":"HarvestModelAttachmentHarvested"}}]},{"ActionsBlocking":true,"Actions":[{"Type":"Timeout","Delay":[2,3]},{"Type":"State","State":"Flee"}]}]}]}],"InteractionInstruction":{"Enabled":{"Compute":"IsHarvestable || IsMountable"},"Instructions":[{"Enabled":{"Compute":"IsHarvestable"},"Instructions":[{"Sensor":{"$Comment":"Check the negative first so we can exit early and avoid the rest of the logic","Type":"Not","Sensor":{"Type":"And","Sensors":[{"Type":"Alarm","Name":"Harvest_Ready","State":"Unset"},{"Type":"CanInteract","Attitudes":{"Compute":"HarvestRequiredAttitudes"}}]}},"Actions":[{"Type":"SetInteractable","Interactable":false}]},{"$Comment":"Allow contextual interactions (shearing) but hide F key prompt","Continue":true,"Sensor":{"Type":"Any"},"Actions":[{"Type":"SetInteractable","Interactable":true,"ShowPrompt":false}]},{"$Comment":"Harvest action triggered by left-click with appropriate tool","Sensor":{"Type":"And","Sensors":[{"Enabled":{"Compute":"!isEmpty(HarvestInteractionContext)"},"Type":"InteractionContext","Context":{"Compute":"HarvestInteractionContext"}},{"Type":"Alarm","Name":"Harvest_Ready","State":"Unset"}]},"Actions":[{"Type":"State","State":"$Harvest"}]}]},{"Enabled":{"Compute":"IsMountable"},"Instructions":[{"Sensor":{"Type":"Not","Sensor":{"$Comment":"Check the negative first so we can exit early and avoid the rest of the logic","Type":"CanInteract","ViewSector":360,"Attitudes":["Friendly","Revered"]}},"Actions":[{"Type":"SetInteractable","Interactable":false}]},{"Continue":true,"Sensor":{"Type":"Any"},"Actions":[{"Type":"SetInteractable","Interactable":true,"Hint":"server.interactionHints.mount"}]},{"Sensor":{"Type":"HasInteracted"},"Actions":[{"Type":"Mount","AnchorX":{"Compute":"MountAnchorX"},"AnchorY":{"Compute":"MountAnchorY"},"AnchorZ":{"Compute":"MountAnchorZ"},"MovementConfig":{"Compute":"MountMovementConfig"}}]}]}]},"NameTranslationKey":{"Compute":"NameTranslationKey"}}...)
[2026/02/05 18:58:38   WARN]                          [NPC|P] Unknown JSON attribute 'MountAnchorZ' found in Role|Abstract: /Server/NPC/Roles/_Core/Templates/Template_Animal_Tamed.json (JSON: ance":{"Value":"Deer_Stag","Description":"The NPC's model."},"WanderRadius":{"Value":7,"Description":"The wander radius of the NPC."},"ViewRange":{"Value":16,"Description":"The view distance of the NPC, in blocks."},"ViewSector":{"Value":180,"Description":"The view sector of the NPC, in degrees."},"HearingRange":{"Value":8,"Description":"The hearing distance of the NPC, in blocks."},"AbsoluteDetectionRange":{"Value":4,"Description":"The range at which a target is guaranteed to be detected, in blocks. If set to zero, absolute detection will be disabled. Within the alerted state, this value has an upper bound of 0.75 * AlertedActionRange."},"AlertedRange":{"Value":18,"Description":"The range within which the target can be seen/sensed when the NPC is alerted to their presence, in blocks. Should be higher than sense ranges."},"AlertedActionRange":{"Value":12,"Description":"The range at which an NPC will react to other NPCs and players, depending on the attitude towards them, in blocks. Should be higher than AbsoluteDetectionRange."},"LeashDistance":{"Value":20,"Description":"The range at which an NPC will start to want to return to their spawn point, in blocks."},"AttractiveItems":{"Value":["Tool_Feedbag"],"Description":"The list of items that are deemed attractive (there's a chance targets holding them will be followed)."},"LovedItems":{"Value":[],"TypeHint":"String","Description":"The list of items that are deemed very attractive (it's guaranteed targets holding them will be followed and befriended)."},"AttractiveItemsTimeout":{"Value":[15,20],"Description":"The maximum timeout after which the NPC will lose interest in attractive times, regardless of range to the target, in seconds."},"AttractiveItemsSmellTimeout":{"Value":[8,12],"Description":"The timeout after which the NPC will lose interest in attractive times, when near the target, in seconds"},"DropList":{"Value":"Empty","Description":"The NPC's drop list."},"FlockArray":{"Value":[],"TypeHint":"String","Description":"The set of NPCs belonging to this flock type"},"HorseFollowEnabled":{"Value":false,"Description":"If true, this NPC will follow its flock leader while idle (used by HorseFollow mod)."},"ClimbHeight":{"Value":1,"Description":"The maximum climb height, in blocks."},"AttitudeGroup":{"Value":"Livestock","Description":"The attitude group this NPC belongs to."},"PlayerDefaultAttitude":{"Value":"Neutral","Description":"The default attitude towards the player."},"AlertedTimeoutReaction":{"Value":[2,6],"Description":"The timeout after which an alerted NPC will make a decision on whether to befriend the target, in seconds."},"AlertedTimeoutGiveUp":{"Value":[5,12],"Description":"The timeout after which an alerted NPC will give up on the target, in seconds."},"GrazingBlockSet":{"Value":"Grass","Description":"The type of block that this NPC will graze on top of."},"FoodBlockSet":{"Value":"Hay","Description":"The type of block that this NPC will occasionally seek out to munch on."},"FoodItemSet":{"Value":["Ingredient_Hay"],"Description":"The list of dropped items that this NPC will occasionally seek out to munch on."},"DayTimePeriod":{"Value":[6.01,17.99],"Description":"The hour range considered to be daytime for this NPC (inclusive). Hours should be written with decimal fractions."},"DayTimeNapWeight":{"Value":2,"Description":"The weight used to determine if the NPC should have a short nap during the day. Set to 0 to disable."},"DayTimeNapTimeRange":{"Value":[10,12],"Description":"The duration range of daytime naps, in seconds."},"SleepInstruction":{"Value":"Component_Instruction_Wild_Sleep_State","Description":"Instruction component for Sleep state (wake on time/damage/sound). Stay role overrides to HF_Component_Instruction_Stay_Sleep_State to disable time-based wake."},"StayIdleGoToSleep":{"Value":false,"Description":"HorseFollow stay: when true, in Idle state immediately transition to Sleep (so Laydown runs). Stay role sets true."},"DayFlavorAnimation":{"Value":"","Description":"The flavor animation to play during the day. Ignored if null or empty."},"GreetAnimation":{"Value":"","Description":"The flavor animation to play when greeting another NPC or player. Ignored if null or empty."},"ChanceToTurnFriendly":{"Value":25,"Description":"The chance that the NPC will befriend the target when in the alerted state."},"ChanceToTurnFriendlyWithAttractiveItem":{"Value":50,"Description":"The chance that the NPC will befriend the target, if the latter is holding an attractive item."},"FriendlyOverrideTime":{"Value":300,"Description":"The duration of the friendly attitude override for the target, in seconds."},"FriendlyOverrideTimeWithAttractiveItem":{"Value":900,"Description":"The duration of the friendly attitude override for the target, when the latter is holding an attractive item, in seconds."},"IgnoreOverrideTime":{"Value":1200,"Description":"The duration of the ignore attitude override for the target."},"WeightGreet":{"Value":1,"Description":"The chance that the NPC will greet a friendly target."},"WeightFollowItem":{"Value":1,"Description":"The chance that the NPC will follow a friendly target holding an attractive item."},"WeightFollow":{"Value":1,"Description":"The chance that the NPC will follow friendly NPCs or players at a distance."},"WeightIgnore":{"Value":1,"Description":"The chance that the NPC will ignore friendly NPCs of players."},"IsHarvestable":{"Value":false,"Description":"Whether this NPC can be 'harvested'. This includes shearing, milking, etc."},"HarvestInteractionContext":{"Value":"","Description":"The interaction context of the harvest tool. If empty, no tool is needed to harvest the NPC."},"HarvestRequiredAttitudes":{"Value":["Friendly","Neutral","Hostile","Ignore","Revered"],"Description":"The attitude groups of players that can harvest the NPC."},"HarvestDropList":{"Value":"","Description":"The drop list that's executed when the NPC is harvested."},"HarvestParticles":{"Value":"Alerted","Description":"The particle system that is spawned when the NPC is harvested."},"HarvestSound":{"Value":"SFX_Sheep_Sheared","Description":"The sound that plays when NPC is harvested."},"HarvestTimeout":{"Value":["P1D","P1D"],"Description":"The minimum time between consecutive harvests. Expressed in the ISO-8601 time period notation, where both values of the array must have the same prefix (either 'PT' or 'P')."},"HarvestModelSlot":{"Value":"","Description":"The model attachment slot where the 'harvested' state is displayed."},"HarvestModelAttachmentHarvestable":{"Value":"","Description":"The attachment that should be rendered when the NPC can be harvested."},"HarvestModelAttachmentHarvested":{"Value":"","Description":"The attachment that should be rendered when the NPC was harvested and is in timeout."},"HarvestAddItemBucket":{"Value":"","Description":"Item to add when player holds Container_Bucket (e.g., milk bucket for milking)."},"HarvestAddItemDecoBucket":{"Value":"","Description":"Item to add when player holds Deco_Bucket (e.g., milk bucket for milking)."},"ProduceItem":{"Value":"","Description":"The item this NPC produces (poop, eggs, etc)."},"ProduceTimeout":{"Value":["PT6H","PT36H"],"Description":"The timeout between consecutive produces."},"DayFlavorAnimationLength":{"Value":[3,5],"Description":"How long the daytime flavor animation will be played for, in seconds."},"Timid":{"Value":false,"Description":"Whether this NPC is timid or not. Timid NPCs are harder to approach and befriend."},"AttackWhenStartled":{"Value":false,"Description":"Whether this NPC attacks when startled."},"Attack":{"Value":"","Description":"The attack interaction this NPC will use."},"AttackRange":{"Value":5,"Description":"The range at which the NPC can identify an attacker."},"MaxSpeed":{"Value":4,"Description":"The maximum walking speed of the NPC."},"MaxHealth":{"Value":100,"Description":"The maximum health of the NPC."},"MaxRotationSpeed":{"Value":360,"Description":"The maximum rotation speed, in degrees per second."},"RunThreshold":{"Value":0.5,"Description":"The speed ratio at which the NPC switches to run animation (e.g if MaxSpeed is 10, and RunThreshold is set to 0.55, the NPC will start running at speed 5.5)."},"IsMemory":{"Value":false,"Description":"Whether the NPC is a memory."},"MemoriesCategory":{"Value":"Livestock","Description":"The category of the memory."},"MemoriesNameOverride":{"Value":"","Description":"If set, overrides the memory name."},"IsMountable":{"Value":false,"Description":"Whether this NPC can be mounted."},"MountAnchorX":{"Value":0},"MountAnchorY":{"Value":0},"MountAnchorZ":{"Value":0},"MountMovementConfig":{"Value":"Mount"},"BreathesInWater":{"Value":false,"Description":"Whether this NPC can breathe underwater."},"NameTranslationKey":{"Value":"server.npcRoles.Template.name","Description":"The translation key for the NPC name display"}},"IsMemory":{"Compute":"IsMemory"},"MemoriesCategory":{"Compute":"MemoriesCategory"},"MemoriesNameOverride":{"Compute":"MemoriesNameOverride"},"DropList":{"Compute":"DropList"},"FlockSpawnTypes":{"Compute":"FlockArray"},"FlockSpawnTypesRandom":true,"DisableDamageGroups":["Self"],"Appearance":{"Compute":"Appearance"},"DefaultPlayerAttitude":{"Compute":"PlayerDefaultAttitude"},"DefaultNPCAttitude":"Ignore","AttitudeGroup":{"Compute":"AttitudeGroup"},"ApplySeparation":true,"SeparationDistance":1,"SeparationWeight":1,"SeparationDistanceTarget":0.5,"SeparationNearRadiusTarget":1,"SeparationFarRadiusTarget":7,"BreathesInWater":{"Compute":"BreathesInWater"},"IsMountable":{"Compute":"IsMountable"},"MountAnchorX":{"Compute":"MountAnchorX"},"MountAnchorY":{"Compute":"MountAnchorY"},"MountAnchorZ":{"Compute":"MountAnchorZ"},"MountMovementConfig":{"Compute":"MountMovementConfig"},"KnockbackScale":0.5,"MotionControllerList":[{"Type":"Walk","MaxWalkSpeed":{"Compute":"MaxSpeed"},"Gravity":15,"MaxFallSpeed":15,"JumpHeight":0.1,"MaxRotationSpeed":{"Compute":"MaxRotationSpeed"},"Acceleration":100,"RunThreshold":{"Compute":"RunThreshold"},"DescentAnimationType":"Fall","DescentSteepness":2.5,"DescentBlending":1,"JumpDescentSteepness":8,"MaxClimbHeight":{"Compute":"ClimbHeight"}}],"StateTransitions":[{"States":[{"From":["Idle"],"To":["Sleep"]}],"Actions":{"Reference":"Component_ActionList_Sleep"}},{"States":[{"From":["Sleep"],"To":["Alerted","Flee","Idle"]}],"Actions":{"Reference":"Component_ActionList_Wake"}},{"$Comment":"Always clear animation when moving from Alerted or Flee state.","States":[{"To":[],"From":["Alerted","Flee"]}],"Actions":[{"Type":"PlayAnimation","Slot":"Status"},{"Type":"SetFlag","Name":"AnimationBlock","SetTo":false}]},{"$Comment":"Always clear target and reset instructions when going back to idle.","States":[{"To":["Idle"],"From":[]}],"Actions":[{"Type":"ReleaseTarget"},{"Type":"ResetInstructions"},{"Type":"PlayAnimation","Slot":"Status"}]},{"$Comment":"Clear idle anims","States":[{"To":[],"From":["Idle"]}],"Actions":[{"Type":"PlayAnimation","Slot":"Status"}]}],"MaxHealth":{"Compute":"MaxHealth"},"InteractionVars":{"Melee_Damage":{"Interactions":[{"$Comment":"Config for a successful melee hit, default values for Effects and HitShape are not overwritten here, see each NPC_ file","Parent":"NPC_Attack_Melee_Damage","DamageCalculator":{"Type":"Absolute","BaseDamage":{"Physical":5},"RandomPercentageModifier":0.1}}]}},"Instructions":[{"$Comment":"This is separate so it can run all the time regardless of the rest of the script","Continue":true,"Instructions":[{"$Comment":"Update flock member leash positions to match the leader.","Enabled":{"Compute":"!isEmptyStringArray(FlockArray)"},"Continue":true,"Sensor":{"Type":"And","Sensors":[{"Type":"FlockLeader"},{"Type":"Self","Filters":[{"Type":"Flock","FlockStatus":"Follower"}]}]},"Actions":[{"Type":"Timeout","Delay":[0.5,2],"Action":{"Type":"SetLeashPosition","ToTarget":true}}]},{"$Comment":"HorseFollow: Follow flock leader while idle (Seek). Disabled when mounted so idle anims do not run.","Enabled":{"Compute":"HorseFollowEnabled && !isEmptyStringArray(FlockArray)"},"Continue":true,"Sensor":{"Type":"And","Sensors":[{"Type":"State","State":"Idle"},{"Type":"FlockLeader"},{"Type":"Self","Filters":[{"Type":"Flock","FlockStatus":"Follower"}]}]},"HeadMotion":{"Type":"Watch"},"BodyMotion":{"Type":"Seek","SlowDownDistance":7,"StopDistance":4},"Actions":[{"$Comment":"Clear Status slot so Walk motion controller drives Walk/Run animation instead of Idle.","Type":"PlayAnimation","Slot":"Status"}]},{"$Comment":"Join eligible flocks if not a member of a flock.","Enabled":{"Compute":"!isEmptyStringArray(FlockArray)"},"Sensor":{"Type":"Mob","Range":20,"ExcludeOwnType":false,"LockOnTarget":true,"Filters":[{"Type":"NPCGroup","IncludeGroups":["Self"]},{"Type":"Flock","FlockStatus":"NotMember"}]},"Actions":[{"Type":"JoinFlock"}]}]},{"Continue":true,"$Comment":"This is separate so it can run all the time regardless of the rest of the script, when in water go straight to panic to get out","Instructions":[{"Sensor":{"Type":"And","Sensors":[{"Type":"InWater"},{"Type":"Not","Sensor":{"Type":"State","State":"Panic"}}]},"Actions":[{"Type":"State","State":"Panic"}]}]},{"$Comment":"If there are configured attachments for the 'harvestable' state, apply them","Enabled":{"Compute":"IsHarvestable"},"Continue":true,"Sensor":{"Type":"Alarm","Name":"Harvest_Ready","State":"Passed","Clear":true},"Instructions":[{"Enabled":{"Compute":"!isEmpty(HarvestModelSlot)"},"Actions":[{"Type":"ModelAttachment","Slot":{"Compute":"HarvestModelSlot"},"Attachment":{"Compute":"HarvestModelAttachmentHarvestable"}}]}]},{"$Comment":"Initializes the produce item alarm","Enabled":{"Compute":"!isEmpty(ProduceItem)"},"Sensor":{"Type":"Any","Once":true},"Actions":[{"Type":"SetAlarm","Name":"Produce_Ready","DurationRange":{"Compute":"ProduceTimeout"}}]},{"Instructions":[{"$Comment":"Idle behaviors (wander, eat, grazing, etc.). Note: engine may not provide hasPassengers(); when mounted, FollowService removes FlockMembership so HorseFollow does not match.","Sensor":{"Type":"State","State":"Idle"},"Enabled":{"Compute":"true"},"Instructions":[{"$Comment":"HorseFollow stay: when StayIdleGoToSleep true, transition Idle -> Sleep so StateTransitions run Laydown.","Enabled":{"Compute":"StayIdleGoToSleep"},"Sensor":{"Type":"Any","Once":true},"Actions":[{"Type":"State","State":"Sleep"}]},{"$Comment":"Switch to flee state if any flock member engages a target TODO switch to attack if you are very close and can attack? otherwise flee.","Enabled":{"Compute":"!isEmptyStringArray(FlockArray)"},"Sensor":{"Type":"Beacon","Message":"Flock_Attack","TargetSlot":"LockedTarget","Range":{"Compute":"HearingRange"}},"Actions":[{"Type":"State","State":"Alerted"}]},{"Reference":"Component_Instruction_Damage_Check","Modify":{"_ExportStates":["Flee.Switch","Panic"],"AlertedRange":{"Compute":"AlertedRange"}}},{"$Comment":"Check if there are any potential things that can alert the NPC","Sensor":{"Reference":"Component_Sensor_Standard_Detection","Modify":{"ViewRange":{"Compute":"ViewRange"},"ViewSector":{"Compute":"ViewSector"},"HearingRange":{"Compute":"HearingRange"},"AbsoluteDetectionRange":{"Compute":"AbsoluteDetectionRange"},"Attitudes":["Hostile","Neutral","Friendly"]}},"Actions":[{"Type":"State","State":"Alerted"}]},{"$Comment":"If we're beyond our soft leash radius for a set period of time, return home.","Continue":true,"Sensor":{"Type":"Leash","Range":{"Compute":"LeashDistance"}},"ActionsBlocking":true,"Actions":[{"Type":"Timeout","Delay":[15,20]},{"Type":"State","State":"ReturnHome"}]},{"$Comment":"HorseFollow: eating/grazing only when not following (HorseFollowEnabled = when bound).","Enabled":{"Compute":"!HorseFollowEnabled"},"Sensor":{"Type":"State","State":".FindFood"},"Instructions":[{"Sensor":{"Type":"Or","Sensors":[{"Type":"Block","Range":1.5,"MaxHeight":4,"Blocks":{"Compute":"FoodBlockSet"},"Random":true},{"Enabled":{"Compute":"!isEmptyStringArray(FoodItemSet)"},"Type":"DroppedItem","Range":1,"Items":{"Compute":"FoodItemSet"},"ViewSector":{"Compute":"ViewSector"},"LineOfSight":true}]},"BodyMotion":{"Type":"AimCharge"},"ActionsBlocking":true,"Actions":[{"Type":"PlayAnimation","Slot":"Status","Animation":"Eat"},{"Type":"Timeout","Delay":[4,6]},{"Type":"PickUpItem","Items":["*Hay*"],"Range":1.5,"StorageTarget":"Destroy"}]},{"Sensor":{"Type":"Or","Sensors":[{"Type":"Block","Range":{"Compute":"ViewRange"},"MaxHeight":4,"Blocks":{"Compute":"FoodBlockSet"},"Random":true},{"Enabled":{"Compute":"!isEmptyStringArray(FoodItemSet)"},"Type":"DroppedItem","Range":{"Compute":"ViewRange"},"Items":{"Compute":"FoodItemSet"},"ViewSector":{"Compute":"ViewSector"},"LineOfSight":true}]},"BodyMotion":{"Type":"Seek","RelativeSpeed":0.6,"StopDistance":0.5,"RelaxedMoveConstraints":false},"HeadMotion":{"Type":"Watch"}},{"Sensor":{"Type":"Any"},"ActionsBlocking":true,"Actions":[{"Type":"PlayAnimation","Slot":"Status"},{"Type":"Timeout","Delay":[2,4]},{"Type":"ResetBlockSensors"},{"Type":"State","State":".Default"}]}]},{"$Comment":"Produce an item","Enabled":{"Compute":"!isEmpty(ProduceItem)"},"Continue":true,"Instructions":[{"Sensor":{"Type":"Alarm","Name":"Produce_Ready","State":"Passed","Clear":true},"Actions":[{"Type":"Nothing"}]},{"Sensor":{"Type":"Alarm","Name":"Produce_Ready","State":"Unset"},"Actions":[{"Type":"DropItem","Item":{"Compute":"ProduceItem"},"Distance":[0,0],"Delay":[0,0],"ThrowSpeed":14.32},{"Type":"SetAlarm","Name":"Produce_Ready","DurationRange":{"Compute":"ProduceTimeout"}}]}]},{"$Comment":"Execute daytime idle behaviors.","Type":"Random","ExecuteFor":[20,30],"Sensor":{"Type":"Time","Period":{"Compute":"DayTimePeriod"},"CheckDay":true},"Instructions":[{"$Comment":"Regular wander.","Weight":20,"Instructions":[{"Continue":true,"Actions":[{"Type":"Crouch","Crouch":false}]},{"Reference":"Component_Instruction_Leash_To_Flock_Leader","Modify":{"Enabled":{"Compute":"!isEmptyStringArray(FlockArray)"},"WanderRadius":{"Compute":"WanderRadius"},"StopDistance":3}},{"BodyMotion":{"Type":"Sequence","Looped":true,"Motions":[{"Type":"Timer","Time":[1,5],"Motion":{"Type":"WanderInCircle","Radius":{"Compute":"WanderRadius"},"MaxHeadingChange":60,"RelativeSpeed":0.18}},{"Type":"Timer","Time":[3,8],"Motion":{"Type":"Nothing"}}]}}]},{"$Comment":"TODO: grazing component seems to be borked. HorseFollow: only when not following.","Enabled":{"Compute":"!HorseFollowEnabled"},"Weight":10,"Instructions":[{"Sensor":{"Type":"Self","Filters":[{"Type":"StandingOnBlock","BlockSet":{"Compute":"GrazingBlockSet"}}]},"ActionsBlocking":true,"Actions":[{"Type":"PlayAnimation","Slot":"Status","Animation":"Eat"},{"Type":"Timeout","Delay":[5,6]},{"Type":"PlayAnimation","Slot":"Status"},{"Type":"ResetInstructions"}]},{"$Comment":"They are not standing on grazing block","Actions":[{"Type":"ResetInstructions"},{"Type":"State","State":".Default"}]}]},{"$Comment":"HorseFollow: seek food/eat only when not following.","Enabled":{"Compute":"(!isEmpty(FoodBlockSet) || !isEmptyStringArray(FoodItemSet)) && !HorseFollowEnabled"},"Weight":10,"Instructions":[{"Sensor":{"Type":"Or","Sensors":[{"Enabled":{"Compute":"!isEmptyStringArray(FoodItemSet)"},"Type":"DroppedItem","Range":{"Compute":"ViewRange"},"Items":{"Compute":"FoodItemSet"},"ViewSector":{"Compute":"ViewSector"},"LineOfSight":true},{"Enabled":{"Compute":"!isEmpty(FoodBlockSet)"},"Type":"Block","Range":{"Compute":"ViewRange"},"MaxHeight":4,"Blocks":{"Compute":"FoodBlockSet"},"Random":true}]},"Actions":[{"Type":"State","State":".FindFood"}]}]},{"$Comment":"Play a daytime flavor animation.","Enabled":{"Compute":"!isEmpty(DayFlavorAnimation)"},"Weight":3,"Instructions":[{"ActionsBlocking":true,"Actions":[{"Type":"PlayAnimation","Slot":"Status","Animation":{"Compute":"DayFlavorAnimation"}},{"Type":"Timeout","Delay":{"Compute":"DayFlavorAnimationLength"}},{"Type":"PlayAnimation","Slot":"Status"},{"Type":"ResetInstructions"}]}]},{"$Comment":"Nap. HorseFollow: only when not following.","Enabled":{"Compute":"DayTimeNapWeight > 0 && !HorseFollowEnabled"},"Weight":{"Compute":"DayTimeNapWeight"},"Instructions":[{"Actions":[{"Type":"State","State":"Sleep.Nap"}]}]}]},{"$Comment":"Sleep time. HorseFollow: only when not following.","Enabled":{"Compute":"!HorseFollowEnabled"},"Actions":[{"Type":"Timeout","Delay":[2,4],"Action":{"Type":"Sequence","Actions":[{"Type":"State","State":"Sleep"}]}}]}]},{"Sensor":{"Type":"State","State":"Sleep"},"Instructions":[{"$Comment":"Wake up if an enemy attacks a flock member.","Enabled":{"Compute":"!isEmptyStringArray(FlockArray)"},"Sensor":{"Type":"Beacon","Message":"Flock_Attack","TargetSlot":"LockedTarget"},"Actions":[{"Type":"State","State":"Alerted"}]},{"$Comment":"Just a little nap. HorseFollow: only when not following.","Enabled":{"Compute":"DayTimeNapWeight > 0 && !HorseFollowEnabled"},"Sensor":{"Type":"State","State":".Nap"},"Instructions":[{"$Comment":"Start the nap timer","Continue":true,"Sensor":{"Type":"Any","Once":true},"Actions":[{"Type":"TimerStart","Name":"NapTimer","StartValueRange":{"Compute":"DayTimeNapTimeRange"},"RestartValueRange":{"Compute":"DayTimeNapTimeRange"}},{"Type":"TimerRestart","Name":"NapTimer"}]},{"Reference":"Component_Instruction_Wild_Sleep_State","Modify":{"_ExportStates":["Panic","Panic","Flee.Switch","Idle"],"HearingRange":{"Compute":"HearingRange"},"Attitudes":["Hostile","Neutral"],"WakeupSensor":"Component_Sensor_Timed_Nap"}}]},{"$Comment":"Night-time sleep. Uses static reference (vanilla pattern). Stay role would need separate approach for HF_Component_Instruction_Stay_Sleep_State.","Instructions":[{"Reference":"Component_Instruction_Wild_Sleep_State","Modify":{"_ExportStates":["Panic","Panic","Flee.Switch","Idle"],"HearingRange":{"Compute":"HearingRange"},"Attitudes":["Hostile","Neutral"],"DayTimePeriod":{"Compute":"DayTimePeriod"}}}]}]},{"$Comment":"Used when receiving something like a flock beacon that may potentially result in the NPC becoming alerted but could also be discarded with a random chance.","Sensor":{"Type":"State","State":"Alerted"},"Instructions":[{"$Comment":"Play the alerted animation when entering the state","Continue":true,"Sensor":{"Type":"Any","Once":true},"Actions":[{"Type":"PlayAnimation","Slot":"Status","Animation":"Alerted"}]},{"$Comment":"Starting a timer to get out of alerted state if nothing else got us out of there. TODO: expose the timer duration","Continue":true,"ActionsBlocking":true,"Actions":[{"Type":"Timeout","Delay":{"Compute":"AlertedTimeoutGiveUp"}},{"Type":"State","State":".TimerEnd"}]},{"$Comment":"Check for damage","Reference":"Component_Instruction_Damage_Check","Modify":{"_ExportStates":["Flee.Switch","Panic"],"AlertedRange":{"Compute":"AlertedRange"}}},{"$Comment":"Watching a target always, if we have any","Continue":true,"Sensor":{"Type":"Target","Range":{"Compute":"AlertedRange"}},"HeadMotion":{"Type":"Watch"}},{"$Comment":"If the target gets too close, flee for a bit","Continue":true,"Sensor":{"Type":"Target","Range":{"Compute":"AlertedActionRange * randomInRange(0.3, 0.7)"}},"BodyMotion":{"Type":"Flee","RelativeSpeed":0.5,"StopDistance":{"Compute":"AlertedActionRange"},"SlowDownDistance":{"Compute":"AlertedActionRange * 0.25"},"RelaxedMoveConstraints":false}},{"Continue":true,"Sensor":{"$Comment":"If target is reasonably close, the NPC will react instead of just staring","Type":"Target","Range":{"Compute":"AlertedActionRange"},"Filters":[{"Type":"LineOfSight"}]},"Instructions":[{"Enabled":{"Compute":"!isEmptyStringArray(LovedItems)"},"$Comment":"If the target is holding an item deemed very attractive, always follow it","Sensor":{"Type":"Target","Filters":[{"Type":"ItemInHand","Items":{"Compute":"LovedItems"}},{"Type":"Not","Filter":{"Type":"Attitude","Attitudes":["Hostile","Ignore"]}}]},"Actions":[{"$Comment":"TODO: check what particle systems are offsetting off of and potentially expose it to compute","Type":"SpawnParticles","Offset":[0,1,0],"ParticleSystem":"Hearts"},{"Type":"OverrideAttitude","Attitude":"Friendly","Duration":{"Compute":"FriendlyOverrideTimeWithAttractiveItem"}},{"Type":"State","State":"Curious.Item"}]},{"$Comment":"Threatening actions that will cause the NPC to flee","Sensor":{"Type":"Or","Sensors":[{"Type":"Target","Filters":[{"Type":"Or","Filters":[{"Type":"Attitude","Attitudes":["Hostile"]},{"Type":"Combat"},{"Type":"ItemInHand","Items":["*Weapon*"]}]}]},{"Type":"Target","Filters":[{"Type":"Not","Filter":{"Type":"Attitude","Attitudes":["Friendly"]}},{"Type":"MovementState","State":"Sprinting"}]},{"Enabled":{"Compute":"Timid"},"Type":"Target","Filters":[{"Type":"MovementState","State":"Sprinting"}]},{"Type":"Target","Range":{"Compute":"min(AbsoluteDetectionRange, AlertedActionRange * 0.75)"},"Filters":[{"Type":"Not","Filter":{"Type":"Attitude","Attitudes":["Friendly","Ignore"]}}]}]},"Actions":[{"Type":"State","State":"Flee.Switch"}]},{"Continue":true,"$Comment":"Starting a second timer to try and turn friendly. TODO: compute it as % of alerted timer","Sensor":{"Type":"Target","Filters":[{"Type":"Attitude","Attitudes":["Neutral"]}]},"ActionsBlocking":true,"Actions":[{"Type":"Timeout","Delay":{"Compute":"AlertedTimeoutReaction"}},{"Type":"State","State":".Switch"}]},{"$Comment":"Execute random behaviors towards friendly and revered.","Type":"Random","ExecuteFor":[15,20],"Sensor":{"Type":"Target","Filters":[{"Type":"Attitude","Attitudes":["Friendly","Revered"]}]},"Instructions":[{"Enabled":{"Compute":"!isEmptyStringArray(AttractiveItems)"},"Weight":{"Compute":"WeightFollowItem"},"$Comment":"TODO: change this to a weight-based decision to avoid the whole flock chasing the item","Sensor":{"Type":"Target","Filters":[{"Type":"ItemInHand","Items":{"Compute":"AttractiveItems"}}]},"Actions":[{"Type":"State","State":"Curious.Item"}]},{"Enabled":{"Compute":"WeightGreet > 0"},"Weight":{"Compute":"WeightGreet"},"Actions":[{"Type":"State","State":"Curious.Greet"}]},{"$Comment":"NPC will approach player and stop at a distance, following them like this for a while","Enabled":{"Compute":"WeightFollow > 0"},"Weight":{"Compute":"WeightFollow"},"Actions":[{"Type":"State","State":"Curious.Follow"}]},{"$Comment":"We override the attitude here and go to idle - this way the alerted state won't be triggered right away","Enabled":{"Compute":"WeightIgnore > 0"},"Weight":{"Compute":"WeightIgnore"},"Sensor":{"Type":"Target"},"ActionsBlocking":true,"Actions":[{"Type":"OverrideAttitude","Attitude":"Ignore","Duration":{"Compute":"IgnoreOverrideTime"}},{"Type":"State","State":"Idle"}]},{"$Comment":"Fallback if weights are misconfigured","Weight":1,"Sensor":{"Type":"Target"},"ActionsBlocking":true,"Actions":[{"Type":"OverrideAttitude","Attitude":"Ignore","Duration":{"Compute":"IgnoreOverrideTime"}},{"Type":"State","State":"Idle"}]}]}]},{"Sensor":{"Type":"State","State":".TimerEnd"},"Instructions":[{"Enabled":{"Compute":"!Timid"},"Sensor":{"$Comment":"Timer ended, we still have a target and it's a friendly one and we are not timid","Type":"Target","Range":{"Compute":"AlertedRange"},"Filters":[{"Type":"Attitude","Attitudes":["Friendly"]}]},"Actions":[{"Type":"OverrideAttitude","Attitude":"Ignore","Duration":{"Compute":"IgnoreOverrideTime"}},{"Type":"State","State":"Idle"}]},{"Enabled":{"Compute":"Timid"},"Sensor":{"$Comment":"Timer ended, I am timid and the target is staring me down, stranger danger, flee","Type":"Target","Range":{"Compute":"AlertedRange"},"Filters":[{"Type":"SpotsMe"},{"Type":"Not","Filter":{"Type":"Attitude","Attitudes":["Friendly"]}}]},"Actions":[{"Type":"State","State":"Flee"}]},{"Sensor":{"$Comment":"Timer ended, target seems uninterested and is assumed to be harmless, ignore for a while","Type":"Target","Range":{"Compute":"AlertedRange"}},"Actions":[{"Type":"OverrideAttitude","Attitude":"Ignore","Duration":{"Compute":"IgnoreOverrideTime"}},{"Type":"State","State":"Idle"}]},{"$Comment":"There is no target, so just go idle","Actions":[{"Type":"State","State":"Idle"}]}]},{"$Comment":"Timer elapsed and we randomly decide if friendly or not. This has to continue so we can hit the friendly instructions below","Sensor":{"Type":"State","State":".Switch"},"Instructions":[{"$Comment":"If the NPC is configured with a different chance to befriend when the target is holding a special item, use that chance","Enabled":{"Compute":"ChanceToTurnFriendlyWithAttractiveItem > 0"},"Sensor":{"Type":"Target","Filters":[{"Type":"Attitude","Attitudes":["Neutral"]},{"Type":"ItemInHand","Items":{"Compute":"AttractiveItems"}}]},"Type":"Random","ExecuteFor":[15,20],"Instructions":[{"Weight":{"Compute":"ChanceToTurnFriendlyWithAttractiveItem"},"Sensor":{"Type":"Target"},"Actions":[{"$Comment":"TODO: check what particle systems are offsetting off of and potentially expose it to compute","Type":"SpawnParticles","Offset":[0,1,0],"ParticleSystem":"Hearts"},{"Type":"OverrideAttitude","Attitude":"Friendly","Duration":{"Compute":"FriendlyOverrideTimeWithAttractiveItem"}},{"$Comment":"Prevents the next instruction from running as soon as the player is no longer neutral","Type":"State","State":".Default"}]},{"Enabled":{"Compute":"ChanceToTurnFriendlyWithAttractiveItem < 100"},"Weight":{"Compute":"100 - ChanceToTurnFriendlyWithAttractiveItem"},"Actions":[{"Type":"State","State":"Flee"}]}]},{"$Comment":"NPC becoming friendly with a player","Enabled":{"Compute":"ChanceToTurnFriendly > 0"},"Sensor":{"Type":"Target","Filters":[{"Type":"Attitude","Attitudes":["Neutral"]}]},"Type":"Random","ExecuteFor":[15,20],"Instructions":[{"Weight":{"Compute":"ChanceToTurnFriendly"},"Sensor":{"Type":"Target"},"Actions":[{"$Comment":"TODO: check what it is offseting off and potentially expose it to compute","Type":"SpawnParticles","Offset":[0,1,0],"ParticleSystem":"Hearts"},{"Type":"OverrideAttitude","Attitude":"Friendly","Duration":{"Compute":"FriendlyOverrideTime"}},{"$Comment":"Prevents the next instruction from running as soon as the player is no longer neutral","Type":"State","State":".Default"}]},{"Enabled":{"Compute":"ChanceToTurnFriendly < 100"},"Weight":{"Compute":"100 - ChanceToTurnFriendly"},"Actions":[{"Type":"State","State":"Flee"}]}]}]}]},{"Sensor":{"Type":"State","State":"Curious"},"Instructions":[{"$Comment":"Animations","Continue":true,"Sensor":{"Type":"Any","Once":true},"Actions":[{"Type":"PlayAnimation","Slot":"Status","Animation":"Curious"}]},{"$Comment":"If getting to the target takes too long, ignore and go to idle. This is also how long it will follow if this is triggered,TODO: mb could be a bit longer for the follow? ","Sensor":{"Type":"And","Sensors":[{"Type":"Target"},{"$Comment":"The item follow substates has its own timeouts","Type":"Not","Sensor":{"Type":"State","State":"Curious.Item"}}]},"Continue":true,"ActionsBlocking":true,"Actions":[{"Type":"Timeout","Delay":[7,7]},{"Type":"OverrideAttitude","Attitude":"Ignore","Duration":{"Compute":"IgnoreOverrideTime"}},{"Type":"State","State":"Idle"}]},{"$Comment":"Check if there are any potential threats nearby and flee. TODO: add more tirggers to flee","Sensor":{"Reference":"Component_Sensor_Standard_Detection","Modify":{"ViewRange":{"Compute":"ViewRange"},"ViewSector":{"Compute":"ViewSector"},"HearingRange":{"Compute":"HearingRange"},"AbsoluteDetectionRange":{"Compute":"AbsoluteDetectionRange"},"Attitudes":["Hostile"]}},"Actions":[{"Type":"State","State":"Flee.Switch"}]},{"Reference":"Component_Instruction_Damage_Check","Modify":{"_ExportStates":["Flee.Switch","Panic"],"AlertedRange":{"Compute":"AlertedRange"}}},{"$Comment":"TODO: mb potentially move secnsor component for curious, or for alerted - with parameters to be mor forgiving","Sensor":{"Type":"Or","Sensors":[{"Type":"Target","Filters":[{"Type":"Or","Filters":[{"Type":"Attitude","Attitudes":["Hostile"]},{"Type":"Combat"},{"Type":"ItemInHand","Items":["*Weapon*"]}]}]},{"Type":"Target","Filters":[{"Type":"Not","Filter":{"Type":"Attitude","Attitudes":["Friendly"]}},{"Type":"MovementState","State":"Sprinting"}]},{"Enabled":{"Compute":"Timid"},"Type":"Target","Filters":[{"Type":"MovementState","State":"Sprinting"}]},{"Type":"Target","Range":{"Compute":"AbsoluteDetectionRange"},"Filters":[{"Type":"Not","Filter":{"Type":"Attitude","Attitudes":["Friendly","Ignore"]}}]}]},"Actions":[{"Type":"State","State":"Flee.Switch"}]},{"$Comment":"We lost target","Sensor":{"Type":"Not","Sensor":{"Type":"Target","Range":{"Compute":"AlertedRange"},"Filters":[{"Type":"LineOfSight"}]}},"ActionsBlocking":true,"Actions":[{"Type":"Timeout","Delay":[0.2,0.2]},{"Type":"State","State":"Idle"}]},{"$Comment":"Moving to an attractive item","Sensor":{"Type":"State","State":".Item"},"Instructions":[{"$Comment":"Start a timer after which the NPC will lose interest in the item holder, regardless of range","Continue":true,"Sensor":{"Type":"Target"},"HeadMotion":{"Type":"Watch"},"ActionsBlocking":true,"Actions":[{"Type":"Timeout","Delay":{"Compute":"AttractiveItemsTimeout"}},{"Type":"PlayAnimation","Slot":"Status"},{"Type":"Timeout","Delay":[2,4]},{"Type":"OverrideAttitude","Attitude":"Ignore","Duration":20},{"Type":"State","State":"Idle"}]},{"$Comment":"Target too far or without attractive item","Sensor":{"Type":"And","Sensors":[{"Type":"Not","Sensor":{"Type":"Target","Range":{"Compute":"AlertedRange"},"Filters":[{"Type":"LineOfSight"},{"Type":"ItemInHand","Items":{"Compute":"AttractiveItems"}}]}},{"$Comment":"Need to do this to avoid two concurrent ItemInHand filters","Enabled":{"Compute":"!isEmptyStringArray(LovedItems)"},"Type":"Not","Sensor":{"Type":"Target","Range":{"Compute":"AlertedRange"},"Filters":[{"Type":"LineOfSight"},{"Type":"ItemInHand","Items":{"Compute":"LovedItems"}}]}}]},"ActionsBlocking":true,"Actions":[{"Type":"PlayAnimation","Slot":"Status","Animation":"Alerted"},{"Type":"Timeout","Delay":[2,3]},{"Type":"State","State":"Idle"}]},{"Sensor":{"Type":"Target","Range":2.5},"ActionsBlocking":true,"Actions":[{"Type":"Timeout","Delay":{"Compute":"AttractiveItemsSmellTimeout"}},{"Type":"PlayAnimation","Slot":"Status"},{"Type":"OverrideAttitude","Attitude":"Ignore","Duration":20},{"Type":"State","State":"Idle"}]},{"Sensor":{"Type":"Target","Range":{"Compute":"AlertedRange"}},"BodyMotion":{"Type":"Seek","SlowDownDistance":3.5,"StopDistance":2,"RelativeSpeed":0.4,"RelaxedMoveConstraints":false}}]},{"$Comment":"Moving to Greet","Sensor":{"Type":"State","State":".Greet"},"Instructions":[{"Sensor":{"Type":"Target","Range":3},"HeadMotion":{"Type":"Watch","RelativeTurnSpeed":0.5},"ActionsBlocking":true,"Actions":[{"Type":"PlayAnimation","Slot":"Status","Animation":"GreetAnimation"},{"Type":"Timeout","Delay":[2,4]},{"Type":"PlayAnimation","Slot":"Status"},{"Type":"OverrideAttitude","Attitude":"Ignore","Duration":{"Compute":"IgnoreOverrideTime"}},{"Type":"State","State":"Idle"}]},{"Sensor":{"Type":"Target","Range":{"Compute":"AlertedActionRange"}},"BodyMotion":{"Type":"Seek","SlowDownDistance":5,"StopDistance":3,"RelativeSpeed":0.4,"RelaxedMoveConstraints":false}}]},{"$Comment":"Moving to follow, stop at half alerted action range and watch a bit. TODO: flee if player sprints towards npc","Sensor":{"Type":"State","State":".Follow"},"Instructions":[{"Continue":true,"Sensor":{"Type":"Target","Range":{"Compute":"AlertedActionRange"}},"BodyMotion":{"Type":"Seek","SlowDownDistance":{"Compute":"AlertedActionRange"},"StopDistance":3,"RelativeSpeed":0.4,"RelaxedMoveConstraints":false}},{"Sensor":{"Type":"Target","Range":4},"ActionsBlocking":true,"Actions":[{"Type":"Timeout","Delay":[0.5,0.5]}],"HeadMotion":{"Type":"Watch"}}]}]},{"Sensor":{"Type":"State","State":"ReturnHome"},"Instructions":[{"$Comment":"Switch to flee state if any flock member engages a target TODO switch to attack if you are very close and can attack? otherwise flee.","Enabled":{"Compute":"!isEmptyStringArray(FlockArray)"},"Sensor":{"Type":"Beacon","Message":"Flock_Attack","TargetSlot":"LockedTarget","Range":{"Compute":"HearingRange"}},"Actions":[{"Type":"State","State":"Alerted"}]},{"Reference":"Component_Instruction_Damage_Check","Modify":{"_ExportStates":["Flee.Switch","Panic"],"AlertedRange":{"Compute":"AlertedRange"}}},{"$Comment":"Check if there are any potential things that can alert the NPC","Sensor":{"Reference":"Component_Sensor_Standard_Detection","Modify":{"ViewRange":{"Compute":"ViewRange"},"ViewSector":{"Compute":"ViewSector"},"HearingRange":{"Compute":"HearingRange"},"AbsoluteDetectionRange":{"Compute":"AbsoluteDetectionRange"},"Attitudes":["Hostile","Neutral","Friendly"]}},"Actions":[{"Type":"State","State":"Alerted"}]},{"Sensor":{"$Comment":"TODO: make them walk home, expose walking speed?","Type":"Leash","Range":{"Compute":"LeashDistance * 0.3"}},"BodyMotion":{"Type":"Seek","SlowDownDistance":1,"StopDistance":0.5,"RelativeSpeed":0.4,"UsePathfinder":true}},{"Actions":[{"Type":"SetStat","Stat":"Health","Value":1000000},{"Type":"State","State":"Idle"}]}]},{"Sensor":{"Type":"State","State":"Flee"},"Instructions":[{"$Comment":"TODO: Add a state message","Enabled":{"Compute":"!isEmptyStringArray(FlockArray)"},"Continue":true,"Sensor":{"Type":"Any","Once":true},"Actions":[{"Type":"FlockBeacon","Message":"Flock_Attack","SendTargetSlot":"LockedTarget"}]},{"Reference":"Component_Instruction_Damage_Check","Modify":{"_ExportStates":["Flee.Switch","Panic"],"AlertedRange":{"Compute":"AlertedRange"}}},{"Sensor":{"Type":"State","State":".Switch"},"Instructions":[{"Sensor":{"Type":"Target","TargetSlot":"LockedTarget","Range":{"Compute":"AttackRange"}},"Instructions":[{"Continue":true,"Sensor":{"Type":"Target","Once":true},"Actions":[{"$TODO":"Maybe friendly lifestock doesnt override it for player when hit","Type":"OverrideAttitude","Attitude":"Hostile","Duration":23}]},{"Enabled":{"Compute":"AttackWhenStartled"},"Sensor":{"Type":"Target","Filters":[{"Type":"Not","Filter":{"Type":"ViewSector","ViewSector":270}}]},"ActionsBlocking":true,"Actions":[{"Type":"PlayAnimation","Slot":"Status","Animation":"Alerted"},{"Type":"Timeout","Delay":[0.2,0.2]},{"Type":"PlayAnimation","Slot":"Status"},{"Type":"State","State":".Attack"}]},{"Actions":[{"Type":"State","State":".Default"}]}]},{"Sensor":{"Type":"Target","TargetSlot":"LockedTarget","Range":{"Compute":"AlertedRange"}},"Actions":[{"Type":"State","State":".Default"}]},{"Actions":[{"Type":"State","State":"Panic"}]}]},{"Sensor":{"Type":"State","State":".Attack"},"ActionsBlocking":true,"Actions":[{"Type":"Attack","Attack":{"Compute":"Attack"},"AttackPauseRange":[1,2]},{"Type":"Timeout","Delay":[0.3,0.3],"Action":{"Type":"State","State":".Default"}}]},{"Sensor":{"Type":"Target","Range":{"Compute":"AlertedRange + 3"}},"BodyMotion":{"Type":"Flee","SlowDownDistance":{"Compute":"AlertedRange - 3"},"StopDistance":{"Compute":"AlertedRange + 3"},"RelativeSpeed":0.68},"Actions":[{"Type":"Timeout","Delay":[8,8],"Action":{"Type":"State","State":".Switch"}}]},{"Actions":[{"Type":"Timeout","Delay":[3,6],"Action":{"Type":"State","State":"Idle"}}]}]},{"Sensor":{"Type":"State","State":"Panic"},"Instructions":[{"Continue":true,"Sensor":{"Type":"Any","Once":true},"Actions":[{"Type":"PlayAnimation","Slot":"Status","Animation":"Alerted"}]},{"Continue":true,"Actions":[{"Type":"Timeout","Delay":[6,12],"Action":{"Type":"State","State":"Idle"}}]},{"Sensor":{"Type":"Damage","Combat":true},"BodyMotion":{"Type":"Flee","SlowDownDistance":9,"StopDistance":14,"RelativeSpeed":1,"RelaxedMoveConstraints":false}},{"BodyMotion":{"Type":"WanderInCircle","Radius":10,"MaxHeadingChange":90,"RelativeSpeed":1,"RelaxedMoveConstraints":true}}]},{"Sensor":{"Type":"State","State":"$Harvest"},"Instructions":[{"$Comment":"Base harvest logic: particles, sound, alarm (always runs)","Continue":true,"Sensor":{"Type":"Any","Once":true},"Actions":[{"Type":"PlayAnimation","Slot":"Status","Animation":"Alerted"},{"Type":"SpawnParticles","Offset":[0,1,0],"ParticleSystem":{"Compute":"HarvestParticles"}},{"Type":"PlaySound","SoundEventId":{"Compute":"HarvestSound"}},{"Type":"SetAlarm","Name":"Harvest_Ready","DurationRange":{"Compute":"HarvestTimeout"}}]},{"$Comment":"Drop item only if HarvestDropList is set","Enabled":{"Compute":"!isEmpty(HarvestDropList)"},"Continue":true,"Sensor":{"Type":"Any","Once":true},"Actions":[{"Type":"DropItem","DropList":{"Compute":"HarvestDropList"},"Distance":[0.2,0.5],"Delay":[0,0],"DropSector":[-360,360],"PitchHigh":false,"ThrowSpeed":14}]},{"$Comment":"Replace Container_Bucket with milk when held","Enabled":{"Compute":"!isEmpty(HarvestAddItemBucket)"},"Continue":true,"Sensor":{"Type":"And","Sensors":[{"Type":"Any","Once":true},{"Type":"Target","Filters":[{"Type":"ItemInHand","Items":["Container_Bucket"]}]}]},"Actions":[{"Type":"Inventory","UseTarget":true,"Operation":"RemoveHeldItem"},{"Type":"Inventory","UseTarget":true,"Operation":"Add","Item":{"Compute":"HarvestAddItemBucket"},"Count":1}]},{"$Comment":"Replace Deco_Bucket with milk when held","Enabled":{"Compute":"!isEmpty(HarvestAddItemDecoBucket)"},"Continue":true,"Sensor":{"Type":"And","Sensors":[{"Type":"Any","Once":true},{"Type":"Target","Filters":[{"Type":"ItemInHand","Items":["Deco_Bucket"]}]}]},"Actions":[{"Type":"Inventory","UseTarget":true,"Operation":"RemoveHeldItem"},{"Type":"Inventory","UseTarget":true,"Operation":"Add","Item":{"Compute":"HarvestAddItemDecoBucket"},"Count":1}]},{"$Comment":"If there are configured attachments for the 'harvested' state, apply them","Enabled":{"Compute":"IsHarvestable && !isEmpty(HarvestModelSlot)"},"Continue":true,"Actions":[{"Type":"ModelAttachment","Slot":{"Compute":"HarvestModelSlot"},"Attachment":{"Compute":"HarvestModelAttachmentHarvested"}}]},{"ActionsBlocking":true,"Actions":[{"Type":"Timeout","Delay":[2,3]},{"Type":"State","State":"Flee"}]}]}]}],"InteractionInstruction":{"Enabled":{"Compute":"IsHarvestable || IsMountable"},"Instructions":[{"Enabled":{"Compute":"IsHarvestable"},"Instructions":[{"Sensor":{"$Comment":"Check the negative first so we can exit early and avoid the rest of the logic","Type":"Not","Sensor":{"Type":"And","Sensors":[{"Type":"Alarm","Name":"Harvest_Ready","State":"Unset"},{"Type":"CanInteract","Attitudes":{"Compute":"HarvestRequiredAttitudes"}}]}},"Actions":[{"Type":"SetInteractable","Interactable":false}]},{"$Comment":"Allow contextual interactions (shearing) but hide F key prompt","Continue":true,"Sensor":{"Type":"Any"},"Actions":[{"Type":"SetInteractable","Interactable":true,"ShowPrompt":false}]},{"$Comment":"Harvest action triggered by left-click with appropriate tool","Sensor":{"Type":"And","Sensors":[{"Enabled":{"Compute":"!isEmpty(HarvestInteractionContext)"},"Type":"InteractionContext","Context":{"Compute":"HarvestInteractionContext"}},{"Type":"Alarm","Name":"Harvest_Ready","State":"Unset"}]},"Actions":[{"Type":"State","State":"$Harvest"}]}]},{"Enabled":{"Compute":"IsMountable"},"Instructions":[{"Sensor":{"Type":"Not","Sensor":{"$Comment":"Check the negative first so we can exit early and avoid the rest of the logic","Type":"CanInteract","ViewSector":360,"Attitudes":["Friendly","Revered"]}},"Actions":[{"Type":"SetInteractable","Interactable":false}]},{"Continue":true,"Sensor":{"Type":"Any"},"Actions":[{"Type":"SetInteractable","Interactable":true,"Hint":"server.interactionHints.mount"}]},{"Sensor":{"Type":"HasInteracted"},"Actions":[{"Type":"Mount","AnchorX":{"Compute":"MountAnchorX"},"AnchorY":{"Compute":"MountAnchorY"},"AnchorZ":{"Compute":"MountAnchorZ"},"MovementConfig":{"Compute":"MountMovementConfig"}}]}]}]},"NameTranslationKey":{"Compute":"NameTranslationKey"}}...)
[2026/02/05 18:58:38   WARN]                          [NPC|P] Unknown JSON attribute 'MountMovementConfig' found in Role|Abstract: /Server/NPC/Roles/_Core/Templates/Template_Animal_Tamed.json (JSON: ance":{"Value":"Deer_Stag","Description":"The NPC's model."},"WanderRadius":{"Value":7,"Description":"The wander radius of the NPC."},"ViewRange":{"Value":16,"Description":"The view distance of the NPC, in blocks."},"ViewSector":{"Value":180,"Description":"The view sector of the NPC, in degrees."},"HearingRange":{"Value":8,"Description":"The hearing distance of the NPC, in blocks."},"AbsoluteDetectionRange":{"Value":4,"Description":"The range at which a target is guaranteed to be detected, in blocks. If set to zero, absolute detection will be disabled. Within the alerted state, this value has an upper bound of 0.75 * AlertedActionRange."},"AlertedRange":{"Value":18,"Description":"The range within which the target can be seen/sensed when the NPC is alerted to their presence, in blocks. Should be higher than sense ranges."},"AlertedActionRange":{"Value":12,"Description":"The range at which an NPC will react to other NPCs and players, depending on the attitude towards them, in blocks. Should be higher than AbsoluteDetectionRange."},"LeashDistance":{"Value":20,"Description":"The range at which an NPC will start to want to return to their spawn point, in blocks."},"AttractiveItems":{"Value":["Tool_Feedbag"],"Description":"The list of items that are deemed attractive (there's a chance targets holding them will be followed)."},"LovedItems":{"Value":[],"TypeHint":"String","Description":"The list of items that are deemed very attractive (it's guaranteed targets holding them will be followed and befriended)."},"AttractiveItemsTimeout":{"Value":[15,20],"Description":"The maximum timeout after which the NPC will lose interest in attractive times, regardless of range to the target, in seconds."},"AttractiveItemsSmellTimeout":{"Value":[8,12],"Description":"The timeout after which the NPC will lose interest in attractive times, when near the target, in seconds"},"DropList":{"Value":"Empty","Description":"The NPC's drop list."},"FlockArray":{"Value":[],"TypeHint":"String","Description":"The set of NPCs belonging to this flock type"},"HorseFollowEnabled":{"Value":false,"Description":"If true, this NPC will follow its flock leader while idle (used by HorseFollow mod)."},"ClimbHeight":{"Value":1,"Description":"The maximum climb height, in blocks."},"AttitudeGroup":{"Value":"Livestock","Description":"The attitude group this NPC belongs to."},"PlayerDefaultAttitude":{"Value":"Neutral","Description":"The default attitude towards the player."},"AlertedTimeoutReaction":{"Value":[2,6],"Description":"The timeout after which an alerted NPC will make a decision on whether to befriend the target, in seconds."},"AlertedTimeoutGiveUp":{"Value":[5,12],"Description":"The timeout after which an alerted NPC will give up on the target, in seconds."},"GrazingBlockSet":{"Value":"Grass","Description":"The type of block that this NPC will graze on top of."},"FoodBlockSet":{"Value":"Hay","Description":"The type of block that this NPC will occasionally seek out to munch on."},"FoodItemSet":{"Value":["Ingredient_Hay"],"Description":"The list of dropped items that this NPC will occasionally seek out to munch on."},"DayTimePeriod":{"Value":[6.01,17.99],"Description":"The hour range considered to be daytime for this NPC (inclusive). Hours should be written with decimal fractions."},"DayTimeNapWeight":{"Value":2,"Description":"The weight used to determine if the NPC should have a short nap during the day. Set to 0 to disable."},"DayTimeNapTimeRange":{"Value":[10,12],"Description":"The duration range of daytime naps, in seconds."},"SleepInstruction":{"Value":"Component_Instruction_Wild_Sleep_State","Description":"Instruction component for Sleep state (wake on time/damage/sound). Stay role overrides to HF_Component_Instruction_Stay_Sleep_State to disable time-based wake."},"StayIdleGoToSleep":{"Value":false,"Description":"HorseFollow stay: when true, in Idle state immediately transition to Sleep (so Laydown runs). Stay role sets true."},"DayFlavorAnimation":{"Value":"","Description":"The flavor animation to play during the day. Ignored if null or empty."},"GreetAnimation":{"Value":"","Description":"The flavor animation to play when greeting another NPC or player. Ignored if null or empty."},"ChanceToTurnFriendly":{"Value":25,"Description":"The chance that the NPC will befriend the target when in the alerted state."},"ChanceToTurnFriendlyWithAttractiveItem":{"Value":50,"Description":"The chance that the NPC will befriend the target, if the latter is holding an attractive item."},"FriendlyOverrideTime":{"Value":300,"Description":"The duration of the friendly attitude override for the target, in seconds."},"FriendlyOverrideTimeWithAttractiveItem":{"Value":900,"Description":"The duration of the friendly attitude override for the target, when the latter is holding an attractive item, in seconds."},"IgnoreOverrideTime":{"Value":1200,"Description":"The duration of the ignore attitude override for the target."},"WeightGreet":{"Value":1,"Description":"The chance that the NPC will greet a friendly target."},"WeightFollowItem":{"Value":1,"Description":"The chance that the NPC will follow a friendly target holding an attractive item."},"WeightFollow":{"Value":1,"Description":"The chance that the NPC will follow friendly NPCs or players at a distance."},"WeightIgnore":{"Value":1,"Description":"The chance that the NPC will ignore friendly NPCs of players."},"IsHarvestable":{"Value":false,"Description":"Whether this NPC can be 'harvested'. This includes shearing, milking, etc."},"HarvestInteractionContext":{"Value":"","Description":"The interaction context of the harvest tool. If empty, no tool is needed to harvest the NPC."},"HarvestRequiredAttitudes":{"Value":["Friendly","Neutral","Hostile","Ignore","Revered"],"Description":"The attitude groups of players that can harvest the NPC."},"HarvestDropList":{"Value":"","Description":"The drop list that's executed when the NPC is harvested."},"HarvestParticles":{"Value":"Alerted","Description":"The particle system that is spawned when the NPC is harvested."},"HarvestSound":{"Value":"SFX_Sheep_Sheared","Description":"The sound that plays when NPC is harvested."},"HarvestTimeout":{"Value":["P1D","P1D"],"Description":"The minimum time between consecutive harvests. Expressed in the ISO-8601 time period notation, where both values of the array must have the same prefix (either 'PT' or 'P')."},"HarvestModelSlot":{"Value":"","Description":"The model attachment slot where the 'harvested' state is displayed."},"HarvestModelAttachmentHarvestable":{"Value":"","Description":"The attachment that should be rendered when the NPC can be harvested."},"HarvestModelAttachmentHarvested":{"Value":"","Description":"The attachment that should be rendered when the NPC was harvested and is in timeout."},"HarvestAddItemBucket":{"Value":"","Description":"Item to add when player holds Container_Bucket (e.g., milk bucket for milking)."},"HarvestAddItemDecoBucket":{"Value":"","Description":"Item to add when player holds Deco_Bucket (e.g., milk bucket for milking)."},"ProduceItem":{"Value":"","Description":"The item this NPC produces (poop, eggs, etc)."},"ProduceTimeout":{"Value":["PT6H","PT36H"],"Description":"The timeout between consecutive produces."},"DayFlavorAnimationLength":{"Value":[3,5],"Description":"How long the daytime flavor animation will be played for, in seconds."},"Timid":{"Value":false,"Description":"Whether this NPC is timid or not. Timid NPCs are harder to approach and befriend."},"AttackWhenStartled":{"Value":false,"Description":"Whether this NPC attacks when startled."},"Attack":{"Value":"","Description":"The attack interaction this NPC will use."},"AttackRange":{"Value":5,"Description":"The range at which the NPC can identify an attacker."},"MaxSpeed":{"Value":4,"Description":"The maximum walking speed of the NPC."},"MaxHealth":{"Value":100,"Description":"The maximum health of the NPC."},"MaxRotationSpeed":{"Value":360,"Description":"The maximum rotation speed, in degrees per second."},"RunThreshold":{"Value":0.5,"Description":"The speed ratio at which the NPC switches to run animation (e.g if MaxSpeed is 10, and RunThreshold is set to 0.55, the NPC will start running at speed 5.5)."},"IsMemory":{"Value":false,"Description":"Whether the NPC is a memory."},"MemoriesCategory":{"Value":"Livestock","Description":"The category of the memory."},"MemoriesNameOverride":{"Value":"","Description":"If set, overrides the memory name."},"IsMountable":{"Value":false,"Description":"Whether this NPC can be mounted."},"MountAnchorX":{"Value":0},"MountAnchorY":{"Value":0},"MountAnchorZ":{"Value":0},"MountMovementConfig":{"Value":"Mount"},"BreathesInWater":{"Value":false,"Description":"Whether this NPC can breathe underwater."},"NameTranslationKey":{"Value":"server.npcRoles.Template.name","Description":"The translation key for the NPC name display"}},"IsMemory":{"Compute":"IsMemory"},"MemoriesCategory":{"Compute":"MemoriesCategory"},"MemoriesNameOverride":{"Compute":"MemoriesNameOverride"},"DropList":{"Compute":"DropList"},"FlockSpawnTypes":{"Compute":"FlockArray"},"FlockSpawnTypesRandom":true,"DisableDamageGroups":["Self"],"Appearance":{"Compute":"Appearance"},"DefaultPlayerAttitude":{"Compute":"PlayerDefaultAttitude"},"DefaultNPCAttitude":"Ignore","AttitudeGroup":{"Compute":"AttitudeGroup"},"ApplySeparation":true,"SeparationDistance":1,"SeparationWeight":1,"SeparationDistanceTarget":0.5,"SeparationNearRadiusTarget":1,"SeparationFarRadiusTarget":7,"BreathesInWater":{"Compute":"BreathesInWater"},"IsMountable":{"Compute":"IsMountable"},"MountAnchorX":{"Compute":"MountAnchorX"},"MountAnchorY":{"Compute":"MountAnchorY"},"MountAnchorZ":{"Compute":"MountAnchorZ"},"MountMovementConfig":{"Compute":"MountMovementConfig"},"KnockbackScale":0.5,"MotionControllerList":[{"Type":"Walk","MaxWalkSpeed":{"Compute":"MaxSpeed"},"Gravity":15,"MaxFallSpeed":15,"JumpHeight":0.1,"MaxRotationSpeed":{"Compute":"MaxRotationSpeed"},"Acceleration":100,"RunThreshold":{"Compute":"RunThreshold"},"DescentAnimationType":"Fall","DescentSteepness":2.5,"DescentBlending":1,"JumpDescentSteepness":8,"MaxClimbHeight":{"Compute":"ClimbHeight"}}],"StateTransitions":[{"States":[{"From":["Idle"],"To":["Sleep"]}],"Actions":{"Reference":"Component_ActionList_Sleep"}},{"States":[{"From":["Sleep"],"To":["Alerted","Flee","Idle"]}],"Actions":{"Reference":"Component_ActionList_Wake"}},{"$Comment":"Always clear animation when moving from Alerted or Flee state.","States":[{"To":[],"From":["Alerted","Flee"]}],"Actions":[{"Type":"PlayAnimation","Slot":"Status"},{"Type":"SetFlag","Name":"AnimationBlock","SetTo":false}]},{"$Comment":"Always clear target and reset instructions when going back to idle.","States":[{"To":["Idle"],"From":[]}],"Actions":[{"Type":"ReleaseTarget"},{"Type":"ResetInstructions"},{"Type":"PlayAnimation","Slot":"Status"}]},{"$Comment":"Clear idle anims","States":[{"To":[],"From":["Idle"]}],"Actions":[{"Type":"PlayAnimation","Slot":"Status"}]}],"MaxHealth":{"Compute":"MaxHealth"},"InteractionVars":{"Melee_Damage":{"Interactions":[{"$Comment":"Config for a successful melee hit, default values for Effects and HitShape are not overwritten here, see each NPC_ file","Parent":"NPC_Attack_Melee_Damage","DamageCalculator":{"Type":"Absolute","BaseDamage":{"Physical":5},"RandomPercentageModifier":0.1}}]}},"Instructions":[{"$Comment":"This is separate so it can run all the time regardless of the rest of the script","Continue":true,"Instructions":[{"$Comment":"Update flock member leash positions to match the leader.","Enabled":{"Compute":"!isEmptyStringArray(FlockArray)"},"Continue":true,"Sensor":{"Type":"And","Sensors":[{"Type":"FlockLeader"},{"Type":"Self","Filters":[{"Type":"Flock","FlockStatus":"Follower"}]}]},"Actions":[{"Type":"Timeout","Delay":[0.5,2],"Action":{"Type":"SetLeashPosition","ToTarget":true}}]},{"$Comment":"HorseFollow: Follow flock leader while idle (Seek). Disabled when mounted so idle anims do not run.","Enabled":{"Compute":"HorseFollowEnabled && !isEmptyStringArray(FlockArray)"},"Continue":true,"Sensor":{"Type":"And","Sensors":[{"Type":"State","State":"Idle"},{"Type":"FlockLeader"},{"Type":"Self","Filters":[{"Type":"Flock","FlockStatus":"Follower"}]}]},"HeadMotion":{"Type":"Watch"},"BodyMotion":{"Type":"Seek","SlowDownDistance":7,"StopDistance":4},"Actions":[{"$Comment":"Clear Status slot so Walk motion controller drives Walk/Run animation instead of Idle.","Type":"PlayAnimation","Slot":"Status"}]},{"$Comment":"Join eligible flocks if not a member of a flock.","Enabled":{"Compute":"!isEmptyStringArray(FlockArray)"},"Sensor":{"Type":"Mob","Range":20,"ExcludeOwnType":false,"LockOnTarget":true,"Filters":[{"Type":"NPCGroup","IncludeGroups":["Self"]},{"Type":"Flock","FlockStatus":"NotMember"}]},"Actions":[{"Type":"JoinFlock"}]}]},{"Continue":true,"$Comment":"This is separate so it can run all the time regardless of the rest of the script, when in water go straight to panic to get out","Instructions":[{"Sensor":{"Type":"And","Sensors":[{"Type":"InWater"},{"Type":"Not","Sensor":{"Type":"State","State":"Panic"}}]},"Actions":[{"Type":"State","State":"Panic"}]}]},{"$Comment":"If there are configured attachments for the 'harvestable' state, apply them","Enabled":{"Compute":"IsHarvestable"},"Continue":true,"Sensor":{"Type":"Alarm","Name":"Harvest_Ready","State":"Passed","Clear":true},"Instructions":[{"Enabled":{"Compute":"!isEmpty(HarvestModelSlot)"},"Actions":[{"Type":"ModelAttachment","Slot":{"Compute":"HarvestModelSlot"},"Attachment":{"Compute":"HarvestModelAttachmentHarvestable"}}]}]},{"$Comment":"Initializes the produce item alarm","Enabled":{"Compute":"!isEmpty(ProduceItem)"},"Sensor":{"Type":"Any","Once":true},"Actions":[{"Type":"SetAlarm","Name":"Produce_Ready","DurationRange":{"Compute":"ProduceTimeout"}}]},{"Instructions":[{"$Comment":"Idle behaviors (wander, eat, grazing, etc.). Note: engine may not provide hasPassengers(); when mounted, FollowService removes FlockMembership so HorseFollow does not match.","Sensor":{"Type":"State","State":"Idle"},"Enabled":{"Compute":"true"},"Instructions":[{"$Comment":"HorseFollow stay: when StayIdleGoToSleep true, transition Idle -> Sleep so StateTransitions run Laydown.","Enabled":{"Compute":"StayIdleGoToSleep"},"Sensor":{"Type":"Any","Once":true},"Actions":[{"Type":"State","State":"Sleep"}]},{"$Comment":"Switch to flee state if any flock member engages a target TODO switch to attack if you are very close and can attack? otherwise flee.","Enabled":{"Compute":"!isEmptyStringArray(FlockArray)"},"Sensor":{"Type":"Beacon","Message":"Flock_Attack","TargetSlot":"LockedTarget","Range":{"Compute":"HearingRange"}},"Actions":[{"Type":"State","State":"Alerted"}]},{"Reference":"Component_Instruction_Damage_Check","Modify":{"_ExportStates":["Flee.Switch","Panic"],"AlertedRange":{"Compute":"AlertedRange"}}},{"$Comment":"Check if there are any potential things that can alert the NPC","Sensor":{"Reference":"Component_Sensor_Standard_Detection","Modify":{"ViewRange":{"Compute":"ViewRange"},"ViewSector":{"Compute":"ViewSector"},"HearingRange":{"Compute":"HearingRange"},"AbsoluteDetectionRange":{"Compute":"AbsoluteDetectionRange"},"Attitudes":["Hostile","Neutral","Friendly"]}},"Actions":[{"Type":"State","State":"Alerted"}]},{"$Comment":"If we're beyond our soft leash radius for a set period of time, return home.","Continue":true,"Sensor":{"Type":"Leash","Range":{"Compute":"LeashDistance"}},"ActionsBlocking":true,"Actions":[{"Type":"Timeout","Delay":[15,20]},{"Type":"State","State":"ReturnHome"}]},{"$Comment":"HorseFollow: eating/grazing only when not following (HorseFollowEnabled = when bound).","Enabled":{"Compute":"!HorseFollowEnabled"},"Sensor":{"Type":"State","State":".FindFood"},"Instructions":[{"Sensor":{"Type":"Or","Sensors":[{"Type":"Block","Range":1.5,"MaxHeight":4,"Blocks":{"Compute":"FoodBlockSet"},"Random":true},{"Enabled":{"Compute":"!isEmptyStringArray(FoodItemSet)"},"Type":"DroppedItem","Range":1,"Items":{"Compute":"FoodItemSet"},"ViewSector":{"Compute":"ViewSector"},"LineOfSight":true}]},"BodyMotion":{"Type":"AimCharge"},"ActionsBlocking":true,"Actions":[{"Type":"PlayAnimation","Slot":"Status","Animation":"Eat"},{"Type":"Timeout","Delay":[4,6]},{"Type":"PickUpItem","Items":["*Hay*"],"Range":1.5,"StorageTarget":"Destroy"}]},{"Sensor":{"Type":"Or","Sensors":[{"Type":"Block","Range":{"Compute":"ViewRange"},"MaxHeight":4,"Blocks":{"Compute":"FoodBlockSet"},"Random":true},{"Enabled":{"Compute":"!isEmptyStringArray(FoodItemSet)"},"Type":"DroppedItem","Range":{"Compute":"ViewRange"},"Items":{"Compute":"FoodItemSet"},"ViewSector":{"Compute":"ViewSector"},"LineOfSight":true}]},"BodyMotion":{"Type":"Seek","RelativeSpeed":0.6,"StopDistance":0.5,"RelaxedMoveConstraints":false},"HeadMotion":{"Type":"Watch"}},{"Sensor":{"Type":"Any"},"ActionsBlocking":true,"Actions":[{"Type":"PlayAnimation","Slot":"Status"},{"Type":"Timeout","Delay":[2,4]},{"Type":"ResetBlockSensors"},{"Type":"State","State":".Default"}]}]},{"$Comment":"Produce an item","Enabled":{"Compute":"!isEmpty(ProduceItem)"},"Continue":true,"Instructions":[{"Sensor":{"Type":"Alarm","Name":"Produce_Ready","State":"Passed","Clear":true},"Actions":[{"Type":"Nothing"}]},{"Sensor":{"Type":"Alarm","Name":"Produce_Ready","State":"Unset"},"Actions":[{"Type":"DropItem","Item":{"Compute":"ProduceItem"},"Distance":[0,0],"Delay":[0,0],"ThrowSpeed":14.32},{"Type":"SetAlarm","Name":"Produce_Ready","DurationRange":{"Compute":"ProduceTimeout"}}]}]},{"$Comment":"Execute daytime idle behaviors.","Type":"Random","ExecuteFor":[20,30],"Sensor":{"Type":"Time","Period":{"Compute":"DayTimePeriod"},"CheckDay":true},"Instructions":[{"$Comment":"Regular wander.","Weight":20,"Instructions":[{"Continue":true,"Actions":[{"Type":"Crouch","Crouch":false}]},{"Reference":"Component_Instruction_Leash_To_Flock_Leader","Modify":{"Enabled":{"Compute":"!isEmptyStringArray(FlockArray)"},"WanderRadius":{"Compute":"WanderRadius"},"StopDistance":3}},{"BodyMotion":{"Type":"Sequence","Looped":true,"Motions":[{"Type":"Timer","Time":[1,5],"Motion":{"Type":"WanderInCircle","Radius":{"Compute":"WanderRadius"},"MaxHeadingChange":60,"RelativeSpeed":0.18}},{"Type":"Timer","Time":[3,8],"Motion":{"Type":"Nothing"}}]}}]},{"$Comment":"TODO: grazing component seems to be borked. HorseFollow: only when not following.","Enabled":{"Compute":"!HorseFollowEnabled"},"Weight":10,"Instructions":[{"Sensor":{"Type":"Self","Filters":[{"Type":"StandingOnBlock","BlockSet":{"Compute":"GrazingBlockSet"}}]},"ActionsBlocking":true,"Actions":[{"Type":"PlayAnimation","Slot":"Status","Animation":"Eat"},{"Type":"Timeout","Delay":[5,6]},{"Type":"PlayAnimation","Slot":"Status"},{"Type":"ResetInstructions"}]},{"$Comment":"They are not standing on grazing block","Actions":[{"Type":"ResetInstructions"},{"Type":"State","State":".Default"}]}]},{"$Comment":"HorseFollow: seek food/eat only when not following.","Enabled":{"Compute":"(!isEmpty(FoodBlockSet) || !isEmptyStringArray(FoodItemSet)) && !HorseFollowEnabled"},"Weight":10,"Instructions":[{"Sensor":{"Type":"Or","Sensors":[{"Enabled":{"Compute":"!isEmptyStringArray(FoodItemSet)"},"Type":"DroppedItem","Range":{"Compute":"ViewRange"},"Items":{"Compute":"FoodItemSet"},"ViewSector":{"Compute":"ViewSector"},"LineOfSight":true},{"Enabled":{"Compute":"!isEmpty(FoodBlockSet)"},"Type":"Block","Range":{"Compute":"ViewRange"},"MaxHeight":4,"Blocks":{"Compute":"FoodBlockSet"},"Random":true}]},"Actions":[{"Type":"State","State":".FindFood"}]}]},{"$Comment":"Play a daytime flavor animation.","Enabled":{"Compute":"!isEmpty(DayFlavorAnimation)"},"Weight":3,"Instructions":[{"ActionsBlocking":true,"Actions":[{"Type":"PlayAnimation","Slot":"Status","Animation":{"Compute":"DayFlavorAnimation"}},{"Type":"Timeout","Delay":{"Compute":"DayFlavorAnimationLength"}},{"Type":"PlayAnimation","Slot":"Status"},{"Type":"ResetInstructions"}]}]},{"$Comment":"Nap. HorseFollow: only when not following.","Enabled":{"Compute":"DayTimeNapWeight > 0 && !HorseFollowEnabled"},"Weight":{"Compute":"DayTimeNapWeight"},"Instructions":[{"Actions":[{"Type":"State","State":"Sleep.Nap"}]}]}]},{"$Comment":"Sleep time. HorseFollow: only when not following.","Enabled":{"Compute":"!HorseFollowEnabled"},"Actions":[{"Type":"Timeout","Delay":[2,4],"Action":{"Type":"Sequence","Actions":[{"Type":"State","State":"Sleep"}]}}]}]},{"Sensor":{"Type":"State","State":"Sleep"},"Instructions":[{"$Comment":"Wake up if an enemy attacks a flock member.","Enabled":{"Compute":"!isEmptyStringArray(FlockArray)"},"Sensor":{"Type":"Beacon","Message":"Flock_Attack","TargetSlot":"LockedTarget"},"Actions":[{"Type":"State","State":"Alerted"}]},{"$Comment":"Just a little nap. HorseFollow: only when not following.","Enabled":{"Compute":"DayTimeNapWeight > 0 && !HorseFollowEnabled"},"Sensor":{"Type":"State","State":".Nap"},"Instructions":[{"$Comment":"Start the nap timer","Continue":true,"Sensor":{"Type":"Any","Once":true},"Actions":[{"Type":"TimerStart","Name":"NapTimer","StartValueRange":{"Compute":"DayTimeNapTimeRange"},"RestartValueRange":{"Compute":"DayTimeNapTimeRange"}},{"Type":"TimerRestart","Name":"NapTimer"}]},{"Reference":"Component_Instruction_Wild_Sleep_State","Modify":{"_ExportStates":["Panic","Panic","Flee.Switch","Idle"],"HearingRange":{"Compute":"HearingRange"},"Attitudes":["Hostile","Neutral"],"WakeupSensor":"Component_Sensor_Timed_Nap"}}]},{"$Comment":"Night-time sleep. Uses static reference (vanilla pattern). Stay role would need separate approach for HF_Component_Instruction_Stay_Sleep_State.","Instructions":[{"Reference":"Component_Instruction_Wild_Sleep_State","Modify":{"_ExportStates":["Panic","Panic","Flee.Switch","Idle"],"HearingRange":{"Compute":"HearingRange"},"Attitudes":["Hostile","Neutral"],"DayTimePeriod":{"Compute":"DayTimePeriod"}}}]}]},{"$Comment":"Used when receiving something like a flock beacon that may potentially result in the NPC becoming alerted but could also be discarded with a random chance.","Sensor":{"Type":"State","State":"Alerted"},"Instructions":[{"$Comment":"Play the alerted animation when entering the state","Continue":true,"Sensor":{"Type":"Any","Once":true},"Actions":[{"Type":"PlayAnimation","Slot":"Status","Animation":"Alerted"}]},{"$Comment":"Starting a timer to get out of alerted state if nothing else got us out of there. TODO: expose the timer duration","Continue":true,"ActionsBlocking":true,"Actions":[{"Type":"Timeout","Delay":{"Compute":"AlertedTimeoutGiveUp"}},{"Type":"State","State":".TimerEnd"}]},{"$Comment":"Check for damage","Reference":"Component_Instruction_Damage_Check","Modify":{"_ExportStates":["Flee.Switch","Panic"],"AlertedRange":{"Compute":"AlertedRange"}}},{"$Comment":"Watching a target always, if we have any","Continue":true,"Sensor":{"Type":"Target","Range":{"Compute":"AlertedRange"}},"HeadMotion":{"Type":"Watch"}},{"$Comment":"If the target gets too close, flee for a bit","Continue":true,"Sensor":{"Type":"Target","Range":{"Compute":"AlertedActionRange * randomInRange(0.3, 0.7)"}},"BodyMotion":{"Type":"Flee","RelativeSpeed":0.5,"StopDistance":{"Compute":"AlertedActionRange"},"SlowDownDistance":{"Compute":"AlertedActionRange * 0.25"},"RelaxedMoveConstraints":false}},{"Continue":true,"Sensor":{"$Comment":"If target is reasonably close, the NPC will react instead of just staring","Type":"Target","Range":{"Compute":"AlertedActionRange"},"Filters":[{"Type":"LineOfSight"}]},"Instructions":[{"Enabled":{"Compute":"!isEmptyStringArray(LovedItems)"},"$Comment":"If the target is holding an item deemed very attractive, always follow it","Sensor":{"Type":"Target","Filters":[{"Type":"ItemInHand","Items":{"Compute":"LovedItems"}},{"Type":"Not","Filter":{"Type":"Attitude","Attitudes":["Hostile","Ignore"]}}]},"Actions":[{"$Comment":"TODO: check what particle systems are offsetting off of and potentially expose it to compute","Type":"SpawnParticles","Offset":[0,1,0],"ParticleSystem":"Hearts"},{"Type":"OverrideAttitude","Attitude":"Friendly","Duration":{"Compute":"FriendlyOverrideTimeWithAttractiveItem"}},{"Type":"State","State":"Curious.Item"}]},{"$Comment":"Threatening actions that will cause the NPC to flee","Sensor":{"Type":"Or","Sensors":[{"Type":"Target","Filters":[{"Type":"Or","Filters":[{"Type":"Attitude","Attitudes":["Hostile"]},{"Type":"Combat"},{"Type":"ItemInHand","Items":["*Weapon*"]}]}]},{"Type":"Target","Filters":[{"Type":"Not","Filter":{"Type":"Attitude","Attitudes":["Friendly"]}},{"Type":"MovementState","State":"Sprinting"}]},{"Enabled":{"Compute":"Timid"},"Type":"Target","Filters":[{"Type":"MovementState","State":"Sprinting"}]},{"Type":"Target","Range":{"Compute":"min(AbsoluteDetectionRange, AlertedActionRange * 0.75)"},"Filters":[{"Type":"Not","Filter":{"Type":"Attitude","Attitudes":["Friendly","Ignore"]}}]}]},"Actions":[{"Type":"State","State":"Flee.Switch"}]},{"Continue":true,"$Comment":"Starting a second timer to try and turn friendly. TODO: compute it as % of alerted timer","Sensor":{"Type":"Target","Filters":[{"Type":"Attitude","Attitudes":["Neutral"]}]},"ActionsBlocking":true,"Actions":[{"Type":"Timeout","Delay":{"Compute":"AlertedTimeoutReaction"}},{"Type":"State","State":".Switch"}]},{"$Comment":"Execute random behaviors towards friendly and revered.","Type":"Random","ExecuteFor":[15,20],"Sensor":{"Type":"Target","Filters":[{"Type":"Attitude","Attitudes":["Friendly","Revered"]}]},"Instructions":[{"Enabled":{"Compute":"!isEmptyStringArray(AttractiveItems)"},"Weight":{"Compute":"WeightFollowItem"},"$Comment":"TODO: change this to a weight-based decision to avoid the whole flock chasing the item","Sensor":{"Type":"Target","Filters":[{"Type":"ItemInHand","Items":{"Compute":"AttractiveItems"}}]},"Actions":[{"Type":"State","State":"Curious.Item"}]},{"Enabled":{"Compute":"WeightGreet > 0"},"Weight":{"Compute":"WeightGreet"},"Actions":[{"Type":"State","State":"Curious.Greet"}]},{"$Comment":"NPC will approach player and stop at a distance, following them like this for a while","Enabled":{"Compute":"WeightFollow > 0"},"Weight":{"Compute":"WeightFollow"},"Actions":[{"Type":"State","State":"Curious.Follow"}]},{"$Comment":"We override the attitude here and go to idle - this way the alerted state won't be triggered right away","Enabled":{"Compute":"WeightIgnore > 0"},"Weight":{"Compute":"WeightIgnore"},"Sensor":{"Type":"Target"},"ActionsBlocking":true,"Actions":[{"Type":"OverrideAttitude","Attitude":"Ignore","Duration":{"Compute":"IgnoreOverrideTime"}},{"Type":"State","State":"Idle"}]},{"$Comment":"Fallback if weights are misconfigured","Weight":1,"Sensor":{"Type":"Target"},"ActionsBlocking":true,"Actions":[{"Type":"OverrideAttitude","Attitude":"Ignore","Duration":{"Compute":"IgnoreOverrideTime"}},{"Type":"State","State":"Idle"}]}]}]},{"Sensor":{"Type":"State","State":".TimerEnd"},"Instructions":[{"Enabled":{"Compute":"!Timid"},"Sensor":{"$Comment":"Timer ended, we still have a target and it's a friendly one and we are not timid","Type":"Target","Range":{"Compute":"AlertedRange"},"Filters":[{"Type":"Attitude","Attitudes":["Friendly"]}]},"Actions":[{"Type":"OverrideAttitude","Attitude":"Ignore","Duration":{"Compute":"IgnoreOverrideTime"}},{"Type":"State","State":"Idle"}]},{"Enabled":{"Compute":"Timid"},"Sensor":{"$Comment":"Timer ended, I am timid and the target is staring me down, stranger danger, flee","Type":"Target","Range":{"Compute":"AlertedRange"},"Filters":[{"Type":"SpotsMe"},{"Type":"Not","Filter":{"Type":"Attitude","Attitudes":["Friendly"]}}]},"Actions":[{"Type":"State","State":"Flee"}]},{"Sensor":{"$Comment":"Timer ended, target seems uninterested and is assumed to be harmless, ignore for a while","Type":"Target","Range":{"Compute":"AlertedRange"}},"Actions":[{"Type":"OverrideAttitude","Attitude":"Ignore","Duration":{"Compute":"IgnoreOverrideTime"}},{"Type":"State","State":"Idle"}]},{"$Comment":"There is no target, so just go idle","Actions":[{"Type":"State","State":"Idle"}]}]},{"$Comment":"Timer elapsed and we randomly decide if friendly or not. This has to continue so we can hit the friendly instructions below","Sensor":{"Type":"State","State":".Switch"},"Instructions":[{"$Comment":"If the NPC is configured with a different chance to befriend when the target is holding a special item, use that chance","Enabled":{"Compute":"ChanceToTurnFriendlyWithAttractiveItem > 0"},"Sensor":{"Type":"Target","Filters":[{"Type":"Attitude","Attitudes":["Neutral"]},{"Type":"ItemInHand","Items":{"Compute":"AttractiveItems"}}]},"Type":"Random","ExecuteFor":[15,20],"Instructions":[{"Weight":{"Compute":"ChanceToTurnFriendlyWithAttractiveItem"},"Sensor":{"Type":"Target"},"Actions":[{"$Comment":"TODO: check what particle systems are offsetting off of and potentially expose it to compute","Type":"SpawnParticles","Offset":[0,1,0],"ParticleSystem":"Hearts"},{"Type":"OverrideAttitude","Attitude":"Friendly","Duration":{"Compute":"FriendlyOverrideTimeWithAttractiveItem"}},{"$Comment":"Prevents the next instruction from running as soon as the player is no longer neutral","Type":"State","State":".Default"}]},{"Enabled":{"Compute":"ChanceToTurnFriendlyWithAttractiveItem < 100"},"Weight":{"Compute":"100 - ChanceToTurnFriendlyWithAttractiveItem"},"Actions":[{"Type":"State","State":"Flee"}]}]},{"$Comment":"NPC becoming friendly with a player","Enabled":{"Compute":"ChanceToTurnFriendly > 0"},"Sensor":{"Type":"Target","Filters":[{"Type":"Attitude","Attitudes":["Neutral"]}]},"Type":"Random","ExecuteFor":[15,20],"Instructions":[{"Weight":{"Compute":"ChanceToTurnFriendly"},"Sensor":{"Type":"Target"},"Actions":[{"$Comment":"TODO: check what it is offseting off and potentially expose it to compute","Type":"SpawnParticles","Offset":[0,1,0],"ParticleSystem":"Hearts"},{"Type":"OverrideAttitude","Attitude":"Friendly","Duration":{"Compute":"FriendlyOverrideTime"}},{"$Comment":"Prevents the next instruction from running as soon as the player is no longer neutral","Type":"State","State":".Default"}]},{"Enabled":{"Compute":"ChanceToTurnFriendly < 100"},"Weight":{"Compute":"100 - ChanceToTurnFriendly"},"Actions":[{"Type":"State","State":"Flee"}]}]}]}]},{"Sensor":{"Type":"State","State":"Curious"},"Instructions":[{"$Comment":"Animations","Continue":true,"Sensor":{"Type":"Any","Once":true},"Actions":[{"Type":"PlayAnimation","Slot":"Status","Animation":"Curious"}]},{"$Comment":"If getting to the target takes too long, ignore and go to idle. This is also how long it will follow if this is triggered,TODO: mb could be a bit longer for the follow? ","Sensor":{"Type":"And","Sensors":[{"Type":"Target"},{"$Comment":"The item follow substates has its own timeouts","Type":"Not","Sensor":{"Type":"State","State":"Curious.Item"}}]},"Continue":true,"ActionsBlocking":true,"Actions":[{"Type":"Timeout","Delay":[7,7]},{"Type":"OverrideAttitude","Attitude":"Ignore","Duration":{"Compute":"IgnoreOverrideTime"}},{"Type":"State","State":"Idle"}]},{"$Comment":"Check if there are any potential threats nearby and flee. TODO: add more tirggers to flee","Sensor":{"Reference":"Component_Sensor_Standard_Detection","Modify":{"ViewRange":{"Compute":"ViewRange"},"ViewSector":{"Compute":"ViewSector"},"HearingRange":{"Compute":"HearingRange"},"AbsoluteDetectionRange":{"Compute":"AbsoluteDetectionRange"},"Attitudes":["Hostile"]}},"Actions":[{"Type":"State","State":"Flee.Switch"}]},{"Reference":"Component_Instruction_Damage_Check","Modify":{"_ExportStates":["Flee.Switch","Panic"],"AlertedRange":{"Compute":"AlertedRange"}}},{"$Comment":"TODO: mb potentially move secnsor component for curious, or for alerted - with parameters to be mor forgiving","Sensor":{"Type":"Or","Sensors":[{"Type":"Target","Filters":[{"Type":"Or","Filters":[{"Type":"Attitude","Attitudes":["Hostile"]},{"Type":"Combat"},{"Type":"ItemInHand","Items":["*Weapon*"]}]}]},{"Type":"Target","Filters":[{"Type":"Not","Filter":{"Type":"Attitude","Attitudes":["Friendly"]}},{"Type":"MovementState","State":"Sprinting"}]},{"Enabled":{"Compute":"Timid"},"Type":"Target","Filters":[{"Type":"MovementState","State":"Sprinting"}]},{"Type":"Target","Range":{"Compute":"AbsoluteDetectionRange"},"Filters":[{"Type":"Not","Filter":{"Type":"Attitude","Attitudes":["Friendly","Ignore"]}}]}]},"Actions":[{"Type":"State","State":"Flee.Switch"}]},{"$Comment":"We lost target","Sensor":{"Type":"Not","Sensor":{"Type":"Target","Range":{"Compute":"AlertedRange"},"Filters":[{"Type":"LineOfSight"}]}},"ActionsBlocking":true,"Actions":[{"Type":"Timeout","Delay":[0.2,0.2]},{"Type":"State","State":"Idle"}]},{"$Comment":"Moving to an attractive item","Sensor":{"Type":"State","State":".Item"},"Instructions":[{"$Comment":"Start a timer after which the NPC will lose interest in the item holder, regardless of range","Continue":true,"Sensor":{"Type":"Target"},"HeadMotion":{"Type":"Watch"},"ActionsBlocking":true,"Actions":[{"Type":"Timeout","Delay":{"Compute":"AttractiveItemsTimeout"}},{"Type":"PlayAnimation","Slot":"Status"},{"Type":"Timeout","Delay":[2,4]},{"Type":"OverrideAttitude","Attitude":"Ignore","Duration":20},{"Type":"State","State":"Idle"}]},{"$Comment":"Target too far or without attractive item","Sensor":{"Type":"And","Sensors":[{"Type":"Not","Sensor":{"Type":"Target","Range":{"Compute":"AlertedRange"},"Filters":[{"Type":"LineOfSight"},{"Type":"ItemInHand","Items":{"Compute":"AttractiveItems"}}]}},{"$Comment":"Need to do this to avoid two concurrent ItemInHand filters","Enabled":{"Compute":"!isEmptyStringArray(LovedItems)"},"Type":"Not","Sensor":{"Type":"Target","Range":{"Compute":"AlertedRange"},"Filters":[{"Type":"LineOfSight"},{"Type":"ItemInHand","Items":{"Compute":"LovedItems"}}]}}]},"ActionsBlocking":true,"Actions":[{"Type":"PlayAnimation","Slot":"Status","Animation":"Alerted"},{"Type":"Timeout","Delay":[2,3]},{"Type":"State","State":"Idle"}]},{"Sensor":{"Type":"Target","Range":2.5},"ActionsBlocking":true,"Actions":[{"Type":"Timeout","Delay":{"Compute":"AttractiveItemsSmellTimeout"}},{"Type":"PlayAnimation","Slot":"Status"},{"Type":"OverrideAttitude","Attitude":"Ignore","Duration":20},{"Type":"State","State":"Idle"}]},{"Sensor":{"Type":"Target","Range":{"Compute":"AlertedRange"}},"BodyMotion":{"Type":"Seek","SlowDownDistance":3.5,"StopDistance":2,"RelativeSpeed":0.4,"RelaxedMoveConstraints":false}}]},{"$Comment":"Moving to Greet","Sensor":{"Type":"State","State":".Greet"},"Instructions":[{"Sensor":{"Type":"Target","Range":3},"HeadMotion":{"Type":"Watch","RelativeTurnSpeed":0.5},"ActionsBlocking":true,"Actions":[{"Type":"PlayAnimation","Slot":"Status","Animation":"GreetAnimation"},{"Type":"Timeout","Delay":[2,4]},{"Type":"PlayAnimation","Slot":"Status"},{"Type":"OverrideAttitude","Attitude":"Ignore","Duration":{"Compute":"IgnoreOverrideTime"}},{"Type":"State","State":"Idle"}]},{"Sensor":{"Type":"Target","Range":{"Compute":"AlertedActionRange"}},"BodyMotion":{"Type":"Seek","SlowDownDistance":5,"StopDistance":3,"RelativeSpeed":0.4,"RelaxedMoveConstraints":false}}]},{"$Comment":"Moving to follow, stop at half alerted action range and watch a bit. TODO: flee if player sprints towards npc","Sensor":{"Type":"State","State":".Follow"},"Instructions":[{"Continue":true,"Sensor":{"Type":"Target","Range":{"Compute":"AlertedActionRange"}},"BodyMotion":{"Type":"Seek","SlowDownDistance":{"Compute":"AlertedActionRange"},"StopDistance":3,"RelativeSpeed":0.4,"RelaxedMoveConstraints":false}},{"Sensor":{"Type":"Target","Range":4},"ActionsBlocking":true,"Actions":[{"Type":"Timeout","Delay":[0.5,0.5]}],"HeadMotion":{"Type":"Watch"}}]}]},{"Sensor":{"Type":"State","State":"ReturnHome"},"Instructions":[{"$Comment":"Switch to flee state if any flock member engages a target TODO switch to attack if you are very close and can attack? otherwise flee.","Enabled":{"Compute":"!isEmptyStringArray(FlockArray)"},"Sensor":{"Type":"Beacon","Message":"Flock_Attack","TargetSlot":"LockedTarget","Range":{"Compute":"HearingRange"}},"Actions":[{"Type":"State","State":"Alerted"}]},{"Reference":"Component_Instruction_Damage_Check","Modify":{"_ExportStates":["Flee.Switch","Panic"],"AlertedRange":{"Compute":"AlertedRange"}}},{"$Comment":"Check if there are any potential things that can alert the NPC","Sensor":{"Reference":"Component_Sensor_Standard_Detection","Modify":{"ViewRange":{"Compute":"ViewRange"},"ViewSector":{"Compute":"ViewSector"},"HearingRange":{"Compute":"HearingRange"},"AbsoluteDetectionRange":{"Compute":"AbsoluteDetectionRange"},"Attitudes":["Hostile","Neutral","Friendly"]}},"Actions":[{"Type":"State","State":"Alerted"}]},{"Sensor":{"$Comment":"TODO: make them walk home, expose walking speed?","Type":"Leash","Range":{"Compute":"LeashDistance * 0.3"}},"BodyMotion":{"Type":"Seek","SlowDownDistance":1,"StopDistance":0.5,"RelativeSpeed":0.4,"UsePathfinder":true}},{"Actions":[{"Type":"SetStat","Stat":"Health","Value":1000000},{"Type":"State","State":"Idle"}]}]},{"Sensor":{"Type":"State","State":"Flee"},"Instructions":[{"$Comment":"TODO: Add a state message","Enabled":{"Compute":"!isEmptyStringArray(FlockArray)"},"Continue":true,"Sensor":{"Type":"Any","Once":true},"Actions":[{"Type":"FlockBeacon","Message":"Flock_Attack","SendTargetSlot":"LockedTarget"}]},{"Reference":"Component_Instruction_Damage_Check","Modify":{"_ExportStates":["Flee.Switch","Panic"],"AlertedRange":{"Compute":"AlertedRange"}}},{"Sensor":{"Type":"State","State":".Switch"},"Instructions":[{"Sensor":{"Type":"Target","TargetSlot":"LockedTarget","Range":{"Compute":"AttackRange"}},"Instructions":[{"Continue":true,"Sensor":{"Type":"Target","Once":true},"Actions":[{"$TODO":"Maybe friendly lifestock doesnt override it for player when hit","Type":"OverrideAttitude","Attitude":"Hostile","Duration":23}]},{"Enabled":{"Compute":"AttackWhenStartled"},"Sensor":{"Type":"Target","Filters":[{"Type":"Not","Filter":{"Type":"ViewSector","ViewSector":270}}]},"ActionsBlocking":true,"Actions":[{"Type":"PlayAnimation","Slot":"Status","Animation":"Alerted"},{"Type":"Timeout","Delay":[0.2,0.2]},{"Type":"PlayAnimation","Slot":"Status"},{"Type":"State","State":".Attack"}]},{"Actions":[{"Type":"State","State":".Default"}]}]},{"Sensor":{"Type":"Target","TargetSlot":"LockedTarget","Range":{"Compute":"AlertedRange"}},"Actions":[{"Type":"State","State":".Default"}]},{"Actions":[{"Type":"State","State":"Panic"}]}]},{"Sensor":{"Type":"State","State":".Attack"},"ActionsBlocking":true,"Actions":[{"Type":"Attack","Attack":{"Compute":"Attack"},"AttackPauseRange":[1,2]},{"Type":"Timeout","Delay":[0.3,0.3],"Action":{"Type":"State","State":".Default"}}]},{"Sensor":{"Type":"Target","Range":{"Compute":"AlertedRange + 3"}},"BodyMotion":{"Type":"Flee","SlowDownDistance":{"Compute":"AlertedRange - 3"},"StopDistance":{"Compute":"AlertedRange + 3"},"RelativeSpeed":0.68},"Actions":[{"Type":"Timeout","Delay":[8,8],"Action":{"Type":"State","State":".Switch"}}]},{"Actions":[{"Type":"Timeout","Delay":[3,6],"Action":{"Type":"State","State":"Idle"}}]}]},{"Sensor":{"Type":"State","State":"Panic"},"Instructions":[{"Continue":true,"Sensor":{"Type":"Any","Once":true},"Actions":[{"Type":"PlayAnimation","Slot":"Status","Animation":"Alerted"}]},{"Continue":true,"Actions":[{"Type":"Timeout","Delay":[6,12],"Action":{"Type":"State","State":"Idle"}}]},{"Sensor":{"Type":"Damage","Combat":true},"BodyMotion":{"Type":"Flee","SlowDownDistance":9,"StopDistance":14,"RelativeSpeed":1,"RelaxedMoveConstraints":false}},{"BodyMotion":{"Type":"WanderInCircle","Radius":10,"MaxHeadingChange":90,"RelativeSpeed":1,"RelaxedMoveConstraints":true}}]},{"Sensor":{"Type":"State","State":"$Harvest"},"Instructions":[{"$Comment":"Base harvest logic: particles, sound, alarm (always runs)","Continue":true,"Sensor":{"Type":"Any","Once":true},"Actions":[{"Type":"PlayAnimation","Slot":"Status","Animation":"Alerted"},{"Type":"SpawnParticles","Offset":[0,1,0],"ParticleSystem":{"Compute":"HarvestParticles"}},{"Type":"PlaySound","SoundEventId":{"Compute":"HarvestSound"}},{"Type":"SetAlarm","Name":"Harvest_Ready","DurationRange":{"Compute":"HarvestTimeout"}}]},{"$Comment":"Drop item only if HarvestDropList is set","Enabled":{"Compute":"!isEmpty(HarvestDropList)"},"Continue":true,"Sensor":{"Type":"Any","Once":true},"Actions":[{"Type":"DropItem","DropList":{"Compute":"HarvestDropList"},"Distance":[0.2,0.5],"Delay":[0,0],"DropSector":[-360,360],"PitchHigh":false,"ThrowSpeed":14}]},{"$Comment":"Replace Container_Bucket with milk when held","Enabled":{"Compute":"!isEmpty(HarvestAddItemBucket)"},"Continue":true,"Sensor":{"Type":"And","Sensors":[{"Type":"Any","Once":true},{"Type":"Target","Filters":[{"Type":"ItemInHand","Items":["Container_Bucket"]}]}]},"Actions":[{"Type":"Inventory","UseTarget":true,"Operation":"RemoveHeldItem"},{"Type":"Inventory","UseTarget":true,"Operation":"Add","Item":{"Compute":"HarvestAddItemBucket"},"Count":1}]},{"$Comment":"Replace Deco_Bucket with milk when held","Enabled":{"Compute":"!isEmpty(HarvestAddItemDecoBucket)"},"Continue":true,"Sensor":{"Type":"And","Sensors":[{"Type":"Any","Once":true},{"Type":"Target","Filters":[{"Type":"ItemInHand","Items":["Deco_Bucket"]}]}]},"Actions":[{"Type":"Inventory","UseTarget":true,"Operation":"RemoveHeldItem"},{"Type":"Inventory","UseTarget":true,"Operation":"Add","Item":{"Compute":"HarvestAddItemDecoBucket"},"Count":1}]},{"$Comment":"If there are configured attachments for the 'harvested' state, apply them","Enabled":{"Compute":"IsHarvestable && !isEmpty(HarvestModelSlot)"},"Continue":true,"Actions":[{"Type":"ModelAttachment","Slot":{"Compute":"HarvestModelSlot"},"Attachment":{"Compute":"HarvestModelAttachmentHarvested"}}]},{"ActionsBlocking":true,"Actions":[{"Type":"Timeout","Delay":[2,3]},{"Type":"State","State":"Flee"}]}]}]}],"InteractionInstruction":{"Enabled":{"Compute":"IsHarvestable || IsMountable"},"Instructions":[{"Enabled":{"Compute":"IsHarvestable"},"Instructions":[{"Sensor":{"$Comment":"Check the negative first so we can exit early and avoid the rest of the logic","Type":"Not","Sensor":{"Type":"And","Sensors":[{"Type":"Alarm","Name":"Harvest_Ready","State":"Unset"},{"Type":"CanInteract","Attitudes":{"Compute":"HarvestRequiredAttitudes"}}]}},"Actions":[{"Type":"SetInteractable","Interactable":false}]},{"$Comment":"Allow contextual interactions (shearing) but hide F key prompt","Continue":true,"Sensor":{"Type":"Any"},"Actions":[{"Type":"SetInteractable","Interactable":true,"ShowPrompt":false}]},{"$Comment":"Harvest action triggered by left-click with appropriate tool","Sensor":{"Type":"And","Sensors":[{"Enabled":{"Compute":"!isEmpty(HarvestInteractionContext)"},"Type":"InteractionContext","Context":{"Compute":"HarvestInteractionContext"}},{"Type":"Alarm","Name":"Harvest_Ready","State":"Unset"}]},"Actions":[{"Type":"State","State":"$Harvest"}]}]},{"Enabled":{"Compute":"IsMountable"},"Instructions":[{"Sensor":{"Type":"Not","Sensor":{"$Comment":"Check the negative first so we can exit early and avoid the rest of the logic","Type":"CanInteract","ViewSector":360,"Attitudes":["Friendly","Revered"]}},"Actions":[{"Type":"SetInteractable","Interactable":false}]},{"Continue":true,"Sensor":{"Type":"Any"},"Actions":[{"Type":"SetInteractable","Interactable":true,"Hint":"server.interactionHints.mount"}]},{"Sensor":{"Type":"HasInteracted"},"Actions":[{"Type":"Mount","AnchorX":{"Compute":"MountAnchorX"},"AnchorY":{"Compute":"MountAnchorY"},"AnchorZ":{"Compute":"MountAnchorZ"},"MovementConfig":{"Compute":"MountMovementConfig"}}]}]}]},"NameTranslationKey":{"Compute":"NameTranslationKey"}}...)
[2026/02/05 18:58:38   WARN]                          [NPC|P] Replacing asset 'Ram' of file '/Server/NPC/Roles/Creature/Livestock/Ram.json' with other file '/Server/NPC/Roles/Creature/Livestock/Ram.json'
[2026/02/05 18:58:39   WARN]                          [NPC|P] Replacing asset 'Horse_Skeleton_Armored' of file '/Server/NPC/Roles/Undead/Horse_Skeleton_Armored.json' with other file '/Server/NPC/Roles/Creature/Livestock/Horse_Skeleton_Armored.json'
[2026/02/05 18:58:39   WARN]                          [NPC|P] Replacing asset 'Horse_Skeleton' of file '/Server/NPC/Roles/Undead/Horse_Skeleton.json' with other file '/Server/NPC/Roles/Creature/Livestock/Horse_Skeleton.json'
[2026/02/05 18:58:39   INFO]                 [WorldGenerator] Set prefab-store to: ASSETS
[2026/02/05 18:58:39   WARN]                          [NPC|P] Replacing asset 'Horse' of file '/Server/NPC/Roles/Creature/Livestock/Horse.json' with other file '/Server/NPC/Roles/Creature/Livestock/Horse.json'
[2026/02/05 18:58:39   INFO]                          [NPC|P] Validating loaded NPC configurations...
[2026/02/05 18:58:39   WARN]                          [NPC|P] Animation Eat does not exist for model Trillodon!
[2026/02/05 18:58:39   WARN]                          [NPC|P] Animation Curious does not exist for model Trillodon!
[2026/02/05 18:58:39   WARN]                          [NPC|P] Animation GreetAnimation does not exist for model Trillodon!
[2026/02/05 18:58:39   WARN]                          [NPC|P] Animation Eat does not exist for model Spark_Living!
[2026/02/05 18:58:39   WARN]                          [NPC|P] Animation Curious does not exist for model Spark_Living!
[2026/02/05 18:58:39   WARN]                          [NPC|P] Animation GreetAnimation does not exist for model Spark_Living!
[2026/02/05 18:58:39   WARN]                          [NPC|P] Animation GreetAnimation does not exist for model Tortoise!
[2026/02/05 18:58:39   WARN]                          [NPC|P] Animation Eat does not exist for model Lizard_Sand!
[2026/02/05 18:58:39   WARN]                          [NPC|P] Animation Curious does not exist for model Lizard_Sand!
[2026/02/05 18:58:39   WARN]                          [NPC|P] Animation GreetAnimation does not exist for model Lizard_Sand!
[2026/02/05 18:58:39   WARN]                          [NPC|P] Animation Wave does not exist for model Temple_Mithril_Guard!
[2026/02/05 18:58:39   WARN]                          [NPC|P] Animation Rally does not exist for model Outlander_Sorcerer!
[2026/02/05 18:58:39   WARN]                          [NPC|P] Animation Alerted does not exist for model Scarak_Broodmother!
[2026/02/05 18:58:39   WARN]                          [NPC|P] Animation Leap does not exist for model Goblin_Duke_Large!
[2026/02/05 18:58:39   WARN]                          [NPC|P] Animation Sleep does not exist for model Slug_Magma!
[2026/02/05 18:58:39   WARN]                          [NPC|P] Animation Alerted does not exist for model Slug_Magma!
[2026/02/05 18:58:39   WARN]                          [NPC|P] Animation Laydown does not exist for model Slug_Magma!
[2026/02/05 18:58:39   WARN]                          [NPC|P] Animation Wake does not exist for model Slug_Magma!
[2026/02/05 18:58:39   WARN]                          [NPC|P] Animation Eat does not exist for model Hatworm!
[2026/02/05 18:58:39   WARN] [NPC|P] Animation Curious does not exist for model Hatworm!
[2026/02/05 18:58:39   WARN] [NPC|P] Animation GreetAnimation does not exist for model Hatworm!
[2026/02/05 18:58:39   WARN] [NPC|P] Animation Leap does not exist for model Goblin_Duke!
[2026/02/05 18:58:39   WARN] [NPC|P] Animation Alerted does not exist for model Kweebec_Rootling!
[2026/02/05 18:58:39   WARN] [NPC|P] Animation Sleep does not exist for model Tuluk_Fisherman!
[2026/02/05 18:58:39   WARN] [NPC|P] Animation Alerted does not exist for model Tuluk_Fisherman!
[2026/02/05 18:58:39   WARN] [NPC|P] Animation Laydown does not exist for model Tuluk_Fisherman!
[2026/02/05 18:58:39   WARN] [NPC|P] Animation Wake does not exist for model Tuluk_Fisherman!
[2026/02/05 18:58:39   WARN] [NPC|P] Animation Alerted does not exist for model Scarak_Broodmother!
[2026/02/05 18:58:39   WARN] [NPC|P] Animation Wave does not exist for model Frog_Blue!
[2026/02/05 18:58:39   WARN] [NPC|P] Animation Wave does not exist for model Frog_Orange!
[2026/02/05 18:58:39   WARN] [NPC|P] Animation Alerted does not exist for model Scarak_Broodmother!
[2026/02/05 18:58:39   WARN] [NPC|P] Animation Leap does not exist for model Goblin_Duke!
[2026/02/05 18:58:39   WARN] [NPC|P] Animation Sleep does not exist for model Wraith_Lantern!
[2026/02/05 18:58:39   WARN] [NPC|P] Animation Alerted does not exist for model Wraith_Lantern!
[2026/02/05 18:58:39   WARN] [NPC|P] Animation Laydown does not exist for model Wraith_Lantern!
[2026/02/05 18:58:39   WARN] [NPC|P] Animation Wake does not exist for model Wraith_Lantern!
[2026/02/05 18:58:39   WARN] [NPC|P] Animation Rally does not exist for model Outlander_Priest!
[2026/02/05 18:58:39   INFO] [NPC|P] Validation complete.
[2026/02/05 18:58:39   INFO] [Spawning|P] Successfully rebuilt 1 world spawn configurations
[2026/02/05 18:58:39   INFO] [Spawning|P] Successfully rebuilt 1 beacon spawn configurations
[2026/02/05 18:58:39   INFO]      [NPC|P] Loaded 904 NPC configurations, Abstract: 1, Variant: 10
-=|Starting|100.0
[2026/02/05 18:58:39   INFO] [PluginManager] Enabled plugin HF:HorseFollow
[2026/02/05 18:58:39   INFO]  [HytaleServer] Plugin manager started! Startup time so far: 15sec 0ms 836us 700ns
-=|Enabled|0
[2026/02/05 18:58:39   INFO]  [HytaleServer] Getting Hytale Universe ready...
[2026/02/05 18:58:40   INFO] [WorldGenerator] Initialized ChunkGenerator-0 executor
[2026/02/05 18:58:40   INFO] [WorldGenerator] Found location for unique zone 'Zone1_Spawn' -> Position: {998, 46}, Score: 70.99%, Time: 8ms
[2026/02/05 18:58:40   INFO] [WorldGenerator] Found location for unique zone 'Zone1_Temple' -> Position: {1087, 279}, Score: 71.79%, Time: 0ms
[2026/02/05 18:58:40   INFO] [World|default|M] Initializing world map generator: com.hypixel.hytale.server.worldgen.map.GeneratorChunkWorldMap@3afbef63
[2026/02/05 18:58:40   INFO] [World|default|M] Generating Points of Interest...
[2026/02/05 18:58:40   INFO] [World|default|M] Finished Generating Points of Interest!
[2026/02/05 18:58:40   INFO]      [Teleport|P] Loaded 0 warps (No warps.json found)
[2026/02/05 18:58:40   INFO]    [HytaleServer] Universe ready!
[2026/02/05 18:58:40   INFO]   [AssetModule|P] Total Loaded Assets: Interaction: 7231, RootInteraction: 5398, BlockType: 3953, Item: 3010, CraftingRecipe: 1647, ParticleSpawner: 1584, SoundEvent: 1167, ItemDropList: 728, ParticleSystem: 535, ModelAsset: 435, SpawnMarker: 243, BlockBoundingBoxes: 234, Condition: 228, ItemPlayerAnimations: 184, EntityEffect: 175, AmbienceFX: 167, TagPattern: 126, ResourceType: 124, Environment: 117, ProjectileConfig: 111, AssignmentsAsset: 111, WorldNPCSpawn: 96, AudioCategory: 94, CombatActionOption: 87, Weather: 86, Projectile: 86, PrefabListAsset: 77, BeaconNPCSpawn: 75, NPCGroup: 73, BiomeAsset: 69, Trail: 59, FlockAsset: 58, BlockSet: 56, BlockSoundSet: 53, CameraEffect: 49, CameraShake: 49, BalanceAsset: 48, BlockSpawnerTable: 46, BlockGroup: 43, ScriptedBrushAsset: 38, ItemSoundSet: 36, ModelVFX: 33, BlockParticleSet: 30, AttitudeGroup: 27, ReverbEffect: 22, ItemToolSpec: 17, Fluid: 15, DamageCause: 15, WorldStructureAsset: 14, EntityStatType: 13, ResponseCurve: 12, BlockTypeListAsset: 12, ObjectiveAsset: 12, ViewBobbing: 12, ItemQuality: 12, BlockMigration: 11, CustomConnectedBlockTemplateAsset: 11, DensityAsset: 9, MacroCommandBuilder: 8, PortalType: 5, GameplayConfig: 5, FluidFX: 5, GrowthModifierAsset: 4, ObjectiveLocationMarkerAsset: 4, BlockBreakingDecal: 4, ItemCategory: 4, UnarmedInteractions: 3, EqualizerEffect: 3, SpawnSuppression: 3, MovementConfig: 3, ItemReticleConfig: 3, BarterShopAsset: 2, SoundSet: 2, ObjectiveLineAsset: 2, EntityUIComponent: 2, RepulsionConfig: 2, HitboxCollisionConfig: 2, GameModeType: 2, BuilderToolItemReferenceAsset: 1, PrefabEditorCreationSettings: 1, SettingsAsset: 1, WordList: 1, FieldcraftCategory: 1, ItemAttitudeGroup: 1, FarmingCoopAsset: 1, ReachLocationMarkerAsset: 1, ReputationRank: 0, ShopAsset: 0, ReputationGroup: 0, DeployableSpawner: 0, BlockMaskAsset: 0
[2026/02/05 18:58:40   INFO]    [HytaleServer] ===============================================================================================
[2026/02/05 18:58:40   INFO]    [HytaleServer]          Hytale Server Booted! [Singleplayer, Fresh Universe] took 16sec 618ms 338us 700ns
[2026/02/05 18:58:40   INFO]    [HytaleServer] ===============================================================================================
>> Singleplayer Ready <<
[2026/02/05 18:58:41   INFO]   [QUICTransport] Received connection from QuicConnectionAddress{connId=} (/127.0.0.1:59994) to QuicConnectionAddress{connId=2498d86b347979f8a2f6c8262a9568eb18ca113f} (/127.0.0.1:55674)
[2026/02/05 18:58:41   INFO]          [Hytale] Received stream QuicConnectionAddress{connId=2498d86b347979f8a2f6c8262a9568eb18ca113f} (/127.0.0.1:59994, streamId=0) to QuicConnectionAddress{connId=2498d86b347979f8a2f6c8262a9568eb18ca113f} (/127.0.0.1:55674, streamId=0)
[2026/02/05 18:58:41 FINEST]     [LoginTiming] [{Initial(QuicConnectionAddress{connId=2498d86b347979f8a2f6c8262a9568eb18ca113f} (/127.0.0.1:59994, streamId=0))}] Entering stage 'initial'
[2026/02/05 18:58:41   FINE]     [LoginTiming] [{Initial(QuicConnectionAddress{connId=2498d86b347979f8a2f6c8262a9568eb18ca113f} (/127.0.0.1:59994, streamId=0))}] Registered took 395us 400ns
[2026/02/05 18:58:41   FINE]     [LoginTiming] [{Initial(QuicConnectionAddress{connId=2498d86b347979f8a2f6c8262a9568eb18ca113f} (/127.0.0.1:59994, streamId=0))}] Connect took 255ms 494us 500ns
[2026/02/05 18:58:41   INFO]          [Hytale] Starting authenticated flow for Dazzakeen (768c6cbd-0c10-4fdf-9010-541faf4bd7bc) from QuicConnectionAddress{connId=2498d86b347979f8a2f6c8262a9568eb18ca113f} (/127.0.0.1:59994, streamId=0)
[2026/02/05 18:58:41   INFO] [SessionServiceClient] Session Service client initialized for: https://sessions.hytale.com
[2026/02/05 18:58:42   INFO] [SessionServiceClient] Successfully fetched JWKS with 1 keys
[2026/02/05 18:58:42   INFO]         [JWTValidator] JWKS loaded with 1 keys (cached permanently)
[2026/02/05 18:58:42   INFO]         [JWTValidator] Identity token validated successfully for user Dazzakeen (UUID: 768c6cbd-0c10-4fdf-9010-541faf4bd7bc)
[2026/02/05 18:58:42   INFO]     [HandshakeHandler] Identity token validated for Dazzakeen (UUID: 768c6cbd-0c10-4fdf-9010-541faf4bd7bc, scope: hytale:client) from QuicConnectionAddress{connId=2498d86b347979f8a2f6c8262a9568eb18ca113f} (/127.0.0.1:59994, streamId=0), requesting auth grant
[2026/02/05 18:58:42 FINEST]          [LoginTiming] [{Authenticating(QuicConnectionAddress{connId=2498d86b347979f8a2f6c8262a9568eb18ca113f} (/127.0.0.1:59994, streamId=0)), authHandlerSupplier=com.hypixel.hytale.server.core.io.handlers.InitialPacketHandler$$Lambda/0x00000000b496e600@69654ffc}] Entering stage 'auth:grant' took 294ms 135us 400ns
[2026/02/05 18:58:42   INFO] [SessionServiceClient] Requesting authorization grant with identity token, aud='dad8f44d-2d7b-4c57-a344-2002f0ed3341'
[2026/02/05 18:58:42   INFO] [SessionServiceClient] Successfully obtained authorization grant
[2026/02/05 18:58:42   INFO]     [HandshakeHandler] Sending AuthGrant to QuicConnectionAddress{connId=2498d86b347979f8a2f6c8262a9568eb18ca113f} (/127.0.0.1:59994, streamId=0) (with server identity: true)
[2026/02/05 18:58:42 FINEST]          [LoginTiming] [{Authenticating(QuicConnectionAddress{connId=2498d86b347979f8a2f6c8262a9568eb18ca113f} (/127.0.0.1:59994, streamId=0)), authHandlerSupplier=com.hypixel.hytale.server.core.io.handlers.InitialPacketHandler$$Lambda/0x00000000b496e600@69654ffc}] Entering stage 'auth:token' took 211ms 683us 400ns
[2026/02/05 18:58:43   INFO]     [HandshakeHandler] Received AuthToken from QuicConnectionAddress{connId=2498d86b347979f8a2f6c8262a9568eb18ca113f} (/127.0.0.1:59994, streamId=0), validating JWT (mTLS cert present: true, server auth grant: true)
[2026/02/05 18:58:43   INFO]      [CertificateUtil] Certificate binding validated successfully
[2026/02/05 18:58:43   INFO]         [JWTValidator] JWT validated successfully for user Dazzakeen (UUID: 768c6cbd-0c10-4fdf-9010-541faf4bd7bc)
[2026/02/05 18:58:43 FINEST]          [LoginTiming] [{Authenticating(QuicConnectionAddress{connId=2498d86b347979f8a2f6c8262a9568eb18ca113f} (/127.0.0.1:59994, streamId=0)), authHandlerSupplier=com.hypixel.hytale.server.core.io.handlers.InitialPacketHandler$$Lambda/0x00000000b496e600@69654ffc}] Entering stage 'auth:server-exchange' took 646ms 784us 600ns
[2026/02/05 18:58:43   INFO] [SessionServiceClient] Exchanging authorization grant for access token
[2026/02/05 18:58:43   INFO] [SessionServiceClient] Successfully obtained access token
[2026/02/05 18:58:43   INFO]     [HandshakeHandler] Sending ServerAuthToken to QuicConnectionAddress{connId=2498d86b347979f8a2f6c8262a9568eb18ca113f} (/127.0.0.1:59994, streamId=0) (with password challenge: false)
[2026/02/05 18:58:43   INFO]     [HandshakeHandler] Mutual authentication complete for Dazzakeen (768c6cbd-0c10-4fdf-9010-541faf4bd7bc) from QuicConnectionAddress{connId=2498d86b347979f8a2f6c8262a9568eb18ca113f} (/127.0.0.1:59994, streamId=0)
[2026/02/05 18:58:43   FINE]          [LoginTiming] [{Authenticating(QuicConnectionAddress{connId=2498d86b347979f8a2f6c8262a9568eb18ca113f} (/127.0.0.1:59994, streamId=0)), authHandlerSupplier=com.hypixel.hytale.server.core.io.handlers.InitialPacketHandler$$Lambda/0x00000000b496e600@69654ffc}] Authenticated took 208ms 328us 100ns
[2026/02/05 18:58:43   INFO] [PasswordPacketHandler] Connection complete for Dazzakeen (768c6cbd-0c10-4fdf-9010-541faf4bd7bc), transitioning to setup
[2026/02/05 18:58:43 FINEST]           [LoginTiming] [{Setup(QuicConnectionAddress{connId=2498d86b347979f8a2f6c8262a9568eb18ca113f} (/127.0.0.1:59994, streamId=0)), Dazzakeen, 768c6cbd-0c10-4fdf-9010-541faf4bd7bc, SECURE}] Entering stage 'setup:world-settings' took 1ms 667us 500ns
[2026/02/05 18:58:43   FINE]           [LoginTiming] [{Setup(QuicConnectionAddress{connId=2498d86b347979f8a2f6c8262a9568eb18ca113f} (/127.0.0.1:59994, streamId=0)), Dazzakeen, 768c6cbd-0c10-4fdf-9010-541faf4bd7bc, SECURE}] Load Player Config took 994us 400ns
[2026/02/05 18:58:43 FINEST]           [LoginTiming] [{Setup(QuicConnectionAddress{connId=2498d86b347979f8a2f6c8262a9568eb18ca113f} (/127.0.0.1:59994, streamId=0)), Dazzakeen, 768c6cbd-0c10-4fdf-9010-541faf4bd7bc, SECURE}] Entering stage 'setup:assets-request' took 67ms 885us 100ns
[2026/02/05 18:58:43   FINE]           [LoginTiming] [{Setup(QuicConnectionAddress{connId=2498d86b347979f8a2f6c8262a9568eb18ca113f} (/127.0.0.1:59994, streamId=0)), Dazzakeen, 768c6cbd-0c10-4fdf-9010-541faf4bd7bc, SECURE}] Request Assets took 241ms 830us
[2026/02/05 18:58:43 FINEST]           [LoginTiming] [{Setup(QuicConnectionAddress{connId=2498d86b347979f8a2f6c8262a9568eb18ca113f} (/127.0.0.1:59994, streamId=0)), Dazzakeen, 768c6cbd-0c10-4fdf-9010-541faf4bd7bc, SECURE}] Entering stage 'setup:send-assets' took 1ms 112us 300ns
[2026/02/05 18:58:43   FINE]           [LoginTiming] [{Setup(QuicConnectionAddress{connId=2498d86b347979f8a2f6c8262a9568eb18ca113f} (/127.0.0.1:59994, streamId=0)), Dazzakeen, 768c6cbd-0c10-4fdf-9010-541faf4bd7bc, SECURE}] Send Common Assets took 605us 200ns
[2026/02/05 18:58:44   WARN]                [Hytale] Missing interaction Effect
[2026/02/05 18:58:44   FINE]           [LoginTiming] [{Setup(QuicConnectionAddress{connId=2498d86b347979f8a2f6c8262a9568eb18ca113f} (/127.0.0.1:59994, streamId=0)), Dazzakeen, 768c6cbd-0c10-4fdf-9010-541faf4bd7bc, SECURE}] Send Config Assets took 688ms 639us 200ns
[2026/02/05 18:58:46   FINE]           [LoginTiming] [{Setup(QuicConnectionAddress{connId=2498d86b347979f8a2f6c8262a9568eb18ca113f} (/127.0.0.1:59994, streamId=0)), Dazzakeen, 768c6cbd-0c10-4fdf-9010-541faf4bd7bc, SECURE}] Player Options took 1sec 862ms 47us
[2026/02/05 18:58:46   INFO]            [Universe|P] Adding player 'Dazzakeen (768c6cbd-0c10-4fdf-9010-541faf4bd7bc)
[2026/02/05 18:58:46 FINEST]           [LoginTiming] [{Setup(QuicConnectionAddress{connId=2498d86b347979f8a2f6c8262a9568eb18ca113f} (/127.0.0.1:59994, streamId=0)), Dazzakeen, 768c6cbd-0c10-4fdf-9010-541faf4bd7bc, SECURE}] Load Player Config took 21ms 832us 900ns
[2026/02/05 18:58:46 FINEST]           [LoginTiming] [{Playing(QuicConnectionAddress{connId=2498d86b347979f8a2f6c8262a9568eb18ca113f} (/127.0.0.1:59994, streamId=0)), 768c6cbd-0c10-4fdf-9010-541faf4bd7bc, Dazzakeen}] Processed Referral took 2ms 754us 900ns
[2026/02/05 18:58:46   WARN]                [Hytale] {Playing(QuicConnectionAddress{connId=2498d86b347979f8a2f6c8262a9568eb18ca113f} (/127.0.0.1:59994, streamId=0)), 768c6cbd-0c10-4fdf-9010-541faf4bd7bc, Dazzakeen} Added future for ClientReady packet?
[2026/02/05 18:58:46   INFO]         [World|default] Adding player 'Dazzakeen' to world 'default' at location null (768c6cbd-0c10-4fdf-9010-541faf4bd7bc)
[2026/02/05 18:58:46   INFO]                [Hytale] {Playing(QuicConnectionAddress{connId=2498d86b347979f8a2f6c8262a9568eb18ca113f} (/127.0.0.1:59994, streamId=0)), 768c6cbd-0c10-4fdf-9010-541faf4bd7bc, Dazzakeen}: Sent com.hypixel.hytale.protocol.packets.player.JoinWorld@ea80c7ec
[2026/02/05 18:58:46 FINEST]           [LoginTiming] [{Playing(QuicConnectionAddress{connId=2498d86b347979f8a2f6c8262a9568eb18ca113f} (/127.0.0.1:59994, streamId=0)), 768c6cbd-0c10-4fdf-9010-541faf4bd7bc, Dazzakeen}] Entering stage 'setup:add-to-universe' took 18ms 48us 200ns
[2026/02/05 18:58:46   WARN]                [Hytale] {Playing(QuicConnectionAddress{connId=2498d86b347979f8a2f6c8262a9568eb18ca113f} (/127.0.0.1:59994, streamId=0)), 768c6cbd-0c10-4fdf-9010-541faf4bd7bc, Dazzakeen}: Received com.hypixel.hytale.protocol.packets.player.ClientReady@9da7
[2026/02/05 18:58:52 SEVERE]            [ChunkStore] Took too long to pre-load process chunk: 44ms 820us 400ns > TICK_STEP, Has GC Run: true, WorldChunk{x=30, z=1, flags=00000000000000000000000000000100}
[2026/02/05 18:58:52   INFO]                [Entity] Assigning default gamemode Adventure to player!
[2026/02/05 18:58:52   INFO]         [World|default] Player 'Dazzakeen' joined world 'default' at location Vector3d{x=980.5, y=124.10000002384186, z=46.5} (768c6cbd-0c10-4fdf-9010-541faf4bd7bc)
[2026/02/05 18:58:52 FINEST]           [LoginTiming] [{Playing(QuicConnectionAddress{connId=2498d86b347979f8a2f6c8262a9568eb18ca113f} (/127.0.0.1:59994, streamId=0)), 768c6cbd-0c10-4fdf-9010-541faf4bd7bc, Dazzakeen}] Add to World took 6sec 605ms 239us 700ns
[2026/02/05 18:58:52   FINE]           [LoginTiming] [{Playing(QuicConnectionAddress{connId=2498d86b347979f8a2f6c8262a9568eb18ca113f} (/127.0.0.1:59994, streamId=0)), 768c6cbd-0c10-4fdf-9010-541faf4bd7bc, Dazzakeen}] Add To Universe took 102us 100ns
[2026/02/05 18:58:52   WARN]         [World|default] Task took 41ms 535us 900ns ns: java.util.concurrent.CompletableFuture$UniApply@24427d8c
[2026/02/05 18:58:53   INFO]       [WorldMapTracker] Started Generating Map!
[2026/02/05 18:58:53   WARN]                [Entity] getPositionComponent called async [CONTEXT ratelimit_period="5 MINUTES" ]
java.lang.Throwable
	at com.hypixel.hytale.server.core.entity.Entity.getTransformComponent(Entity.java:278)
	at com.hypixel.hytale.server.core.universe.world.WorldMapTracker.tick(WorldMapTracker.java:138)
	at com.hypixel.hytale.server.core.universe.world.worldmap.WorldMapManager.tick(WorldMapManager.java:148)
	at com.hypixel.hytale.server.core.util.thread.TickingThread.run(TickingThread.java:89)
	at java.base/java.lang.Thread.run(Unknown Source)

[2026/02/05 18:58:53   WARN]         [World|default] Task took 33ms 407us 300ns ns: java.util.concurrent.CompletableFuture$UniApply@b5be7a8
[2026/02/05 18:58:53 SEVERE]            [ChunkStore] Took too long to pre-load process chunk: 36ms 412us 200ns > TICK_STEP, Has GC Run: false, WorldChunk{x=30, z=2, flags=00000000000000000000000000000100}
[2026/02/05 18:58:53 SEVERE]         [World|default] Took too long to run pre-load process hook for chunk: 97ms 481us 700ns > TICK_STEP, WorldChunk{x=31, z=1, flags=00000000000000000000000000000100}, Hook: com.hypixel.hytale.server.core.modules.block.BlockModule$$Lambda/0x00000000b41a5000@1d77d9c6
[2026/02/05 18:58:53 SEVERE]         [World|default] Took too long to run pre-load process hook for chunk: 164ms 4us 200ns > TICK_STEP, WorldChunk{x=31, z=2, flags=00000000000000000000000000000100}, Hook: com.hypixel.hytale.server.core.modules.block.BlockModule$$Lambda/0x00000000b41a5000@1d77d9c6
[2026/02/05 18:58:53 SEVERE]            [ChunkStore] Took too long to pre-load process chunk: 41ms 35us 100ns > TICK_STEP, Has GC Run: false, WorldChunk{x=31, z=0, flags=00000000000000000000000000000100}
[2026/02/05 18:58:53 SEVERE]            [ChunkStore] Took too long to pre-load process chunk: 37ms 150us 900ns > TICK_STEP, Has GC Run: false, WorldChunk{x=30, z=0, flags=00000000000000000000000000000100}
[2026/02/05 18:58:53 SEVERE]            [ChunkStore] Took too long to pre-load process chunk: 42ms 487us 500ns > TICK_STEP, Has GC Run: false, WorldChunk{x=29, z=0, flags=00000000000000000000000000000100}
[2026/02/05 18:58:54   WARN]         [World|default] Task took 103ms 368us ns: java.util.concurrent.CompletableFuture$AsyncSupply@6ad696a8
[2026/02/05 18:58:54 SEVERE]            [ChunkStore] Took too long to pre-load process chunk: 40ms 886us > TICK_STEP, Has GC Run: false, WorldChunk{x=32, z=2, flags=00000000000000000000000000000100}
[2026/02/05 18:58:54 SEVERE]            [ChunkStore] Took too long to pre-load process chunk: 37ms 287us 500ns > TICK_STEP, Has GC Run: false, WorldChunk{x=32, z=3, flags=00000000000000000000000000000100}
[2026/02/05 18:58:54 SEVERE]         [World|default] Took too long to run pre-load process hook for chunk: 33ms 429us 100ns > TICK_STEP, Has GC Run: true, WorldChunk{x=29, z=2, flags=00000000000000000000000000000100}, Hook: com.hypixel.hytale.builtin.blocktick.BlockTickPlugin$$Lambda/0x00000000b4043c00@255d4d7
[2026/02/05 18:58:54 SEVERE]         [World|default] Took too long to run pre-load process hook for chunk: 56ms 596us 900ns > TICK_STEP, WorldChunk{x=29, z=2, flags=00000000000000000000000000000100}, Hook: com.hypixel.hytale.server.core.modules.block.BlockModule$$Lambda/0x00000000b41a5000@1d77d9c6
[2026/02/05 18:58:54 SEVERE]         [World|default] Took too long to run pre-load process hook for chunk: 54ms 58us 800ns > TICK_STEP, WorldChunk{x=29, z=1, flags=00000000000000000000000000000100}, Hook: com.hypixel.hytale.builtin.blocktick.BlockTickPlugin$$Lambda/0x00000000b4043c00@255d4d7
[2026/02/05 18:58:54 SEVERE]         [World|default] Took too long to run pre-load process hook for chunk: 122ms 28us 900ns > TICK_STEP, WorldChunk{x=29, z=3, flags=00000000000000000000000000000100}, Hook: com.hypixel.hytale.server.core.modules.block.BlockModule$$Lambda/0x00000000b41a5000@1d77d9c6
[2026/02/05 18:58:54 SEVERE]         [World|default] Took too long to run pre-load process hook for chunk: 71ms 955us 700ns > TICK_STEP, WorldChunk{x=29, z=1, flags=00000000000000000000000000000100}, Hook: com.hypixel.hytale.server.core.modules.block.BlockModule$$Lambda/0x00000000b41a5000@1d77d9c6
[2026/02/05 18:58:55   WARN]         [World|default] Task took 155ms 823us 100ns ns: java.util.concurrent.CompletableFuture$AsyncSupply@b247a9a
[2026/02/05 18:58:55 SEVERE]            [ChunkStore] Took too long to pre-load process chunk: 48ms 854us 500ns > TICK_STEP, Has GC Run: true, WorldChunk{x=28, z=3, flags=00000000000000000000000000000100}
[2026/02/05 18:58:55 SEVERE]         [World|default] Took too long to run pre-load process hook for chunk: 60ms 751us 900ns > TICK_STEP, WorldChunk{x=28, z=1, flags=00000000000000000000000000000100}, Hook: com.hypixel.hytale.builtin.blocktick.BlockTickPlugin$$Lambda/0x00000000b4043c00@255d4d7
[2026/02/05 18:58:55 SEVERE]         [World|default] Took too long to run pre-load process hook for chunk: 84ms 510us > TICK_STEP, WorldChunk{x=28, z=2, flags=00000000000000000000000000000100}, Hook: com.hypixel.hytale.builtin.blocktick.BlockTickPlugin$$Lambda/0x00000000b4043c00@255d4d7
[2026/02/05 18:58:55 SEVERE]         [World|default] Took too long to run pre-load process hook for chunk: 58ms 619us 600ns > TICK_STEP, WorldChunk{x=28, z=1, flags=00000000000000000000000000000100}, Hook: com.hypixel.hytale.server.core.modules.block.BlockModule$$Lambda/0x00000000b41a5000@1d77d9c6
[2026/02/05 18:58:55   WARN]            [Spawning|P] Marker 473fa818-80ef-36a2-979e-9d6945b9d895 at Vector3d{x=938.7633819580078, y=38.000099182128906, z=33.724212646484375} removed due to repeated spawning fails of Skeleton_Incandescent_Fighter with reason: NO_ROOM
[2026/02/05 18:58:55 SEVERE]         [World|default] Took too long to run pre-load process hook for chunk: 36ms 498us 900ns > TICK_STEP, WorldChunk{x=28, z=0, flags=00000000000000000000000000000100}, Hook: com.hypixel.hytale.server.core.modules.block.BlockModule$$Lambda/0x00000000b41a5000@1d77d9c6
[2026/02/05 18:58:55 SEVERE]         [World|default] Took too long to run pre-load process hook for chunk: 103ms 304us 600ns > TICK_STEP, WorldChunk{x=28, z=2, flags=00000000000000000000000000000100}, Hook: com.hypixel.hytale.server.core.modules.block.BlockModule$$Lambda/0x00000000b41a5000@1d77d9c6
[2026/02/05 18:58:55   WARN]            [Spawning|P] Marker d64db848-f386-39dc-ac98-c23985c75011 at Vector3d{x=977.8570098876953, y=37.0, z=119.02877044677734} removed due to repeated spawning fails of Skeleton_Incandescent_Fighter with reason: TOO_HIGH
[2026/02/05 18:58:56 SEVERE]            [ChunkStore] Took too long to pre-load process chunk: 49ms 762us 800ns > TICK_STEP, Has GC Run: false, WorldChunk{x=32, z=1, flags=00000000000000000000000000000100}
[2026/02/05 18:58:56 SEVERE]         [World|default] Took too long to run pre-load process hook for chunk: 36ms 508us 500ns > TICK_STEP, WorldChunk{x=32, z=0, flags=00000000000000000000000000000100}, Hook: com.hypixel.hytale.server.core.modules.block.BlockModule$$Lambda/0x00000000b41a5000@1d77d9c6
[2026/02/05 18:58:56   WARN]            [Spawning|P] Marker 02304bda-01e8-3888-bf7e-850dbf17bf4d at Vector3d{x=918.3093662261963, y=34.0, z=59.65530014038086} removed due to repeated spawning fails of Skeleton_Incandescent_Head with reason: TOO_HIGH
[2026/02/05 18:58:56 SEVERE]         [World|default] Took too long to run pre-load process hook for chunk: 40ms 755us 300ns > TICK_STEP, WorldChunk{x=33, z=2, flags=00000000000000000000000000000100}, Hook: com.hypixel.hytale.server.core.modules.block.BlockModule$$Lambda/0x00000000b41a5000@1d77d9c6
[2026/02/05 18:58:56 SEVERE]         [World|default] Took too long to run pre-load process hook for chunk: 48ms 925us 200ns > TICK_STEP, WorldChunk{x=31, z=-1, flags=00000000000000000000000000000100}, Hook: com.hypixel.hytale.server.core.modules.block.BlockModule$$Lambda/0x00000000b41a5000@1d77d9c6
[2026/02/05 18:58:56 SEVERE]         [World|default] Took too long to run pre-load process hook for chunk: 86ms 869us 400ns > TICK_STEP, WorldChunk{x=28, z=-1, flags=00000000000000000000000000000100}, Hook: com.hypixel.hytale.server.core.modules.block.BlockModule$$Lambda/0x00000000b41a5000@1d77d9c6
[2026/02/05 18:58:56 SEVERE]         [World|default] Took too long to run pre-load process hook for chunk: 74ms 604us > TICK_STEP, WorldChunk{x=29, z=-1, flags=00000000000000000000000000000100}, Hook: com.hypixel.hytale.server.core.modules.block.BlockModule$$Lambda/0x00000000b41a5000@1d77d9c6
[2026/02/05 18:58:56 SEVERE]         [World|default] Took too long to run pre-load process hook for chunk: 93ms 893us 100ns > TICK_STEP, WorldChunk{x=30, z=-1, flags=00000000000000000000000000000100}, Hook: com.hypixel.hytale.server.core.modules.block.BlockModule$$Lambda/0x00000000b41a5000@1d77d9c6
[2026/02/05 18:58:56 SEVERE]         [World|default] Took too long to run pre-load process hook for chunk: 46ms 231us 500ns > TICK_STEP, WorldChunk{x=32, z=-1, flags=00000000000000000000000000000100}, Hook: com.hypixel.hytale.server.core.modules.block.BlockModule$$Lambda/0x00000000b41a5000@1d77d9c6
[2026/02/05 18:58:57 SEVERE]            [ChunkStore] Took too long to pre-load process chunk: 42ms 956us 600ns > TICK_STEP, Has GC Run: false, WorldChunk{x=31, z=4, flags=00000000000000000000000000000100}
[2026/02/05 18:58:57 SEVERE]         [World|default] Took too long to run pre-load process hook for chunk: 123ms 62us 100ns > TICK_STEP, WorldChunk{x=30, z=4, flags=00000000000000000000000000000100}, Hook: com.hypixel.hytale.builtin.blocktick.BlockTickPlugin$$Lambda/0x00000000b4043c00@255d4d7
[2026/02/05 18:58:57 SEVERE]         [World|default] Took too long to run pre-load process hook for chunk: 118ms 845us 400ns > TICK_STEP, WorldChunk{x=33, z=1, flags=00000000000000000000000000000100}, Hook: com.hypixel.hytale.builtin.blocktick.BlockTickPlugin$$Lambda/0x00000000b4043c00@255d4d7
[2026/02/05 18:58:57 SEVERE]         [World|default] Took too long to run pre-load process hook for chunk: 36ms 171us 700ns > TICK_STEP, WorldChunk{x=33, z=1, flags=00000000000000000000000000000100}, Hook: com.hypixel.hytale.server.core.modules.block.BlockModule$$Lambda/0x00000000b41a5000@1d77d9c6
[2026/02/05 18:58:57 SEVERE]            [ChunkStore] Took too long to pre-load process chunk: 42ms 205us 700ns > TICK_STEP, Has GC Run: false, WorldChunk{x=29, z=4, flags=00000000000000000000000000000100}
[2026/02/05 18:58:57 SEVERE]            [ChunkStore] Took too long to pre-load process chunk: 33ms 698us 800ns > TICK_STEP, Has GC Run: false, WorldChunk{x=28, z=4, flags=00000000000000000000000000000100}
[2026/02/05 18:58:58 SEVERE]         [World|default] Took too long to run pre-load process hook for chunk: 41ms 318us 800ns > TICK_STEP, Has GC Run: true, WorldChunk{x=33, z=-1, flags=00000000000000000000000000000100}, Hook: com.hypixel.hytale.builtin.blocktick.BlockTickPlugin$$Lambda/0x00000000b4043c00@255d4d7
[2026/02/05 18:58:58 SEVERE]         [World|default] Took too long to run pre-load process hook for chunk: 36ms 864us 500ns > TICK_STEP, Has GC Run: true, WorldChunk{x=27, z=4, flags=00000000000000000000000000000100}, Hook: com.hypixel.hytale.server.core.modules.block.BlockModule$$Lambda/0x00000000b41a5000@1d77d9c6
[2026/02/05 18:58:58 SEVERE]            [ChunkStore] Took too long to post-load process chunk: 59ms 677us 300ns > TICK_STEP, Has GC Run: false, WorldChunk{x=27, z=4, flags=00000000000000000000000000000111}
[2026/02/05 18:58:58   WARN]         [World|default] Task took 59ms 894us 200ns ns: java.util.concurrent.CompletableFuture$UniApply@7259b6ef
[2026/02/05 18:58:59 SEVERE]         [World|default] Took too long to run pre-load process hook for chunk: 166ms 41us 200ns > TICK_STEP, Has GC Run: true, WorldChunk{x=27, z=-1, flags=00000000000000000000000000000100}, Hook: com.hypixel.hytale.builtin.fluid.FluidPlugin$$Lambda/0x00000000b42d1c00@6ae1d5f1
[2026/02/05 18:58:59 SEVERE]            [ChunkStore] Took too long to pre-load process chunk: 40ms 532us 900ns > TICK_STEP, Has GC Run: true, WorldChunk{x=33, z=-2, flags=00000000000000000000000000000100}
[2026/02/05 18:59:00 SEVERE]         [World|default] Took too long to run pre-load process hook for chunk: 47ms 813us > TICK_STEP, Has GC Run: true, WorldChunk{x=34, z=0, flags=00000000000000000000000000000100}, Hook: com.hypixel.hytale.server.core.modules.block.BlockModule$$Lambda/0x00000000b41a5000@1d77d9c6
[2026/02/05 18:59:00 SEVERE]         [World|default] Took too long to run pre-load process hook for chunk: 62ms 293us 300ns > TICK_STEP, WorldChunk{x=34, z=4, flags=00000000000000000000000000000100}, Hook: com.hypixel.hytale.server.core.modules.block.BlockModule$$Lambda/0x00000000b41a5000@1d77d9c6
[2026/02/05 18:59:00 SEVERE]         [World|default] Took too long to run pre-load process hook for chunk: 39ms 532us 600ns > TICK_STEP, WorldChunk{x=34, z=1, flags=00000000000000000000000000000100}, Hook: com.hypixel.hytale.builtin.blocktick.BlockTickPlugin$$Lambda/0x00000000b4043c00@255d4d7
[2026/02/05 18:59:00 SEVERE]         [World|default] Took too long to run pre-load process hook for chunk: 230ms 245us 200ns > TICK_STEP, Has GC Run: true, WorldChunk{x=34, z=1, flags=00000000000000000000000000000100}, Hook: com.hypixel.hytale.server.core.modules.block.BlockModule$$Lambda/0x00000000b41a5000@1d77d9c6
[2026/02/05 18:59:01 SEVERE]            [ChunkStore] Took too long to pre-load process chunk: 42ms 350us 400ns > TICK_STEP, Has GC Run: false, WorldChunk{x=28, z=-2, flags=00000000000000000000000000000100}
[2026/02/05 18:59:01 SEVERE]            [ChunkStore] Took too long to pre-load process chunk: 34ms 409us 500ns > TICK_STEP, Has GC Run: false, WorldChunk{x=34, z=2, flags=00000000000000000000000000000100}
[2026/02/05 18:59:01   WARN]            [Spawning|P] Marker e346562c-c9d5-3e30-b721-8ff3dd9c628b at Vector3d{x=969.5720367431641, y=32.0, z=-34.10255813598633} removed due to repeated spawning fails of Skeleton_Incandescent_Fighter with reason: TOO_HIGH
[2026/02/05 18:59:01 SEVERE]         [World|default] Took too long to run pre-load process hook for chunk: 35ms 533us 300ns > TICK_STEP, WorldChunk{x=32, z=5, flags=00000000000000000000000000000100}, Hook: com.hypixel.hytale.server.core.modules.block.BlockModule$$Lambda/0x00000000b41a5000@1d77d9c6
[2026/02/05 18:59:01 SEVERE]         [World|default] Took too long to run pre-load process hook for chunk: 63ms 239us 300ns > TICK_STEP, WorldChunk{x=31, z=5, flags=00000000000000000000000000000100}, Hook: com.hypixel.hytale.server.core.modules.block.BlockModule$$Lambda/0x00000000b41a5000@1d77d9c6
[2026/02/05 18:59:02 SEVERE]            [ChunkStore] Took too long to pre-load process chunk: 43ms 208us 400ns > TICK_STEP, Has GC Run: false, WorldChunk{x=34, z=-2, flags=00000000000000000000000000000100}
[2026/02/05 18:59:02 SEVERE]         [World|default] Took too long to run pre-load process hook for chunk: 550ms 845us 100ns > TICK_STEP, WorldChunk{x=29, z=5, flags=00000000000000000000000000000100}, Hook: com.hypixel.hytale.server.core.modules.block.BlockModule$$Lambda/0x00000000b41a5000@1d77d9c6
[2026/02/05 18:59:02 SEVERE]         [World|default] Took too long to run pre-load process hook for chunk: 68ms 352us 800ns > TICK_STEP, WorldChunk{x=26, z=2, flags=00000000000000000000000000000100}, Hook: com.hypixel.hytale.server.core.modules.block.BlockModule$$Lambda/0x00000000b41a5000@1d77d9c6
[2026/02/05 18:59:02 SEVERE]         [World|default] Took too long to run pre-load process hook for chunk: 57ms 903us 600ns > TICK_STEP, WorldChunk{x=26, z=3, flags=00000000000000000000000000000100}, Hook: com.hypixel.hytale.server.core.modules.block.BlockModule$$Lambda/0x00000000b41a5000@1d77d9c6
[2026/02/05 18:59:02 SEVERE]         [World|default] Took too long to run pre-load process hook for chunk: 362ms 338us 600ns > TICK_STEP, WorldChunk{x=28, z=5, flags=00000000000000000000000000000100}, Hook: com.hypixel.hytale.builtin.fluid.FluidPlugin$$Lambda/0x00000000b42d1c00@6ae1d5f1
[2026/02/05 18:59:02 SEVERE]         [World|default] Took too long to run pre-load process hook for chunk: 124ms 758us 200ns > TICK_STEP, WorldChunk{x=29, z=5, flags=00000000000000000000000000000100}, Hook: com.hypixel.hytale.builtin.adventure.farming.FarmingPlugin$$Lambda/0x00000000b42d2000@313c3cb
[2026/02/05 18:59:02 SEVERE]         [World|default] Took too long to run pre-load process hook for chunk: 66ms 493us 800ns > TICK_STEP, WorldChunk{x=26, z=4, flags=00000000000000000000000000000100}, Hook: com.hypixel.hytale.server.core.modules.block.BlockModule$$Lambda/0x00000000b41a5000@1d77d9c6
[2026/02/05 18:59:02 SEVERE]         [World|default] Took too long to run pre-load process hook for chunk: 78ms 502us 800ns > TICK_STEP, WorldChunk{x=26, z=0, flags=00000000000000000000000000000100}, Hook: com.hypixel.hytale.server.core.modules.block.BlockModule$$Lambda/0x00000000b41a5000@1d77d9c6
[2026/02/05 18:59:02   WARN]                [Hytale] {Playing(QuicConnectionAddress{connId=2498d86b347979f8a2f6c8262a9568eb18ca113f} (/127.0.0.1:59994, streamId=0)), 768c6cbd-0c10-4fdf-9010-541faf4bd7bc, Dazzakeen}: Received com.hypixel.hytale.protocol.packets.player.ClientReady@9da1
[2026/02/05 18:59:02 SEVERE]         [World|default] Took too long to run pre-load process hook for chunk: 337ms 761us 800ns > TICK_STEP, WorldChunk{x=26, z=1, flags=00000000000000000000000000000100}, Hook: com.hypixel.hytale.server.core.modules.block.BlockModule$$Lambda/0x00000000b41a5000@1d77d9c6
[2026/02/05 18:59:02 SEVERE]            [ChunkStore] Took too long to pre-load process chunk: 40ms 863us 800ns > TICK_STEP, Has GC Run: false, WorldChunk{x=26, z=-1, flags=00000000000000000000000000000100}
[2026/02/05 18:59:02 SEVERE]         [World|default] Took too long to run pre-load process hook for chunk: 46ms 67us 800ns > TICK_STEP, WorldChunk{x=27, z=-3, flags=00000000000000000000000000000100}, Hook: com.hypixel.hytale.server.core.modules.block.BlockModule$$Lambda/0x00000000b41a5000@1d77d9c6
[2026/02/05 18:59:02 SEVERE]         [World|default] Took too long to run pre-load process hook for chunk: 50ms 812us > TICK_STEP, WorldChunk{x=28, z=-3, flags=00000000000000000000000000000100}, Hook: com.hypixel.hytale.builtin.fluid.FluidPlugin$$Lambda/0x00000000b42d1c00@6ae1d5f1
[2026/02/05 18:59:02 SEVERE]         [World|default] Took too long to run pre-load process hook for chunk: 84ms 475us 300ns > TICK_STEP, WorldChunk{x=28, z=-3, flags=00000000000000000000000000000100}, Hook: com.hypixel.hytale.builtin.blocktick.BlockTickPlugin$$Lambda/0x00000000b4043c00@255d4d7
[2026/02/05 18:59:03 SEVERE]         [World|default] Took too long to run pre-load process hook for chunk: 53ms 885us 200ns > TICK_STEP, WorldChunk{x=28, z=-3, flags=00000000000000000000000000000100}, Hook: com.hypixel.hytale.server.core.modules.block.BlockModule$$Lambda/0x00000000b41a5000@1d77d9c6
[2026/02/05 18:59:03 SEVERE]         [World|default] Took too long to run pre-load process hook for chunk: 39ms 315us 400ns > TICK_STEP, WorldChunk{x=26, z=-3, flags=00000000000000000000000000000100}, Hook: com.hypixel.hytale.builtin.fluid.FluidPlugin$$Lambda/0x00000000b42d1c00@6ae1d5f1
[2026/02/05 18:59:03 SEVERE]         [World|default] Took too long to run pre-load process hook for chunk: 59ms 730us 800ns > TICK_STEP, WorldChunk{x=26, z=-3, flags=00000000000000000000000000000100}, Hook: com.hypixel.hytale.builtin.blocktick.BlockTickPlugin$$Lambda/0x00000000b4043c00@255d4d7
[2026/02/05 18:59:03 SEVERE]         [World|default] Took too long to run pre-load process hook for chunk: 150ms 69us 200ns > TICK_STEP, WorldChunk{x=26, z=-3, flags=00000000000000000000000000000100}, Hook: com.hypixel.hytale.server.core.modules.block.BlockModule$$Lambda/0x00000000b41a5000@1d77d9c6
[2026/02/05 18:59:03 SEVERE]         [World|default] Took too long to run pre-load process hook for chunk: 71ms 418us 900ns > TICK_STEP, WorldChunk{x=35, z=-2, flags=00000000000000000000000000000100}, Hook: com.hypixel.hytale.builtin.fluid.FluidPlugin$$Lambda/0x00000000b42d1c00@6ae1d5f1
[2026/02/05 18:59:03 SEVERE]         [World|default] Took too long to run pre-load process hook for chunk: 93ms 594us 900ns > TICK_STEP, WorldChunk{x=35, z=-2, flags=00000000000000000000000000000100}, Hook: com.hypixel.hytale.server.core.modules.block.BlockModule$$Lambda/0x00000000b41a5000@1d77d9c6
[2026/02/05 18:59:04 SEVERE]         [World|default] Took too long to run pre-load process hook for chunk: 62ms 473us > TICK_STEP, WorldChunk{x=35, z=1, flags=00000000000000000000000000000100}, Hook: com.hypixel.hytale.server.core.modules.block.BlockModule$$Lambda/0x00000000b41a5000@1d77d9c6
[2026/02/05 18:59:04 SEVERE]         [World|default] Took too long to run pre-load process hook for chunk: 43ms 617us 400ns > TICK_STEP, WorldChunk{x=35, z=2, flags=00000000000000000000000000000100}, Hook: com.hypixel.hytale.server.core.modules.block.BlockModule$$Lambda/0x00000000b41a5000@1d77d9c6
[2026/02/05 18:59:04 SEVERE]         [World|default] Took too long to run pre-load process hook for chunk: 179ms 553us 900ns > TICK_STEP, WorldChunk{x=35, z=-1, flags=00000000000000000000000000000100}, Hook: com.hypixel.hytale.server.core.modules.block.BlockModule$$Lambda/0x00000000b41a5000@1d77d9c6
[2026/02/05 18:59:04   WARN]         [World|default] Task took 149ms 935us ns: com.horsefollow.ItemConsume$$Lambda/0x00000000b3abbc00@1a1c0684
[2026/02/05 18:59:04   WARN]         [World|default] Task took 46ms 170us 500ns ns: com.hypixel.hytale.builtin.fluid.FluidSystems$ReplicateChanges$$Lambda/0x00000000b4a79000@37122137
[2026/02/05 18:59:04   WARN]         [World|default] Task took 55ms 537us 300ns ns: com.horsefollow.ItemConsume$$Lambda/0x00000000b3abbc00@21dd27d7
[2026/02/05 18:59:04 SEVERE]         [World|default] Took too long to run pre-load process hook for chunk: 47ms 878us 800ns > TICK_STEP, WorldChunk{x=33, z=6, flags=00000000000000000000000000000100}, Hook: com.hypixel.hytale.server.core.modules.block.BlockModule$$Lambda/0x00000000b41a5000@1d77d9c6
[2026/02/05 18:59:05 SEVERE]         [World|default] Took too long to run pre-load process hook for chunk: 62ms 308us 100ns > TICK_STEP, WorldChunk{x=35, z=-3, flags=00000000000000000000000000000100}, Hook: com.hypixel.hytale.server.core.modules.block.BlockModule$$Lambda/0x00000000b41a5000@1d77d9c6
[2026/02/05 18:59:06   INFO] [PrefabPathSystems$AddOrRemove] Migrating path marker from path Kweebec_Camp_Bath_002~1 to use new UUID 6b526350-2707-368f-ab5d-a45007bd92ed
[2026/02/05 18:59:06 SEVERE]                 [World|default] Took too long to run pre-load process hook for chunk: 83ms 948us 100ns > TICK_STEP, WorldChunk{x=28, z=-4, flags=00000000000000000000000000000100}, Hook: com.hypixel.hytale.builtin.fluid.FluidPlugin$$Lambda/0x00000000b42d1c00@6ae1d5f1
[2026/02/05 18:59:07   INFO] [PrefabPathSystems$AddOrRemove] Migrating path marker from path Kweebec_Camp_Patrol_004~1 to use new UUID ab080ea0-bf00-3841-b1a7-e3279c5f1bcd
[2026/02/05 18:59:07   INFO] [PrefabPathSystems$AddOrRemove] Migrating path marker from path Kweebec_Camp_Patrol_004~1 to use new UUID ab080ea0-bf00-3841-b1a7-e3279c5f1bcd
[2026/02/05 18:59:07   INFO] [PrefabPathSystems$AddOrRemove] Migrating path marker from path Kweebec_Camp_Patrol_004~1 to use new UUID ab080ea0-bf00-3841-b1a7-e3279c5f1bcd
[2026/02/05 18:59:07 SEVERE]                    [ChunkStore] Took too long to pre-load process chunk: 54ms 679us > TICK_STEP, Has GC Run: false, WorldChunk{x=36, z=-3, flags=00000000000000000000000000000100}
[2026/02/05 18:59:07 SEVERE]                    [ChunkStore] Took too long to pre-load process chunk: 40ms 94us 900ns > TICK_STEP, Has GC Run: false, WorldChunk{x=36, z=2, flags=00000000000000000000000000000100}
[2026/02/05 18:59:08   WARN]                 [World|default] Task took 36ms 150us 800ns ns: java.util.concurrent.CompletableFuture$UniApply@6f00ca94
[2026/02/05 18:59:08 SEVERE]                    [ChunkStore] Took too long to post-load process chunk: 85ms 123us > TICK_STEP, Has GC Run: false, WorldChunk{x=36, z=6, flags=00000000000000000000000000000111}
[2026/02/05 18:59:08   WARN]                 [World|default] Task took 106ms 102us 700ns ns: java.util.concurrent.CompletableFuture$UniApply@3fe1c02c
[2026/02/05 18:59:08 SEVERE]                 [World|default] Took too long to run pre-load process hook for chunk: 33ms 867us > TICK_STEP, WorldChunk{x=34, z=7, flags=00000000000000000000000000000100}, Hook: com.hypixel.hytale.builtin.fluid.FluidPlugin$$Lambda/0x00000000b42d1c00@6ae1d5f1
[2026/02/05 18:59:08   WARN]                 [World|default] Task took 47ms 431us 600ns ns: java.util.concurrent.CompletableFuture$UniCompose@3281da12
[2026/02/05 18:59:08 SEVERE]                    [ChunkStore] Took too long to post-load process chunk: 99ms 855us 800ns > TICK_STEP, Has GC Run: false, WorldChunk{x=34, z=7, flags=00000000000000000000000000000111}
[2026/02/05 18:59:08   WARN]                 [World|default] Task took 100ms 38us 800ns ns: java.util.concurrent.CompletableFuture$UniApply@55434248
[2026/02/05 18:59:08 SEVERE]                 [World|default] Took too long to run pre-load process hook for chunk: 1sec 972ms 62us 600ns > TICK_STEP, WorldChunk{x=25, z=-2, flags=00000000000000000000000000000100}, Hook: com.hypixel.hytale.builtin.fluid.FluidPlugin$$Lambda/0x00000000b42d1c00@6ae1d5f1
[2026/02/05 18:59:08   WARN]                    [Spawning|P] Marker 5a026814-1621-359c-94c1-48040a65945e at Vector3d{x=975.8570098876953, y=37.0, z=-78.97122955322266} removed due to repeated spawning fails of Skeleton_Incandescent_Fighter with reason: NO_ROOM
[2026/02/05 18:59:08   WARN]                    [Spawning|P] Marker 946f3501-efe6-3c06-b26e-7031a8d53cb2 at Vector3d{x=905.5942376953121, y=36.81916809082031, z=-44.919036889648424} removed due to repeated spawning fails of Golem_Firesteel with reason: NO_ROOM
[2026/02/05 18:59:08 SEVERE]                 [World|default] Took too long to run pre-load process hook for chunk: 57ms 138us 800ns > TICK_STEP, WorldChunk{x=37, z=2, flags=00000000000000000000000000000100}, Hook: com.hypixel.hytale.builtin.blocktick.BlockTickPlugin$$Lambda/0x00000000b4043c00@255d4d7
[2026/02/05 18:59:08 SEVERE]                 [World|default] Took too long to run pre-load process hook for chunk: 39ms 920us 800ns > TICK_STEP, WorldChunk{x=37, z=1, flags=00000000000000000000000000000100}, Hook: com.hypixel.hytale.builtin.blocktick.BlockTickPlugin$$Lambda/0x00000000b4043c00@255d4d7
[2026/02/05 18:59:08 SEVERE]                 [World|default] Took too long to run pre-load process hook for chunk: 37ms 59us 900ns > TICK_STEP, WorldChunk{x=37, z=4, flags=00000000000000000000000000000100}, Hook: com.hypixel.hytale.builtin.blocktick.BlockTickPlugin$$Lambda/0x00000000b4043c00@255d4d7
[2026/02/05 18:59:09   INFO] [PrefabPathSystems$AddOrRemove] Migrating path marker from path Kweebec_Camp_Patrol_005~1 to use new UUID 1bdbdc86-630b-36de-acb3-deefa3215687
[2026/02/05 18:59:10 SEVERE]                 [World|default] Took too long to run pre-load process hook for chunk: 91ms 561us 900ns > TICK_STEP, WorldChunk{x=30, z=-5, flags=00000000000000000000000000000100}, Hook: com.hypixel.hytale.server.core.modules.block.BlockModule$$Lambda/0x00000000b41a5000@1d77d9c6
[2026/02/05 18:59:11   WARN]                    [Spawning|P] Marker 0b96475e-8a5b-339b-b272-71e91e1e21ef at Vector3d{x=1054.7860565185547, y=42.0, z=179.89829635620117} removed due to repeated spawning fails of Skeleton_Incandescent_Mage with reason: TOO_HIGH
[2026/02/05 18:59:11 SEVERE]                 [World|default] Took too long to run pre-load process hook for chunk: 61ms 869us 500ns > TICK_STEP, WorldChunk{x=38, z=-1, flags=00000000000000000000000000000100}, Hook: com.hypixel.hytale.server.core.modules.block.BlockModule$$Lambda/0x00000000b41a5000@1d77d9c6
[2026/02/05 18:59:12 SEVERE]                 [World|default] Took too long to run pre-load process hook for chunk: 47ms 492us 900ns > TICK_STEP, WorldChunk{x=37, z=8, flags=00000000000000000000000000000100}, Hook: com.hypixel.hytale.builtin.blocktick.BlockTickPlugin$$Lambda/0x00000000b4043c00@255d4d7
[2026/02/05 18:59:13   WARN]                    [Spawning|P] Marker f72b3bbf-2128-3638-8672-a08ccb37651e at Vector3d{x=1116.4944915771484, y=42.0, z=-123.90221214294434} removed due to repeated spawning fails of Skeleton_Incandescent_Mage with reason: TOO_HIGH
[2026/02/05 18:59:13   WARN]                    [Spawning|P] Marker eda12b44-ec32-3176-b7c9-f599ba0c2f0b at Vector3d{x=1095.2440185546875, y=69.0, z=217.34925842285156} removed due to repeated spawning fails of Goblin_Lobber with reason: NO_ROOM
[2026/02/05 18:59:13   WARN]                    [Spawning|P] Marker a8447f4d-ad2c-3b05-b64e-4202817bbf79 at Vector3d{x=966.3287048339844, y=65.15721130371094, z=-122.90080571174622} removed due to repeated spawning fails of Goblin_Miner with reason: NO_ROOM
[2026/02/05 18:59:13   WARN]                    [Spawning|P] Marker 1b678eb9-e55b-32f2-8243-ac546ba2349b at Vector3d{x=1063.5942376953121, y=36.81916809082031, z=-125.91903688964842} removed due to repeated spawning fails of Golem_Firesteel with reason: TOO_HIGH
[2026/02/05 18:59:13   WARN]                    [Spawning|P] Marker 5d6517bb-c4f8-30ea-bfb7-28c093fd1a24 at Vector3d{x=1105.5906567871093, y=66.99942705078125, z=221.3564664306641} removed due to repeated spawning fails of Goblin_Scrapper with reason: TOO_HIGH
[2026/02/05 18:59:13 SEVERE]                 [World|default] Took too long to run pre-load process hook for chunk: 557ms 419us 900ns > TICK_STEP, Has GC Run: true, WorldChunk{x=25, z=8, flags=00000000000000000000000000000100}, Hook: com.hypixel.hytale.server.core.modules.block.BlockModule$$Lambda/0x00000000b41a5000@1d77d9c6
[2026/02/05 18:59:13 SEVERE]                    [ChunkStore] Took too long to pre-load process chunk: 38ms 684us > TICK_STEP, Has GC Run: false, WorldChunk{x=24, z=7, flags=00000000000000000000000000000100}
[2026/02/05 18:59:13 SEVERE]                    [ChunkStore] Took too long to post-load process chunk: 111ms 239us 800ns > TICK_STEP, Has GC Run: true, WorldChunk{x=24, z=5, flags=00000000000000000000000000000111}
[2026/02/05 18:59:13   WARN]                 [World|default] Task took 111ms 463us 900ns ns: java.util.concurrent.CompletableFuture$UniApply@334eb05a
[2026/02/05 18:59:14 SEVERE]                 [World|default] Took too long to run pre-load process hook for chunk: 45ms 654us 800ns > TICK_STEP, Has GC Run: true, WorldChunk{x=24, z=-2, flags=00000000000000000000000000000100}, Hook: com.hypixel.hytale.server.core.modules.block.BlockModule$$Lambda/0x00000000b41a5000@1d77d9c6
[2026/02/05 18:59:14 SEVERE]                 [World|default] Took too long to run pre-load process hook for chunk: 113ms 311us 200ns > TICK_STEP, WorldChunk{x=24, z=-4, flags=00000000000000000000000000000100}, Hook: com.hypixel.hytale.builtin.blocktick.BlockTickPlugin$$Lambda/0x00000000b4043c00@255d4d7
[2026/02/05 18:59:14 SEVERE]                 [World|default] Took too long to run pre-load process hook for chunk: 85ms 43us 800ns > TICK_STEP, WorldChunk{x=24, z=-4, flags=00000000000000000000000000000100}, Hook: com.hypixel.hytale.server.core.modules.block.BlockModule$$Lambda/0x00000000b41a5000@1d77d9c6
[2026/02/05 18:59:14 SEVERE]                 [World|default] Took too long to run pre-load process hook for chunk: 71ms 36us 100ns > TICK_STEP, WorldChunk{x=25, z=-6, flags=00000000000000000000000000000100}, Hook: com.hypixel.hytale.server.core.modules.block.BlockModule$$Lambda/0x00000000b41a5000@1d77d9c6
[2026/02/05 18:59:14 SEVERE]                 [World|default] Took too long to run pre-load process hook for chunk: 42ms 697us 800ns > TICK_STEP, WorldChunk{x=30, z=-6, flags=00000000000000000000000000000100}, Hook: com.hypixel.hytale.server.core.modules.block.BlockModule$$Lambda/0x00000000b41a5000@1d77d9c6
[2026/02/05 18:59:14 SEVERE]                    [ChunkStore] Took too long to pre-load process chunk: 33ms 856us 700ns > TICK_STEP, Has GC Run: false, WorldChunk{x=33, z=-6, flags=00000000000000000000000000000100}
[2026/02/05 18:59:15 SEVERE]                 [World|default] Took too long to run pre-load process hook for chunk: 93ms 67us 300ns > TICK_STEP, WorldChunk{x=39, z=-6, flags=00000000000000000000000000000100}, Hook: com.hypixel.hytale.server.core.modules.block.BlockModule$$Lambda/0x00000000b41a5000@1d77d9c6
[2026/02/05 18:59:15 SEVERE]                    [ChunkStore] Took too long to pre-load process chunk: 39ms 318us 600ns > TICK_STEP, Has GC Run: false, WorldChunk{x=39, z=-4, flags=00000000000000000000000000000100}
[2026/02/05 18:59:15 SEVERE]                    [ChunkStore] Took too long to pre-load process chunk: 37ms 91us 500ns > TICK_STEP, Has GC Run: false, WorldChunk{x=39, z=-3, flags=00000000000000000000000000000100}
[2026/02/05 18:59:15   INFO]                [CommandManager] Dazzakeen executed command: op self
[2026/02/05 18:59:16   WARN]                 [World|default] Task took 77ms 151us 500ns ns: java.util.concurrent.CompletableFuture$UniApply@41b8d61b
[2026/02/05 18:59:16   WARN]                    [Spawning|P] Marker 50951e9d-b776-3804-a4c9-442a2c1869e0 at Vector3d{x=1209.1457061767578, y=41.099143981933594, z=27.361328125} removed due to repeated spawning fails of Skeleton_Incandescent_Mage with reason: NO_ROOM
[2026/02/05 18:59:16   WARN]                    [Spawning|P] Marker a5a507ea-7354-3b18-8d0d-bae55ad3bfb7 at Vector3d{x=1204.7633819580078, y=38.000099182128906, z=31.724212646484375} removed due to repeated spawning fails of Skeleton_Incandescent_Fighter with reason: NO_ROOM
[2026/02/05 18:59:17 SEVERE]                    [ChunkStore] Took too long to pre-load process chunk: 55ms 42us 400ns > TICK_STEP, Has GC Run: false, WorldChunk{x=39, z=7, flags=00000000000000000000000000000100}
[2026/02/05 18:59:17 SEVERE]                 [World|default] Took too long to run pre-load process hook for chunk: 54ms 873us 600ns > TICK_STEP, WorldChunk{x=29, z=9, flags=00000000000000000000000000000100}, Hook: com.hypixel.hytale.builtin.fluid.FluidPlugin$$Lambda/0x00000000b42d1c00@6ae1d5f1
[2026/02/05 18:59:17 SEVERE]                    [ChunkStore] Took too long to post-load process chunk: 49ms 70us > TICK_STEP, Has GC Run: false, WorldChunk{x=30, z=9, flags=00000000000000000000000000000111}
[2026/02/05 18:59:17   WARN]                 [World|default] Task took 49ms 260us 500ns ns: java.util.concurrent.CompletableFuture$UniApply@40283576
[2026/02/05 18:59:17 SEVERE]                    [ChunkStore] Took too long to pre-load process chunk: 43ms 394us 300ns > TICK_STEP, Has GC Run: false, WorldChunk{x=28, z=9, flags=00000000000000000000000000000100}
[2026/02/05 18:59:18 SEVERE]                 [World|default] Took too long to run pre-load process hook for chunk: 215ms 58us 100ns > TICK_STEP, WorldChunk{x=24, z=9, flags=00000000000000000000000000000100}, Hook: com.hypixel.hytale.server.core.modules.block.BlockModule$$Lambda/0x00000000b41a5000@1d77d9c6
[2026/02/05 18:59:18 SEVERE]                    [ChunkStore] Took too long to post-load process chunk: 93ms 444us > TICK_STEP, Has GC Run: false, WorldChunk{x=23, z=6, flags=00000000000000000000000000000111}
[2026/02/05 18:59:18   WARN]                 [World|default] Task took 93ms 618us 400ns ns: java.util.concurrent.CompletableFuture$UniApply@4cb00802
[2026/02/05 18:59:18 SEVERE]                 [World|default] Took too long to run pre-load process hook for chunk: 42ms 683us 500ns > TICK_STEP, WorldChunk{x=23, z=7, flags=00000000000000000000000000000100}, Hook: com.hypixel.hytale.builtin.blocktick.BlockTickPlugin$$Lambda/0x00000000b4043c00@255d4d7
[2026/02/05 18:59:19 SEVERE]                 [World|default] Took too long to run pre-load process hook for chunk: 34ms 255us > TICK_STEP, WorldChunk{x=29, z=-7, flags=00000000000000000000000000000100}, Hook: com.hypixel.hytale.builtin.blocktick.BlockTickPlugin$$Lambda/0x00000000b4043c00@255d4d7
[2026/02/05 18:59:19 SEVERE]                 [World|default] Took too long to run pre-load process hook for chunk: 55ms 851us > TICK_STEP, WorldChunk{x=29, z=-7, flags=00000000000000000000000000000100}, Hook: com.hypixel.hytale.server.core.modules.block.BlockModule$$Lambda/0x00000000b41a5000@1d77d9c6
[2026/02/05 18:59:19   INFO]                [CommandManager] Dazzakeen executed command: gm c
[2026/02/05 18:59:19   WARN]                 [World|default] Task took 42ms 725us 300ns ns: java.util.concurrent.CompletableFuture$UniApply@2dbe6fc8
[2026/02/05 18:59:19   WARN]                 [World|default] Task took 36ms 169us 500ns ns: java.util.concurrent.CompletableFuture$UniCompose@6d296b24
[2026/02/05 18:59:19   WARN]                 [World|default] Task took 109ms 816us 500ns ns: java.util.concurrent.CompletableFuture$UniApply@75212c3
[2026/02/05 18:59:19   WARN]                 [World|default] Task took 78ms 25us 500ns ns: java.util.concurrent.CompletableFuture$UniCompose@17cebc18
[2026/02/05 18:59:20 SEVERE]                    [ChunkStore] Took too long to post-load process chunk: 63ms 693us 300ns > TICK_STEP, Has GC Run: false, WorldChunk{x=40, z=-6, flags=00000000000000000000000000000111}
[2026/02/05 18:59:20   WARN]                 [World|default] Task took 64ms 196us 800ns ns: java.util.concurrent.CompletableFuture$UniApply@49504106
[2026/02/05 18:59:20 SEVERE]                 [World|default] Took too long to run pre-load process hook for chunk: 72ms 31us 200ns > TICK_STEP, WorldChunk{x=40, z=-3, flags=00000000000000000000000000000100}, Hook: com.hypixel.hytale.server.core.modules.block.BlockModule$$Lambda/0x00000000b41a5000@1d77d9c6
[2026/02/05 18:59:21   WARN]                    [Spawning|P] Marker 0598c2bf-f929-3fd1-879d-acc5482a83b9 at Vector3d{x=1217.0963678359985, y=31.0, z=99.9834213256836} removed due to repeated spawning fails of Skeleton_Incandescent_Head with reason: NO_ROOM
[2026/02/05 18:59:21   WARN]                    [Spawning|P] Marker 43410e53-f45b-366a-ab1d-e73cd662512d at Vector3d{x=1234.8570098876953, y=37.0, z=99.02877044677734} removed due to repeated spawning fails of Skeleton_Incandescent_Fighter with reason: NO_ROOM
[2026/02/05 18:59:21   WARN]                    [Spawning|P] Marker abaf325b-76e4-354a-af11-8263945fc525 at Vector3d{x=1246.5906567871093, y=56.99942705078125, z=104.35646643066411} removed due to repeated spawning fails of Goblin_Thief with reason: TOO_HIGH
[2026/02/05 18:59:21   WARN]                    [Spawning|P] Marker ad733c06-c40c-38ea-aca6-7d0492317ecd at Vector3d{x=1052.5942376953121, y=36.81916809082031, z=-188.91903688964842} removed due to repeated spawning fails of Golem_Firesteel with reason: NO_ROOM
[2026/02/05 18:59:22 SEVERE]                 [World|default] Took too long to run pre-load process hook for chunk: 45ms 509us 100ns > TICK_STEP, Has GC Run: true, WorldChunk{x=22, z=8, flags=00000000000000000000000000000100}, Hook: com.hypixel.hytale.server.core.modules.block.BlockModule$$Lambda/0x00000000b41a5000@1d77d9c6
[2026/02/05 18:59:23 SEVERE]                 [World|default] Took too long to run pre-load process hook for chunk: 36ms 985us 800ns > TICK_STEP, WorldChunk{x=22, z=4, flags=00000000000000000000000000000100}, Hook: com.hypixel.hytale.server.core.modules.block.BlockModule$$Lambda/0x00000000b41a5000@1d77d9c6
[2026/02/05 18:59:25   WARN]                    [Spawning|P] Marker 779d77c5-5a32-3914-97d3-c442d2f0a469 at Vector3d{x=1251.7633819580078, y=38.000099182128906, z=65.72421264648438} removed due to repeated spawning fails of Skeleton_Incandescent_Fighter with reason: TOO_HIGH
[2026/02/05 18:59:25 SEVERE]                 [World|default] Took too long to run pre-load process hook for chunk: 51ms 321us 200ns > TICK_STEP, WorldChunk{x=36, z=-8, flags=00000000000000000000000000000100}, Hook: com.hypixel.hytale.server.core.modules.block.BlockModule$$Lambda/0x00000000b41a5000@1d77d9c6
[2026/02/05 18:59:26 SEVERE]                    [ChunkStore] Took too long to pre-load process chunk: 36ms 156us 900ns > TICK_STEP, Has GC Run: false, WorldChunk{x=42, z=-3, flags=00000000000000000000000000000100}
[2026/02/05 18:59:26 SEVERE]                 [World|default] Took too long to run pre-load process hook for chunk: 38ms 747us > TICK_STEP, WorldChunk{x=42, z=6, flags=00000000000000000000000000000100}, Hook: com.hypixel.hytale.builtin.fluid.FluidPlugin$$Lambda/0x00000000b42d1c00@6ae1d5f1
[2026/02/05 18:59:26 SEVERE]                    [ChunkStore] Took too long to pre-load process chunk: 34ms 708us 400ns > TICK_STEP, Has GC Run: false, WorldChunk{x=42, z=9, flags=00000000000000000000000000000100}
[2026/02/05 18:59:26 SEVERE]                 [World|default] Took too long to run pre-load process hook for chunk: 36ms 433us 900ns > TICK_STEP, WorldChunk{x=42, z=10, flags=00000000000000000000000000000100}, Hook: com.hypixel.hytale.builtin.fluid.FluidPlugin$$Lambda/0x00000000b42d1c00@6ae1d5f1
[2026/02/05 18:59:27 SEVERE]                    [ChunkStore] Took too long to pre-load process chunk: 43ms 609us 100ns > TICK_STEP, Has GC Run: false, WorldChunk{x=43, z=-1, flags=00000000000000000000000000000100}
[2026/02/05 18:59:27 SEVERE]                 [World|default] Took too long to run pre-load process hook for chunk: 165ms 461us 200ns > TICK_STEP, WorldChunk{x=43, z=9, flags=00000000000000000000000000000100}, Hook: com.hypixel.hytale.server.core.modules.block.BlockModule$$Lambda/0x00000000b41a5000@1d77d9c6
[2026/02/05 18:59:28 SEVERE]                 [World|default] Took too long to run pre-load process hook for chunk: 33ms 749us 300ns > TICK_STEP, WorldChunk{x=36, z=11, flags=00000000000000000000000000000100}, Hook: com.hypixel.hytale.builtin.blocktick.BlockTickPlugin$$Lambda/0x00000000b4043c00@255d4d7
[2026/02/05 18:59:28 SEVERE]                 [World|default] Took too long to run pre-load process hook for chunk: 45ms 577us 300ns > TICK_STEP, WorldChunk{x=28, z=11, flags=00000000000000000000000000000100}, Hook: com.hypixel.hytale.server.core.modules.block.BlockModule$$Lambda/0x00000000b41a5000@1d77d9c6
[2026/02/05 18:59:29   WARN]                    [Spawning|P] Marker ac83e552-17ab-3f7c-bbbd-fde7edc70026 at Vector3d{x=1313.8570098876953, y=37.0, z=-48.971229553222656} removed due to repeated spawning fails of Skeleton_Incandescent_Fighter with reason: NO_ROOM
[2026/02/05 18:59:29   WARN]                    [Spawning|P] Marker 476ea544-ef1d-3089-897c-13416c51c246 at Vector3d{x=1201.2702660034179, y=59.00080738525385, z=-163.3131230957031} removed due to repeated spawning fails of Goblin_Thief with reason: NO_ROOM
[2026/02/05 18:59:30 SEVERE]                 [World|default] Took too long to run pre-load process hook for chunk: 40ms 652us 700ns > TICK_STEP, Has GC Run: true, WorldChunk{x=44, z=5, flags=00000000000000000000000000000100}, Hook: com.hypixel.hytale.server.core.modules.block.BlockModule$$Lambda/0x00000000b41a5000@1d77d9c6
[2026/02/05 18:59:30 SEVERE]                 [World|default] Took too long to run pre-load process hook for chunk: 35ms 407us 900ns > TICK_STEP, WorldChunk{x=44, z=4, flags=00000000000000000000000000000100}, Hook: com.hypixel.hytale.builtin.fluid.FluidPlugin$$Lambda/0x00000000b42d1c00@6ae1d5f1
[2026/02/05 18:59:30 SEVERE]                 [World|default] Took too long to run pre-load process hook for chunk: 40ms 528us 100ns > TICK_STEP, Has GC Run: true, WorldChunk{x=40, z=-9, flags=00000000000000000000000000000100}, Hook: com.hypixel.hytale.server.core.modules.block.BlockModule$$Lambda/0x00000000b41a5000@1d77d9c6
[2026/02/05 18:59:31 SEVERE]                 [World|default] Took too long to run pre-load process hook for chunk: 36ms 52us 500ns > TICK_STEP, Has GC Run: true, WorldChunk{x=45, z=7, flags=00000000000000000000000000000100}, Hook: com.hypixel.hytale.builtin.fluid.FluidPlugin$$Lambda/0x00000000b42d1c00@6ae1d5f1
[2026/02/05 18:59:32 SEVERE]                 [World|default] Took too long to run pre-load process hook for chunk: 77ms 412us 100ns > TICK_STEP, Has GC Run: true, WorldChunk{x=45, z=6, flags=00000000000000000000000000000100}, Hook: com.hypixel.hytale.builtin.fluid.FluidPlugin$$Lambda/0x00000000b42d1c00@6ae1d5f1
[2026/02/05 18:59:32 SEVERE]                 [World|default] Took too long to run pre-load process hook for chunk: 81ms 883us 500ns > TICK_STEP, Has GC Run: true, WorldChunk{x=45, z=11, flags=00000000000000000000000000000100}, Hook: com.hypixel.hytale.builtin.fluid.FluidPlugin$$Lambda/0x00000000b42d1c00@6ae1d5f1
[2026/02/05 18:59:32 SEVERE]                 [World|default] Took too long to run pre-load process hook for chunk: 36ms 40us 600ns > TICK_STEP, WorldChunk{x=45, z=-4, flags=00000000000000000000000000000100}, Hook: com.hypixel.hytale.server.core.modules.block.BlockModule$$Lambda/0x00000000b41a5000@1d77d9c6
[2026/02/05 18:59:32   WARN]                    [Spawning|P] Marker a12234f7-d31a-3408-b337-4b79e5c94153 at Vector3d{x=1321.8570098876953, y=37.0, z=-92.97122955322266} removed due to repeated spawning fails of Skeleton_Incandescent_Fighter with reason: NO_ROOM
[2026/02/05 18:59:33 SEVERE]                 [World|default] Took too long to run pre-load process hook for chunk: 43ms 56us 600ns > TICK_STEP, Has GC Run: true, WorldChunk{x=45, z=-9, flags=00000000000000000000000000000100}, Hook: com.hypixel.hytale.server.core.modules.block.BlockModule$$Lambda/0x00000000b41a5000@1d77d9c6
[2026/02/05 18:59:33 SEVERE]                    [ChunkStore] Took too long to pre-load process chunk: 36ms 260us 800ns > TICK_STEP, Has GC Run: false, WorldChunk{x=46, z=-9, flags=00000000000000000000000000000100}
[2026/02/05 18:59:33   WARN]                 [World|default] Task took 84ms 667us 500ns ns: com.horsefollow.ItemConsume$$Lambda/0x00000000b3abbc00@32f694de
[2026/02/05 18:59:33 SEVERE]                    [ChunkStore] Took too long to pre-load process chunk: 34ms 515us 200ns > TICK_STEP, Has GC Run: true, WorldChunk{x=46, z=-2, flags=00000000000000000000000000000100}
[2026/02/05 18:59:33 SEVERE]                 [World|default] Took too long to run pre-load process hook for chunk: 121ms 201us 400ns > TICK_STEP, WorldChunk{x=46, z=-7, flags=00000000000000000000000000000100}, Hook: com.hypixel.hytale.server.core.modules.block.BlockModule$$Lambda/0x00000000b41a5000@1d77d9c6
[2026/02/05 18:59:33 SEVERE]                 [World|default] Took too long to run pre-load process hook for chunk: 55ms 998us 900ns > TICK_STEP, WorldChunk{x=46, z=-4, flags=00000000000000000000000000000100}, Hook: com.hypixel.hytale.server.core.modules.block.BlockModule$$Lambda/0x00000000b41a5000@1d77d9c6
[2026/02/05 18:59:33 SEVERE]                 [World|default] Took too long to run pre-load process hook for chunk: 148ms 305us 800ns > TICK_STEP, Has GC Run: true, WorldChunk{x=46, z=-3, flags=00000000000000000000000000000100}, Hook: com.hypixel.hytale.server.core.modules.block.BlockModule$$Lambda/0x00000000b41a5000@1d77d9c6
[2026/02/05 18:59:33 SEVERE]                 [World|default] Took too long to run pre-load process hook for chunk: 85ms 37us 800ns > TICK_STEP, WorldChunk{x=46, z=0, flags=00000000000000000000000000000100}, Hook: com.hypixel.hytale.server.core.modules.block.BlockModule$$Lambda/0x00000000b41a5000@1d77d9c6
[2026/02/05 18:59:34 SEVERE]                    [ChunkStore] Took too long to pre-load process chunk: 34ms 659us 500ns > TICK_STEP, Has GC Run: false, WorldChunk{x=46, z=5, flags=00000000000000000000000000000100}
[2026/02/05 18:59:34 SEVERE]                 [World|default] Took too long to run pre-load process hook for chunk: 41ms 623us 300ns > TICK_STEP, WorldChunk{x=47, z=1, flags=00000000000000000000000000000100}, Hook: com.hypixel.hytale.server.core.modules.block.BlockModule$$Lambda/0x00000000b41a5000@1d77d9c6
[2026/02/05 18:59:34 SEVERE]                    [ChunkStore] Took too long to pre-load process chunk: 47ms 745us 300ns > TICK_STEP, Has GC Run: false, WorldChunk{x=47, z=6, flags=00000000000000000000000000000100}
[2026/02/05 18:59:35 SEVERE]                 [World|default] Took too long to run pre-load process hook for chunk: 62ms 956us 900ns > TICK_STEP, WorldChunk{x=47, z=9, flags=00000000000000000000000000000100}, Hook: com.hypixel.hytale.builtin.fluid.FluidPlugin$$Lambda/0x00000000b42d1c00@6ae1d5f1
[2026/02/05 18:59:35 SEVERE]                 [World|default] Took too long to run pre-load process hook for chunk: 33ms 515us 900ns > TICK_STEP, WorldChunk{x=47, z=2, flags=00000000000000000000000000000100}, Hook: com.hypixel.hytale.builtin.blocktick.BlockTickPlugin$$Lambda/0x00000000b4043c00@255d4d7
[2026/02/05 18:59:35   WARN]                 [World|default] Task took 72ms 635us 800ns ns: com.horsefollow.ItemConsume$$Lambda/0x00000000b3abbc00@491991b8
[2026/02/05 18:59:35 SEVERE]                 [World|default] Took too long to run pre-load process hook for chunk: 48ms 629us > TICK_STEP, WorldChunk{x=40, z=12, flags=00000000000000000000000000000100}, Hook: com.hypixel.hytale.builtin.blocktick.BlockTickPlugin$$Lambda/0x00000000b4043c00@255d4d7
[2026/02/05 18:59:36 SEVERE]                    [ChunkStore] Took too long to pre-load process chunk: 33ms 780us 300ns > TICK_STEP, Has GC Run: false, WorldChunk{x=33, z=12, flags=00000000000000000000000000000100}
[2026/02/05 18:59:36 SEVERE]                 [World|default] Took too long to run pre-load process hook for chunk: 56ms 607us 400ns > TICK_STEP, WorldChunk{x=26, z=12, flags=00000000000000000000000000000100}, Hook: com.hypixel.hytale.server.core.modules.block.BlockModule$$Lambda/0x00000000b41a5000@1d77d9c6
[2026/02/05 18:59:36 SEVERE]                 [World|default] Took too long to run pre-load process hook for chunk: 67ms 975us 100ns > TICK_STEP, WorldChunk{x=25, z=12, flags=00000000000000000000000000000100}, Hook: com.hypixel.hytale.server.core.modules.block.BlockModule$$Lambda/0x00000000b41a5000@1d77d9c6
[2026/02/05 18:59:36 SEVERE]                    [ChunkStore] Took too long to pre-load process chunk: 39ms 291us 600ns > TICK_STEP, Has GC Run: false, WorldChunk{x=25, z=-10, flags=00000000000000000000000000000100}
[2026/02/05 18:59:37 SEVERE]                 [World|default] Took too long to run pre-load process hook for chunk: 64ms 586us 300ns > TICK_STEP, WorldChunk{x=48, z=-1, flags=00000000000000000000000000000100}, Hook: com.hypixel.hytale.server.core.modules.block.BlockModule$$Lambda/0x00000000b41a5000@1d77d9c6
[2026/02/05 18:59:37 SEVERE]                 [World|default] Took too long to run pre-load process hook for chunk: 39ms 761us 900ns > TICK_STEP, WorldChunk{x=48, z=1, flags=00000000000000000000000000000100}, Hook: com.hypixel.hytale.server.core.modules.block.BlockModule$$Lambda/0x00000000b41a5000@1d77d9c6
[2026/02/05 18:59:37 SEVERE]                    [ChunkStore] Took too long to pre-load process chunk: 52ms 926us 300ns > TICK_STEP, Has GC Run: false, WorldChunk{x=48, z=6, flags=00000000000000000000000000000100}
[2026/02/05 18:59:37 SEVERE]                 [World|default] Took too long to run pre-load process hook for chunk: 56ms 980us 200ns > TICK_STEP, WorldChunk{x=48, z=8, flags=00000000000000000000000000000100}, Hook: com.hypixel.hytale.builtin.fluid.FluidPlugin$$Lambda/0x00000000b42d1c00@6ae1d5f1
[2026/02/05 18:59:39 SEVERE]                    [ChunkStore] Took too long to pre-load process chunk: 41ms 98us 500ns > TICK_STEP, Has GC Run: false, WorldChunk{x=46, z=-10, flags=00000000000000000000000000000100}
[2026/02/05 18:59:39   WARN]                    [Spawning|P] Marker 5c34fff3-d29e-36e2-a296-5220e618020b at Vector3d{x=1315.8570098876953, y=37.0, z=-187.97122955322266} removed due to repeated spawning fails of Skeleton_Incandescent_Fighter with reason: NO_ROOM
[2026/02/05 18:59:39   WARN]                    [Spawning|P] Marker 144b5e96-8011-3e63-8f8c-c28c1bc037f9 at Vector3d{x=1460.3093662261963, y=34.0, z=-52.34469985961914} removed due to repeated spawning fails of Skeleton_Incandescent_Head with reason: TOO_HIGH
[2026/02/05 18:59:39 SEVERE]                 [World|default] Took too long to run pre-load process hook for chunk: 98ms 92us 600ns > TICK_STEP, WorldChunk{x=49, z=-5, flags=00000000000000000000000000000100}, Hook: com.hypixel.hytale.server.core.modules.block.BlockModule$$Lambda/0x00000000b41a5000@1d77d9c6
[2026/02/05 18:59:39 SEVERE]                    [ChunkStore] Took too long to pre-load process chunk: 34ms 951us 200ns > TICK_STEP, Has GC Run: true, WorldChunk{x=49, z=0, flags=00000000000000000000000000000100}
[2026/02/05 18:59:40 SEVERE]                 [World|default] Took too long to run pre-load process hook for chunk: 57ms 822us 200ns > TICK_STEP, WorldChunk{x=49, z=2, flags=00000000000000000000000000000100}, Hook: com.hypixel.hytale.server.core.modules.block.BlockModule$$Lambda/0x00000000b41a5000@1d77d9c6
[2026/02/05 18:59:40 SEVERE]                 [World|default] Took too long to run pre-load process hook for chunk: 57ms 9us 300ns > TICK_STEP, WorldChunk{x=49, z=6, flags=00000000000000000000000000000100}, Hook: com.hypixel.hytale.builtin.fluid.FluidPlugin$$Lambda/0x00000000b42d1c00@6ae1d5f1
[2026/02/05 18:59:40 SEVERE]                 [World|default] Took too long to run pre-load process hook for chunk: 54ms 259us 700ns > TICK_STEP, WorldChunk{x=49, z=7, flags=00000000000000000000000000000100}, Hook: com.hypixel.hytale.builtin.fluid.FluidPlugin$$Lambda/0x00000000b42d1c00@6ae1d5f1
[2026/02/05 18:59:40 SEVERE]                 [World|default] Took too long to run pre-load process hook for chunk: 39ms 66us 800ns > TICK_STEP, WorldChunk{x=49, z=6, flags=00000000000000000000000000000100}, Hook: com.hypixel.hytale.builtin.blocktick.BlockTickPlugin$$Lambda/0x00000000b4043c00@255d4d7
[2026/02/05 18:59:40 SEVERE]                 [World|default] Took too long to run pre-load process hook for chunk: 70ms 602us 100ns > TICK_STEP, WorldChunk{x=49, z=9, flags=00000000000000000000000000000100}, Hook: com.hypixel.hytale.builtin.fluid.FluidPlugin$$Lambda/0x00000000b42d1c00@6ae1d5f1
[2026/02/05 18:59:40 SEVERE]                 [World|default] Took too long to run pre-load process hook for chunk: 52ms 548us 100ns > TICK_STEP, WorldChunk{x=49, z=9, flags=00000000000000000000000000000100}, Hook: com.hypixel.hytale.server.core.modules.block.BlockModule$$Lambda/0x00000000b41a5000@1d77d9c6
[2026/02/05 18:59:40 SEVERE]                 [World|default] Took too long to run pre-load process hook for chunk: 46ms 195us 600ns > TICK_STEP, WorldChunk{x=49, z=11, flags=00000000000000000000000000000100}, Hook: com.hypixel.hytale.builtin.fluid.FluidPlugin$$Lambda/0x00000000b42d1c00@6ae1d5f1
[2026/02/05 18:59:40 SEVERE]                 [World|default] Took too long to run pre-load process hook for chunk: 51ms 132us 600ns > TICK_STEP, WorldChunk{x=49, z=12, flags=00000000000000000000000000000100}, Hook: com.hypixel.hytale.builtin.fluid.FluidPlugin$$Lambda/0x00000000b42d1c00@6ae1d5f1
[2026/02/05 18:59:40 SEVERE]                 [World|default] Took too long to run pre-load process hook for chunk: 67ms 141us 200ns > TICK_STEP, WorldChunk{x=49, z=12, flags=00000000000000000000000000000100}, Hook: com.hypixel.hytale.server.core.modules.block.BlockModule$$Lambda/0x00000000b41a5000@1d77d9c6
[2026/02/05 18:59:40 SEVERE]                    [ChunkStore] Took too long to pre-load process chunk: 35ms 751us 400ns > TICK_STEP, Has GC Run: true, WorldChunk{x=50, z=-8, flags=00000000000000000000000000000100}
[2026/02/05 18:59:41 SEVERE]                 [World|default] Took too long to run pre-load process hook for chunk: 144ms 324us 800ns > TICK_STEP, WorldChunk{x=50, z=-9, flags=00000000000000000000000000000100}, Hook: com.hypixel.hytale.server.core.modules.block.BlockModule$$Lambda/0x00000000b41a5000@1d77d9c6
[2026/02/05 18:59:41 SEVERE]                 [World|default] Took too long to run pre-load process hook for chunk: 43ms 448us 400ns > TICK_STEP, Has GC Run: true, WorldChunk{x=50, z=-4, flags=00000000000000000000000000000100}, Hook: com.hypixel.hytale.server.core.modules.block.BlockModule$$Lambda/0x00000000b41a5000@1d77d9c6
[2026/02/05 18:59:43   WARN]                    [Spawning|P] Marker 4be8792d-b211-3597-9bc6-48e6f9c6b038 at Vector3d{x=1460.4944915771484, y=42.0, z=-72.90221214294434} removed due to repeated spawning fails of Skeleton_Incandescent_Mage with reason: TOO_HIGH
[2026/02/05 18:59:47 SEVERE]                    [ChunkStore] Took too long to pre-load process chunk: 34ms 148us 500ns > TICK_STEP, Has GC Run: true, WorldChunk{x=48, z=13, flags=00000000000000000000000000000100}
[2026/02/05 18:59:47 SEVERE]                    [ChunkStore] Took too long to pre-load process chunk: 42ms 468us 500ns > TICK_STEP, Has GC Run: false, WorldChunk{x=49, z=13, flags=00000000000000000000000000000100}
[2026/02/05 18:59:47 SEVERE]                    [ChunkStore] Took too long to pre-load process chunk: 34ms 734us 300ns > TICK_STEP, Has GC Run: false, WorldChunk{x=47, z=13, flags=00000000000000000000000000000100}
[2026/02/05 18:59:47 SEVERE]                 [World|default] Took too long to run pre-load process hook for chunk: 54ms 900us 900ns > TICK_STEP, WorldChunk{x=44, z=13, flags=00000000000000000000000000000100}, Hook: com.hypixel.hytale.builtin.fluid.FluidPlugin$$Lambda/0x00000000b42d1c00@6ae1d5f1
[2026/02/05 18:59:47 SEVERE]                 [World|default] Took too long to run pre-load process hook for chunk: 40ms 774us 100ns > TICK_STEP, WorldChunk{x=44, z=13, flags=00000000000000000000000000000100}, Hook: com.hypixel.hytale.server.core.modules.block.BlockModule$$Lambda/0x00000000b41a5000@1d77d9c6
[2026/02/05 18:59:47 SEVERE]                 [World|default] Took too long to run pre-load process hook for chunk: 65ms 130us > TICK_STEP, WorldChunk{x=38, z=13, flags=00000000000000000000000000000100}, Hook: com.hypixel.hytale.builtin.fluid.FluidPlugin$$Lambda/0x00000000b42d1c00@6ae1d5f1
[2026/02/05 18:59:47 SEVERE]                 [World|default] Took too long to run pre-load process hook for chunk: 38ms 880us 200ns > TICK_STEP, WorldChunk{x=38, z=13, flags=00000000000000000000000000000100}, Hook: com.hypixel.hytale.builtin.blocktick.BlockTickPlugin$$Lambda/0x00000000b4043c00@255d4d7
[2026/02/05 18:59:48 SEVERE]                    [ChunkStore] Took too long to pre-load process chunk: 49ms 461us 400ns > TICK_STEP, Has GC Run: false, WorldChunk{x=50, z=-1, flags=00000000000000000000000000000100}
[2026/02/05 18:59:48 SEVERE]                    [ChunkStore] Took too long to pre-load process chunk: 33ms 433us 900ns > TICK_STEP, Has GC Run: false, WorldChunk{x=50, z=-3, flags=00000000000000000000000000000100}
[2026/02/05 18:59:48 SEVERE]                 [World|default] Took too long to run pre-load process hook for chunk: 149ms 473us 900ns > TICK_STEP, WorldChunk{x=50, z=2, flags=00000000000000000000000000000100}, Hook: com.hypixel.hytale.server.core.modules.block.BlockModule$$Lambda/0x00000000b41a5000@1d77d9c6
[2026/02/05 18:59:48   WARN]                    [Spawning|P] Marker 31fbbd42-524e-3913-b548-e6ec54a1962d at Vector3d{x=1448.200596875004, y=85.31690979003906, z=270.1792152343787} removed due to repeated spawning fails of Bluegill with reason: TOO_HIGH
[2026/02/05 18:59:48   WARN]                    [Spawning|P] Marker c1beb212-7eb7-3eaa-b7c6-0e86bd7cdf8d at Vector3d{x=1379.200596875004, y=85.31690979003906, z=291.1792152343787} removed due to repeated spawning fails of Tang_Blue with reason: TOO_HIGH
[2026/02/05 18:59:50 SEVERE]                    [ChunkStore] Took too long to pre-load process chunk: 43ms 368us 400ns > TICK_STEP, Has GC Run: false, WorldChunk{x=47, z=14, flags=00000000000000000000000000000100}
[2026/02/05 18:59:50 SEVERE]                 [World|default] Took too long to run pre-load process hook for chunk: 40ms 409us 800ns > TICK_STEP, WorldChunk{x=50, z=14, flags=00000000000000000000000000000100}, Hook: com.hypixel.hytale.builtin.blocktick.BlockTickPlugin$$Lambda/0x00000000b4043c00@255d4d7
[2026/02/05 18:59:50 SEVERE]                    [ChunkStore] Took too long to pre-load process chunk: 35ms 314us 800ns > TICK_STEP, Has GC Run: false, WorldChunk{x=28, z=14, flags=00000000000000000000000000000100}
[2026/02/05 18:59:51 SEVERE]                 [World|default] Took too long to run pre-load process hook for chunk: 91ms 670us 900ns > TICK_STEP, WorldChunk{x=51, z=3, flags=00000000000000000000000000000100}, Hook: com.hypixel.hytale.server.core.modules.block.BlockModule$$Lambda/0x00000000b41a5000@1d77d9c6
[2026/02/05 18:59:51 SEVERE]                 [World|default] Took too long to run pre-load process hook for chunk: 41ms 302us 100ns > TICK_STEP, WorldChunk{x=51, z=9, flags=00000000000000000000000000000100}, Hook: com.hypixel.hytale.server.core.modules.block.BlockModule$$Lambda/0x00000000b41a5000@1d77d9c6
[2026/02/05 18:59:51   INFO]                        [Hytale] 768c6cbd-0c10-4fdf-9010-541faf4bd7bc - Dazzakeen at QuicConnectionAddress{connId=2498d86b347979f8a2f6c8262a9568eb18ca113f} (/127.0.0.1:59994, streamId=0) left with reason: Disconnect - Player leave
[2026/02/05 18:59:51   INFO]                [CommandManager] Console executed command: stop
Shutting down!
[2026/02/05 18:59:51   WARN]                 [World|default] Task took 62ms 428us 700ns ns: com.horsefollow.ItemConsume$$Lambda/0x00000000b3abbc00@3a64061
[2026/02/05 18:59:51 SEVERE]                 [World|default] Took too long to run pre-load process hook for chunk: 34ms 228us 900ns > TICK_STEP, WorldChunk{x=51, z=15, flags=00000000000000000000000000000100}, Hook: com.hypixel.hytale.builtin.fluid.FluidPlugin$$Lambda/0x00000000b42d1c00@6ae1d5f1
[2026/02/05 18:59:51   INFO]                        [Hytale] {Playing(null (null, streamId=0)), 768c6cbd-0c10-4fdf-9010-541faf4bd7bc, Dazzakeen} was closed.
[2026/02/05 18:59:51   INFO]                    [Universe|P] Removing player 'Dazzakeen' (768c6cbd-0c10-4fdf-9010-541faf4bd7bc)
[2026/02/05 18:59:51   INFO]                  [HytaleServer] Shutdown triggered!!!
[2026/02/05 18:59:51   INFO]                  [HytaleServer] Shutting down... 0  'null'
[2026/02/05 18:59:51   INFO]                 [QUICTransport] Connection closed: QuicheQuicConnectionStats[recv=9337, sent=30836, lost=0, retrans=2, sentBytes=19290617, recvBytes=967348, lostBytes=0, streamRetransBytes=66, pathsCount=1]
[2026/02/05 18:59:51   INFO]                        [Hytale] Disconnecting Dazzakeen at null (null, streamId=0) with the message: Stopping server!
[2026/02/05 18:59:51   INFO]                    [Universe|P] Removing player 'Dazzakeen' (768c6cbd-0c10-4fdf-9010-541faf4bd7bc)
[2026/02/05 18:59:51   INFO]               [ServerManager|P] Closed listener [id: 0xe7a1d6ce, L:/127.0.0.1:55674] and took 2ms 510us
[2026/02/05 18:59:51   INFO]               [ServerManager|P] Closed listener [id: 0xb3330b18, L:/[0:0:0:0:0:0:0:1]:55674] and took 157us 400ns
[2026/02/05 18:59:51 SEVERE]                 [World|default] Took too long to run pre-load process hook for chunk: 51ms 485us > TICK_STEP, WorldChunk{x=45, z=15, flags=00000000000000000000000000000100}, Hook: com.hypixel.hytale.builtin.fluid.FluidPlugin$$Lambda/0x00000000b42d1c00@6ae1d5f1
[2026/02/05 18:59:51   INFO]                 [World|default] Stopping world default...
[2026/02/05 18:59:51   INFO]                 [World|default] Stopping background threads...
[2026/02/05 18:59:51   INFO]                  [Objectives|P] Checking objectives for disconnecting player 'Dazzakeen' (768c6cbd-0c10-4fdf-9010-541faf4bd7bc)
[2026/02/05 18:59:51   INFO]                  [Objectives|P] Processing 0 active objectives for 'Dazzakeen' (768c6cbd-0c10-4fdf-9010-541faf4bd7bc)
[2026/02/05 18:59:51   INFO]                 [PlayerSystems] Removing player 'Dazzakeen (Dazzakeen)' from world 'default' (768c6cbd-0c10-4fdf-9010-541faf4bd7bc)
[2026/02/05 18:59:51   INFO]                    [Universe|P] No players left on singleplayer server shutting down!
[2026/02/05 18:59:51   WARN]                    [Universe|P] Timeout or error waiting for player 'Dazzakeen' removal from world store
java.util.concurrent.CompletionException: java.lang.IllegalStateException: Invalid entity reference!
	at java.base/java.util.concurrent.CompletableFuture.wrapInCompletionException(Unknown Source)
	at java.base/java.util.concurrent.CompletableFuture.encodeThrowable(Unknown Source)
	at java.base/java.util.concurrent.CompletableFuture.completeThrowable(Unknown Source)
	at java.base/java.util.concurrent.CompletableFuture$AsyncRun.run(Unknown Source)
	at com.hypixel.hytale.server.core.universe.world.World.consumeTaskQueue(World.java:904)
	at com.hypixel.hytale.server.core.universe.world.World.onShutdown(World.java:440)
	at com.hypixel.hytale.server.core.util.thread.TickingThread.run(TickingThread.java:109)
	at java.base/java.lang.Thread.run(Unknown Source)
Caused by: java.lang.IllegalStateException: Invalid entity reference!
	at com.hypixel.hytale.component.Ref.validate(Ref.java:59)
	at com.hypixel.hytale.component.Store.__internal_getComponent(Store.java:1222)
	at com.hypixel.hytale.component.Store.getComponent(Store.java:1216)
	at com.hypixel.hytale.server.core.universe.Universe.lambda$removePlayer$0(Universe.java:1015)
	... 5 more
Caused by: java.lang.Throwable
	at com.hypixel.hytale.component.Ref.invalidate(Ref.java:55)
	at com.hypixel.hytale.component.Store.removeEntity(Store.java:879)
	at com.hypixel.hytale.component.Store.removeEntity(Store.java:819)
	at com.hypixel.hytale.component.Store.removeEntity(Store.java:813)
	at com.hypixel.hytale.server.core.universe.PlayerRef.removeFromStore(PlayerRef.java:244)
	at com.hypixel.hytale.server.core.entity.entities.Player.remove(Player.java:318)
	at com.hypixel.hytale.server.core.universe.Universe.lambda$removePlayer$0(Universe.java:1017)
	... 5 more

[2026/02/05 18:59:51   INFO]                    [Universe|P] No players left on singleplayer server shutting down!
[2026/02/05 18:59:51   INFO]                 [World|default] Removing players...
[2026/02/05 18:59:51   INFO]                 [World|default] Waiting for loading chunks...
[2026/02/05 18:59:51   INFO]                 [World|default] Shutting down stores...
-=|Saving world 'default'|0
[2026/02/05 18:59:51   INFO]                 [World|default] Shutting down chunk generator...
[2026/02/05 18:59:51   INFO]                 [World|default] Saving Chunks...
[2026/02/05 18:59:51   INFO]                 [World|default] Queuing Chunks...
[2026/02/05 18:59:51   INFO]                 [World|default] Saving All Chunks...
[2026/02/05 18:59:51   INFO]                [WorldGenerator] ChunkGenerator-0 executor shutdown complete
-=|Saving world default chunks|4.0
-=|Saving world default chunks|9.0
-=|Saving world default chunks|13.0
-=|Saving world default chunks|17.0
-=|Saving world default chunks|22.0
-=|Saving world default chunks|26.0
-=|Saving world default chunks|30.0
-=|Saving world default chunks|35.0
-=|Saving world default chunks|39.0
-=|Saving world default chunks|43.0
-=|Saving world default chunks|48.0
-=|Saving world default chunks|52.0
-=|Saving world default chunks|56.99999999999999
-=|Saving world default chunks|61.0
-=|Saving world default chunks|65.0
-=|Saving world default chunks|70.0
-=|Saving world default chunks|74.0
-=|Saving world default chunks|78.0
-=|Saving world default chunks|83.0
-=|Saving world default chunks|87.0
-=|Saving world default chunks|91.0
[2026/02/05 18:59:51   INFO]                 [World|default] Waiting for Saving Chunks...
-=|Saving world default chunks|96.0
-=|Saving world default chunks|100.0
[2026/02/05 18:59:51   INFO]                 [World|default] Done Saving Chunks!
[2026/02/05 18:59:52   INFO]           [PlayerSavingSystems] Saving Players...
[2026/02/05 18:59:52   INFO]                 [World|default] Saving Config...
[2026/02/05 18:59:52   INFO]                    [Universe|P] Removing world exceptionally: default
-=|Closing world 'default'|0
[2026/02/05 18:59:52   INFO]                 [PluginManager] Saving plugins config...
-=|Shutdown Modules|1.0
[2026/02/05 18:59:52   INFO]                 [PluginManager] Shut down plugin HF:HorseFollow
-=|Shutdown Modules|2.0
[2026/02/05 18:59:52   INFO]                 [PluginManager] Shut down plugin Hytale:NPCObjectives
-=|Shutdown Modules|4.0
[2026/02/05 18:59:52   INFO]                 [PluginManager] Shut down plugin Hytale:Spawning
-=|Shutdown Modules|5.0
[2026/02/05 18:59:52   INFO]                 [PluginManager] Shut down plugin Hytale:NPCReputation
-=|Shutdown Modules|6.0
[2026/02/05 18:59:52   INFO]                 [PluginManager] Shut down plugin Hytale:NPCCombatActionEvaluator
-=|Shutdown Modules|7.000000000000001
[2026/02/05 18:59:52   INFO]                 [PluginManager] Shut down plugin Hytale:Portals
-=|Shutdown Modules|8.0
[2026/02/05 18:59:52   INFO]                 [PluginManager] Shut down plugin Hytale:Beds
-=|Shutdown Modules|10.0
[2026/02/05 18:59:52   INFO]                 [PluginManager] Shut down plugin Hytale:NPCShop
-=|Shutdown Modules|11.0
[2026/02/05 18:59:52   INFO]                 [PluginManager] Shut down plugin Hytale:Memories
-=|Shutdown Modules|12.0
[2026/02/05 18:59:52   INFO]                 [PluginManager] Shut down plugin Hytale:NPCEditor
-=|Shutdown Modules|13.0
[2026/02/05 18:59:52   INFO]                 [PluginManager] Shut down plugin Hytale:Flock
-=|Shutdown Modules|14.000000000000002
[2026/02/05 18:59:52   INFO]                 [PluginManager] Shut down plugin Hytale:Mounts
-=|Shutdown Modules|16.0
[2026/02/05 18:59:52   INFO]                 [PluginManager] Shut down plugin Hytale:NPC
-=|Shutdown Modules|17.0
[2026/02/05 18:59:52   INFO]                 [PluginManager] Shut down plugin Hytale:Camera
-=|Shutdown Modules|18.0
[2026/02/05 18:59:52   INFO]                 [PluginManager] Shut down plugin Hytale:DamageModule
-=|Shutdown Modules|19.0
[2026/02/05 18:59:52   INFO]                 [PluginManager] Shut down plugin Hytale:CreativeHub
-=|Shutdown Modules|20.0
[2026/02/05 18:59:52   INFO]                 [PluginManager] Shut down plugin Hytale:ObjectiveReputation
-=|Shutdown Modules|22.0
[2026/02/05 18:59:52   INFO]                 [PluginManager] Shut down plugin Hytale:ObjectiveShop
-=|Shutdown Modules|23.0
[2026/02/05 18:59:52   INFO]                 [PluginManager] Shut down plugin Hytale:StaminaModule
-=|Shutdown Modules|24.0
[2026/02/05 18:59:52   INFO]                 [PluginManager] Shut down plugin Hytale:Stash
-=|Shutdown Modules|25.0
[2026/02/05 18:59:52   INFO]                 [PluginManager] Shut down plugin Hytale:EntityUIModule
-=|Shutdown Modules|27.0
[2026/02/05 18:59:52   INFO]                 [PluginManager] Shut down plugin Hytale:Path
-=|Shutdown Modules|28.000000000000004
[2026/02/05 18:59:52   INFO]                 [PluginManager] Shut down plugin Hytale:Objectives
-=|Shutdown Modules|28.999999999999996
[2026/02/05 18:59:52   INFO]                 [PluginManager] Shut down plugin Hytale:Instances
-=|Shutdown Modules|30.0
[2026/02/05 18:59:52   INFO]                 [PluginManager] Shut down plugin Hytale:PrefabSpawnerModule
-=|Shutdown Modules|31.0
[2026/02/05 18:59:52   INFO]                 [PluginManager] Shut down plugin Hytale:BlockSpawner
-=|Shutdown Modules|33.0
[2026/02/05 18:59:52   INFO]                 [PluginManager] Shut down plugin Hytale:EntityStatsModule
-=|Shutdown Modules|34.0
[2026/02/05 18:59:52   INFO]                 [PluginManager] Shut down plugin Hytale:ShopReputation
-=|Shutdown Modules|35.0
[2026/02/05 18:59:52   INFO]                 [PluginManager] Shut down plugin Hytale:SingleplayerModule
-=|Shutdown Modules|36.0
[2026/02/05 18:59:52   INFO]                 [PluginManager] Shut down plugin Hytale:Crafting
[2026/02/05 18:59:52   INFO]                        [Shop|P] Barter shop state saved
-=|Shutdown Modules|37.0
[2026/02/05 18:59:52   INFO]                 [PluginManager] Shut down plugin Hytale:Shop
-=|Shutdown Modules|39.0
[2026/02/05 18:59:52   INFO]                 [PluginManager] Shut down plugin Hytale:Fluid
-=|Shutdown Modules|40.0
[2026/02/05 18:59:52   INFO]                 [PluginManager] Shut down plugin Hytale:Farming
-=|Shutdown Modules|41.0
[2026/02/05 18:59:52   INFO]                 [PluginManager] Shut down plugin Hytale:BuilderTools
-=|Shutdown Modules|42.0
[2026/02/05 18:59:52   INFO]                 [PluginManager] Shut down plugin Hytale:BlockPhysics
-=|Shutdown Modules|43.0
[2026/02/05 18:59:52   INFO]                 [PluginManager] Shut down plugin Hytale:Teleporter
-=|Shutdown Modules|45.0
[2026/02/05 18:59:52   INFO]                 [PluginManager] Shut down plugin Hytale:Ambience
-=|Shutdown Modules|46.0
[2026/02/05 18:59:52   INFO]                 [PluginManager] Shut down plugin Hytale:AssetEditor
-=|Shutdown Modules|47.0
[2026/02/05 18:59:52   INFO]                 [PluginManager] Shut down plugin Hytale:BlockStateModule
-=|Shutdown Modules|48.0
[2026/02/05 18:59:52   INFO]                 [PluginManager] Shut down plugin Hytale:WorldGen
-=|Shutdown Modules|49.0
[2026/02/05 18:59:52   INFO]                 [PluginManager] Shut down plugin Hytale:Teleport
-=|Shutdown Modules|51.0
[2026/02/05 18:59:52   INFO]                 [PluginManager] Shut down plugin Hytale:ProjectileModule
-=|Shutdown Modules|52.0
[2026/02/05 18:59:52   INFO]                 [PluginManager] Shut down plugin Hytale:Parkour
-=|Shutdown Modules|53.0
[2026/02/05 18:59:52   INFO]                 [PluginManager] Shut down plugin Hytale:Reputation
-=|Shutdown Modules|54.0
[2026/02/05 18:59:52   INFO]                 [PluginManager] Shut down plugin Hytale:Weather
-=|Shutdown Modules|55.00000000000001
[2026/02/05 18:59:52   INFO]                 [PluginManager] Shut down plugin Hytale:BlockModule
-=|Shutdown Modules|56.99999999999999
[2026/02/05 18:59:52   INFO]                 [PluginManager] Shut down plugin Hytale:BlockTypeModule
-=|Shutdown Modules|57.99999999999999
[2026/02/05 18:59:52   INFO]                 [PluginManager] Shut down plugin Hytale:ConnectedBlocksModule
-=|Shutdown Modules|59.0
[2026/02/05 18:59:52   INFO]                 [PluginManager] Shut down plugin Hytale:ServerPlayerListModule
-=|Shutdown Modules|60.0
[2026/02/05 18:59:52   INFO]                 [PluginManager] Shut down plugin Hytale:InteractionModule
-=|Shutdown Modules|61.0
[2026/02/05 18:59:52   INFO]                 [PluginManager] Shut down plugin Hytale:BlockHealthModule
-=|Shutdown Modules|63.0
[2026/02/05 18:59:52   INFO]                 [PluginManager] Shut down plugin Hytale:BlockTick
-=|Shutdown Modules|64.0
[2026/02/05 18:59:52   INFO]                 [PluginManager] Shut down plugin Hytale:EntityModule
-=|Shutdown Modules|65.0
[2026/02/05 18:59:52   INFO]                 [PluginManager] Shut down plugin Hytale:FlyCameraModule
-=|Shutdown Modules|66.0
[2026/02/05 18:59:52   INFO]                 [PluginManager] Shut down plugin Hytale:BlockSetModule
-=|Shutdown Modules|67.0
[2026/02/05 18:59:52   INFO]                 [PluginManager] Shut down plugin Hytale:Deployables
-=|Shutdown Modules|69.0
[2026/02/05 18:59:52   INFO]                 [PluginManager] Shut down plugin Hytale:PermissionsModule
-=|Shutdown Modules|70.0
[2026/02/05 18:59:52   INFO]                 [PluginManager] Shut down plugin Hytale:Mantling
-=|Shutdown Modules|71.0
[2026/02/05 18:59:52   INFO]                 [PluginManager] Shut down plugin Hytale:LANDiscovery
-=|Shutdown Modules|72.0
[2026/02/05 18:59:52   INFO]                 [PluginManager] Shut down plugin Hytale:LegacyModule
-=|Shutdown Modules|73.0
[2026/02/05 18:59:52   INFO]                 [PluginManager] Shut down plugin Hytale:I18nModule
-=|Shutdown Modules|75.0
[2026/02/05 18:59:52   INFO]                 [PluginManager] Shut down plugin Hytale:CosmeticsModule
-=|Shutdown Modules|76.0
[2026/02/05 18:59:52   INFO]                 [PluginManager] Shut down plugin Hytale:CommonAssetModule
-=|Shutdown Modules|77.0
[2026/02/05 18:59:52   INFO]                 [PluginManager] Shut down plugin Hytale:ItemModule
-=|Shutdown Modules|78.0
[2026/02/05 18:59:52   INFO]                 [PluginManager] Shut down plugin Hytale:HytaleGenerator
-=|Shutdown Modules|80.0
[2026/02/05 18:59:52   INFO]                 [PluginManager] Shut down plugin Hytale:SafetyRoll
-=|Shutdown Modules|81.0
[2026/02/05 18:59:52   INFO]                 [PluginManager] Shut down plugin Hytale:CommandMacro
-=|Shutdown Modules|82.0
[2026/02/05 18:59:52   INFO]                 [PluginManager] Shut down plugin Hytale:AccessControlModule
-=|Shutdown Modules|83.0
[2026/02/05 18:59:52   INFO]                 [PluginManager] Shut down plugin Hytale:UpdateModule
-=|Shutdown Modules|84.0
[2026/02/05 18:59:52   INFO]                 [PluginManager] Shut down plugin Hytale:TagSet
-=|Shutdown Modules|86.0
[2026/02/05 18:59:52   INFO]                 [PluginManager] Shut down plugin Hytale:Universe
-=|Shutdown Modules|87.0
[2026/02/05 18:59:52   INFO]                 [PluginManager] Shut down plugin Hytale:CrouchSlide
-=|Shutdown Modules|88.0
[2026/02/05 18:59:52   INFO]                 [PluginManager] Shut down plugin Hytale:Model
-=|Shutdown Modules|89.0
[2026/02/05 18:59:52   INFO]                 [PluginManager] Shut down plugin Hytale:SplitVelocity
-=|Shutdown Modules|90.0
[2026/02/05 18:59:52   INFO]                 [PluginManager] Shut down plugin Hytale:DebugPlugin
-=|Shutdown Modules|92.0
[2026/02/05 18:59:52   INFO]                 [PluginManager] Shut down plugin Hytale:CollisionModule
-=|Shutdown Modules|93.0
[2026/02/05 18:59:52   INFO]                 [PluginManager] Shut down plugin Hytale:TimeModule
[2026/02/05 18:59:52   INFO]               [ConsoleModule|P] Restoring terminal...
-=|Shutdown Modules|94.0
[2026/02/05 18:59:52   INFO]                 [PluginManager] Shut down plugin Hytale:ConsoleModule
[2026/02/05 18:59:52   INFO]             [PathWatcherThread] Stopped polling for changes in assets. Server will need to be rebooted to load changes!
-=|Shutdown Modules|95.0
[2026/02/05 18:59:52   INFO]                 [PluginManager] Shut down plugin Hytale:AssetModule
-=|Shutdown Modules|96.0
[2026/02/05 18:59:52   INFO]                 [PluginManager] Shut down plugin Hytale:MigrationModule
-=|Shutdown Modules|98.0
[2026/02/05 18:59:52   INFO]                 [PluginManager] Shut down plugin Hytale:SprintForce
[2026/02/05 18:59:52   INFO]                 [QUICTransport] Shutting down workerGroup...
[2026/02/05 18:59:52   INFO]               [ServerManager|P] Finished shutting down ServerManager...
-=|Shutdown Modules|99.0
[2026/02/05 18:59:52   INFO]                 [PluginManager] Shut down plugin Hytale:ServerManager
-=|Shutdown Modules|100.0
[2026/02/05 18:59:52   INFO]                 [PluginManager] Shut down plugin Hytale:WorldLocationCondition
[2026/02/05 18:59:52   INFO]          [SessionServiceClient] Terminating game session...
[2026/02/05 18:59:52   INFO]          [SessionServiceClient] Game session terminated
[2026/02/05 18:59:52   INFO]                  [HytaleServer] Saving config...
[2026/02/05 18:59:52   INFO]                  [HytaleServer] Shutdown completed!
