[2026/02/05 01:18:51   INFO]           [HytaleServer] Starting HytaleServer
[2026/02/05 01:18:51   INFO]           [HytaleServer] Loading config...
[2026/02/05 01:18:51   INFO]           [HytaleServer] Authentication mode: AUTHENTICATED
[2026/02/05 01:18:51   INFO]      [ServerAuthManager] Singleplayer mode, owner: Dazzakeen (768c6cbd-0c10-4fdf-9010-541faf4bd7bc)
[2026/02/05 01:18:51   INFO]      [ServerAuthManager] Session token loaded from CLI
[2026/02/05 01:18:51   INFO]      [ServerAuthManager] Identity token loaded from CLI
[2026/02/05 01:18:51   INFO]   [SessionServiceClient] Session Service client initialized for: https://sessions.hytale.com
[2026/02/05 01:18:52   INFO]   [SessionServiceClient] Successfully fetched JWKS with 1 keys
[2026/02/05 01:18:52   INFO]           [JWTValidator] JWKS loaded with 1 keys (cached permanently)
[2026/02/05 01:18:52   INFO]           [JWTValidator] Identity token validated successfully for user Dazzakeen (UUID: 768c6cbd-0c10-4fdf-9010-541faf4bd7bc)
[2026/02/05 01:18:52   INFO]      [ServerAuthManager] Identity token validated for Dazzakeen (768c6cbd-0c10-4fdf-9010-541faf4bd7bc)
[2026/02/05 01:18:52   INFO]           [JWTValidator] Session token validated successfully (UUID: 768c6cbd-0c10-4fdf-9010-541faf4bd7bc)
[2026/02/05 01:18:52   INFO]      [ServerAuthManager] Session token validated
[2026/02/05 01:18:52   INFO]      [ServerAuthManager] Auth mode: SINGLEPLAYER
[2026/02/05 01:18:53   INFO]      [ServerAuthManager] Token refresh scheduled in 3302 seconds
[2026/02/05 01:18:53   INFO]      [ServerAuthManager] Server session ID: af200d05-6c8a-4f08-9b4b-ede25fb84d3a
[2026/02/05 01:18:53   INFO]           [HytaleServer] Enabling Sentry
[2026/02/05 01:18:54   INFO]           [HytaleServer] Booting up HytaleServer - Version: 2026.01.28-87d03be09, Revision: 87d03be09c7f114f385971a3caa437033671b771
[2026/02/05 01:18:54   INFO]           [HytaleServer] Setup phase...
[2026/02/05 01:18:54   INFO]          [PluginManager] Loading pending core plugins!
[2026/02/05 01:18:54   INFO]          [PluginManager] - Hytale:ConsoleModule
[2026/02/05 01:18:54   INFO]          [PluginManager] - Hytale:PermissionsModule
[2026/02/05 01:18:54   INFO]          [PluginManager] - Hytale:UpdateModule
[2026/02/05 01:18:54   INFO]          [PluginManager] - Hytale:FlyCameraModule
[2026/02/05 01:18:54   INFO]          [PluginManager] - Hytale:AssetModule
[2026/02/05 01:18:54   INFO]          [PluginManager] - Hytale:CommonAssetModule
[2026/02/05 01:18:54   INFO]          [PluginManager] - Hytale:CosmeticsModule
[2026/02/05 01:18:54   INFO]          [PluginManager] - Hytale:ServerManager
[2026/02/05 01:18:54   INFO]          [PluginManager] - Hytale:I18nModule
[2026/02/05 01:18:54   INFO]          [PluginManager] - Hytale:ItemModule
[2026/02/05 01:18:54   INFO]          [PluginManager] - Hytale:BlockTypeModule
[2026/02/05 01:18:54   INFO]          [PluginManager] - Hytale:LegacyModule
[2026/02/05 01:18:54   INFO]          [PluginManager] - Hytale:BlockModule
[2026/02/05 01:18:54   INFO]          [PluginManager] - Hytale:BlockStateModule
[2026/02/05 01:18:54   INFO]          [PluginManager] - Hytale:CollisionModule
[2026/02/05 01:18:54   INFO]          [PluginManager] - Hytale:BlockSetModule
[2026/02/05 01:18:54   INFO]          [PluginManager] - Hytale:MigrationModule
[2026/02/05 01:18:54   INFO]          [PluginManager] - Hytale:BlockHealthModule
[2026/02/05 01:18:54   INFO]          [PluginManager] - Hytale:PrefabSpawnerModule
[2026/02/05 01:18:54   INFO]          [PluginManager] - Hytale:TimeModule
[2026/02/05 01:18:54   INFO]          [PluginManager] - Hytale:InteractionModule
[2026/02/05 01:18:54   INFO]          [PluginManager] - Hytale:EntityModule
[2026/02/05 01:18:54   INFO]          [PluginManager] - Hytale:EntityStatsModule
[2026/02/05 01:18:54   INFO]          [PluginManager] - Hytale:EntityUIModule
[2026/02/05 01:18:54   INFO]          [PluginManager] - Hytale:DamageModule
[2026/02/05 01:18:54   INFO]          [PluginManager] - Hytale:SplitVelocity
[2026/02/05 01:18:54   INFO]          [PluginManager] - Hytale:StaminaModule
[2026/02/05 01:18:54   INFO]          [PluginManager] - Hytale:DebugPlugin
[2026/02/05 01:18:54   INFO]          [PluginManager] - Hytale:ProjectileModule
[2026/02/05 01:18:54   INFO]          [PluginManager] - Hytale:ServerPlayerListModule
[2026/02/05 01:18:54   INFO]          [PluginManager] - Hytale:AccessControlModule
[2026/02/05 01:18:54   INFO]          [PluginManager] - Hytale:SingleplayerModule
[2026/02/05 01:18:54   INFO]          [PluginManager] - Hytale:Universe
[2026/02/05 01:18:54   INFO]          [PluginManager] - Hytale:ConnectedBlocksModule
[2026/02/05 01:18:54   INFO]          [PluginManager] Loading pending classpath plugins!
[2026/02/05 01:18:54   INFO]          [PluginManager] - Hytale:AssetEditor
[2026/02/05 01:18:54   INFO]          [PluginManager] - Hytale:BlockSpawner
[2026/02/05 01:18:54   INFO]          [PluginManager] - Hytale:BlockTick
[2026/02/05 01:18:54   INFO]          [PluginManager] - Hytale:BlockPhysics
[2026/02/05 01:18:54   INFO]          [PluginManager] - Hytale:BuilderTools
[2026/02/05 01:18:54   INFO]          [PluginManager] - Hytale:Crafting
[2026/02/05 01:18:54   INFO]          [PluginManager] - Hytale:CommandMacro
[2026/02/05 01:18:54   INFO]          [PluginManager] - Hytale:Instances
[2026/02/05 01:18:54   INFO]          [PluginManager] - Hytale:LANDiscovery
[2026/02/05 01:18:54   INFO]          [PluginManager] - Hytale:NPC
[2026/02/05 01:18:54   INFO]          [PluginManager] - Hytale:NPCObjectives
[2026/02/05 01:18:54   INFO]          [PluginManager] - Hytale:ObjectiveReputation
[2026/02/05 01:18:54   INFO]          [PluginManager] - Hytale:Objectives
[2026/02/05 01:18:54   INFO]          [PluginManager] - Hytale:ObjectiveShop
[2026/02/05 01:18:54   INFO]          [PluginManager] - Hytale:Path
[2026/02/05 01:18:54   INFO]          [PluginManager] - Hytale:Reputation
[2026/02/05 01:18:54   INFO]          [PluginManager] - Hytale:NPCReputation
[2026/02/05 01:18:54   INFO]          [PluginManager] - Hytale:Shop
[2026/02/05 01:18:54   INFO]          [PluginManager] - Hytale:ShopReputation
[2026/02/05 01:18:54   INFO]          [PluginManager] - Hytale:NPCShop
[2026/02/05 01:18:54   INFO]          [PluginManager] - Hytale:NPCEditor
[2026/02/05 01:18:54   INFO]          [PluginManager] - Hytale:Stash
[2026/02/05 01:18:54   INFO]          [PluginManager] - Hytale:TagSet
[2026/02/05 01:18:54   INFO]          [PluginManager] - Hytale:Teleport
[2026/02/05 01:18:54   INFO]          [PluginManager] - Hytale:Fluid
[2026/02/05 01:18:54   INFO]          [PluginManager] - Hytale:Weather
[2026/02/05 01:18:54   INFO]          [PluginManager] - Hytale:WorldGen
[2026/02/05 01:18:54   INFO]          [PluginManager] - Hytale:Farming
[2026/02/05 01:18:54   INFO]          [PluginManager] - Hytale:Camera
[2026/02/05 01:18:54   INFO]          [PluginManager] - Hytale:WorldLocationCondition
[2026/02/05 01:18:54   INFO]          [PluginManager] - Hytale:NPCCombatActionEvaluator
[2026/02/05 01:18:54   INFO]          [PluginManager] - Hytale:Model
[2026/02/05 01:18:54   INFO]          [PluginManager] - Hytale:Mantling
[2026/02/05 01:18:54   INFO]          [PluginManager] - Hytale:SafetyRoll
[2026/02/05 01:18:54   INFO]          [PluginManager] - Hytale:SprintForce
[2026/02/05 01:18:54   INFO]          [PluginManager] - Hytale:CrouchSlide
[2026/02/05 01:18:54   INFO]          [PluginManager] - Hytale:Parkour
[2026/02/05 01:18:54   INFO]          [PluginManager] - Hytale:Mounts
[2026/02/05 01:18:54   INFO]          [PluginManager] - Hytale:HytaleGenerator
[2026/02/05 01:18:54   INFO]          [PluginManager] - Hytale:Teleporter
[2026/02/05 01:18:54   INFO]          [PluginManager] - Hytale:Memories
[2026/02/05 01:18:54   INFO]          [PluginManager] - Hytale:Deployables
[2026/02/05 01:18:54   INFO]          [PluginManager] - Hytale:Portals
[2026/02/05 01:18:54   INFO]          [PluginManager] - Hytale:Beds
[2026/02/05 01:18:54   INFO]          [PluginManager] - Hytale:Ambience
[2026/02/05 01:18:54   INFO]          [PluginManager] - Hytale:CreativeHub
[2026/02/05 01:18:54   INFO]          [PluginManager] Loading pending plugins from directory: mods
[2026/02/05 01:18:54   INFO]          [PluginManager] Loading pending plugins from directory: C:\Users\mateu\AppData\Roaming\Hytale\UserData\Mods
[2026/02/05 01:18:54   INFO]          [PluginManager] - HF:HorseFollow from path horsefollow.jar
[2026/02/05 01:18:54   INFO]             [Universe|P] Scheduled backup to run every 30 minute(s)
-=|Setup|1.0
-=|Setup|2.0
-=|Setup|4.0
-=|Setup|5.0
[2026/02/05 01:18:54   INFO]          [AssetModule|P] Asset monitor enabled!
[2026/02/05 01:18:54   INFO]          [AssetModule|P] Loaded pack: Hytale:Hytale from Assets.zip
[2026/02/05 01:18:54   INFO]          [AssetModule|P] Loading packs from directory: mods
[2026/02/05 01:18:54   INFO]          [AssetModule|P] Loaded pack: HF:HF_HorseFollow from HF_HorseFollow
[2026/02/05 01:18:54   WARN]          [AssetModule|P] Skipping pack at Hytale_Shop: missing or invalid manifest.json
[2026/02/05 01:18:54   INFO]          [AssetModule|P] Loading packs from directory: C:\Users\mateu\AppData\Roaming\Hytale\UserData\Mods
[2026/02/05 01:18:54   INFO]          [AssetModule|P] Skipped disabled pack: cali19:TravelingMounts
-=|Setup|6.0
[2026/02/05 01:18:55   INFO]        [ConsoleModule|P] Setup console with type: dumb
-=|Setup|7.000000000000001
-=|Setup|8.0
-=|Setup|10.0
-=|Setup|11.0
-=|Setup|12.0
-=|Setup|13.0
-=|Setup|14.000000000000002
-=|Setup|16.0
-=|Setup|17.0
-=|Setup|18.0
-=|Setup|19.0
-=|Setup|20.0
-=|Setup|22.0
[2026/02/05 01:18:55   INFO]      [ServerAuthManager] Server certificate set: CN=localhost
[2026/02/05 01:18:55   INFO]          [QUICTransport] Server certificate registered for mutual auth, fingerprint: L2YVpxsBBUfXHsVang61URn6Fdwtz2NvJYRU7fl3pKg
[2026/02/05 01:18:55   INFO]          [QUICTransport] Using IPv4 Datagram Channel: NioDatagramChannel(INET)...
[2026/02/05 01:18:55   INFO]          [QUICTransport] Using IPv6 Datagram Channel: NioDatagramChannel(INET6)...
[2026/02/05 01:18:55   INFO]        [ServerManager|P] Took 1sec 290ms 675us 400ns to setup transport!
-=|Setup|23.0
-=|Setup|24.0
-=|Setup|25.0
-=|Setup|27.0
-=|Setup|28.000000000000004
-=|Setup|28.999999999999996
-=|Setup|30.0
-=|Setup|31.0
-=|Setup|33.0
-=|Setup|34.0
-=|Setup|35.0
-=|Setup|36.0
-=|Setup|37.0
-=|Setup|39.0
-=|Setup|40.0
-=|Setup|41.0
-=|Setup|42.0
-=|Setup|43.0
-=|Setup|45.0
-=|Setup|46.0
-=|Setup|47.0
-=|Setup|48.0
-=|Setup|49.0
-=|Setup|51.0
-=|Setup|52.0
-=|Setup|53.0
-=|Setup|54.0
-=|Setup|55.00000000000001
-=|Setup|56.99999999999999
-=|Setup|57.99999999999999
-=|Setup|59.0
-=|Setup|60.0
-=|Setup|61.0
-=|Setup|63.0
-=|Setup|64.0
-=|Setup|65.0
-=|Setup|66.0
-=|Setup|67.0
-=|Setup|69.0
-=|Setup|70.0
-=|Setup|71.0
-=|Setup|72.0
-=|Setup|73.0
-=|Setup|75.0
-=|Setup|76.0
-=|Setup|77.0
-=|Setup|78.0
-=|Setup|80.0
-=|Setup|81.0
-=|Setup|82.0
-=|Setup|83.0
-=|Setup|84.0
-=|Setup|86.0
-=|Setup|87.0
-=|Setup|88.0
-=|Setup|89.0
-=|Setup|90.0
-=|Setup|92.0
-=|Setup|93.0
-=|Setup|94.0
-=|Setup|95.0
-=|Setup|96.0
-=|Setup|98.0
-=|Setup|99.0
[2026/02/05 01:18:58   INFO]                   [SOUT] [HorseFollow] SoulDeathTrackerSystem registrado.
-=|Setup|100.0
[2026/02/05 01:18:58   INFO]      [ServerAuthManager] Auth credential store: Memory
[2026/02/05 01:18:58   INFO]           [HytaleServer] Setup phase completed! Boot time 6sec 344ms 598us 300ns
[2026/02/05 01:18:58   INFO]                 [Hytale] Loading common assets from: /
[2026/02/05 01:18:58   INFO]    [CommonAssetModule|P] Took 133ms 312us 600ns to load 22992 assets from CommonAssetsIndex.hashes file.
[2026/02/05 01:18:58   WARN]    [CommonAssetModule|P] Duplicated Asset Count: 933
[2026/02/05 01:18:58   INFO]                 [Hytale] Loading common assets phase completed! Boot time 6sec 478ms 629us 900ns, Took 133ms 753us 900ns
[2026/02/05 01:18:58   INFO]                 [Hytale] Loading common assets from: C:\Users\mateu\AppData\Roaming\Hytale\UserData\Saves\MOD_Testing\mods\HF_HorseFollow
[2026/02/05 01:18:58   WARN]    [CommonAssetModule|P] Duplicated Asset Count: 933
[2026/02/05 01:18:58   INFO]                 [Hytale] Loading common assets phase completed! Boot time 6sec 479ms 341us 600ns, Took 591us 900ns
[2026/02/05 01:18:58   INFO]    [AssetRegistryLoader] Loading 91 asset stores...
[2026/02/05 01:18:58   INFO]    [AssetRegistryLoader] Pre-adding assets...
[2026/02/05 01:18:58   INFO]      [CollisionModule|P] Block extents for CollisionSystem is Max=0.0, Min=0.0
[2026/02/05 01:18:58   INFO]                 [Hytale] Loading assets from: /Server
[2026/02/05 01:18:58   INFO]    [AssetRegistryLoader] Loading assets from /Server
[2026/02/05 01:18:58   INFO]      [HytaleGenerator|P] Loaded Settings asset.
[2026/02/05 01:18:58   WARN] [AssetStore|WorldStructureAsset] Unused key(s) in 'Interpolation' file /Server/HytaleGenerator/WorldStructures/Dev/Interpolation.json: BiomeTransitions
[2026/02/05 01:18:58   WARN] [AssetStore|CustomConnectedBlockTemplateAsset] Unused key(s) in 'DoorLargeConnectedBlockTemplate' file /Server/Item/CustomConnectedBlockTemplates/DoorLargeConnectedBlockTemplate.json: ConnectsToOtherTemplates
[2026/02/05 01:18:58   WARN] [AssetStore|CustomConnectedBlockTemplateAsset] Unused key(s) in 'RailsConnectedBlockTemplate' file /Server/Item/CustomConnectedBlockTemplates/RailsConnectedBlockTemplate.json: MaterialName
[2026/02/05 01:18:58   WARN]          [AssetStore|BiomeAsset] Unused key(s) in 'Example_Mixer_Gradient' file /Server/HytaleGenerator/Biomes/Examples/Example_Mixer_Gradient.json: Terrain.Density.Inputs.0.Inputs.0.Inputs.0.Inputs.0.Inputs.0.Inputs.0.CacheSize, Terrain.Density.Inputs.1.Inputs.0.Inputs.0.Inputs.0.Inputs.0.Inputs.0.CacheSize, Terrain.Density.Inputs.2.Inputs.0.CacheSize
[2026/02/05 01:18:58   WARN]          [AssetStore|BiomeAsset] Unused key(s) in 'Something' file /Server/HytaleGenerator/Biomes/Experimental/Something.json: Terrain.Density.Inputs.0.Inputs.0.Inputs.0.Inputs.0.CacheSize, Terrain.Density.Inputs.0.Inputs.0.Inputs.0.Inputs.1.Inputs.0.CacheSize, Terrain.Density.Inputs.0.Inputs.0.Inputs.1.Inputs.0.CacheSize, Terrain.Density.Inputs.0.Inputs.0.Inputs.1.Inputs.1.Inputs.0.Inputs.0.Inputs.0.Inputs.0.Sampled, Terrain.Density.Inputs.0.Inputs.0.Inputs.1.Inputs.3.Inputs.0.Inputs.0.CacheSize, Terrain.Density.Inputs.0.Inputs.1.Inputs.0.CacheSize, Terrain.Density.Inputs.0.Inputs.1.Inputs.1.Inputs.0.Inputs.0.CacheSize
[2026/02/05 01:18:58   WARN]                [HytaleGenerator] Duplicate export name for asset: pattern1
[2026/02/05 01:18:58   WARN]                [HytaleGenerator] Duplicate export name for asset: werstjrtydkm,
[2026/02/05 01:18:58   WARN]          [AssetStore|BiomeAsset] Unused key(s) in 'Example_Fluid' file /Server/HytaleGenerator/Biomes/Examples/Example_Fluid.json: Terrain.Density.Inputs.0.CacheSize, MaterialProvider.Empty.Queue.0.BaseHeight
[2026/02/05 01:18:58   WARN]                [HytaleGenerator] Duplicate export name for asset: Taiga1_Rewood_Trees_Mask
[2026/02/05 01:18:58   WARN]          [AssetStore|BiomeAsset] Unused key(s) in 'Example_Prop' file /Server/HytaleGenerator/Biomes/Examples/Example_Prop.json: Terrain.Density.Inputs.0.CacheSize
[2026/02/05 01:18:58   WARN]          [AssetStore|BiomeAsset] Unused key(s) in 'Fake3dNoise' file /Server/HytaleGenerator/Biomes/Examples/Fake3dNoise.json: Terrain.Density.Inputs.1.CacheSize, Terrain.Density.Inputs.2.Inputs.1.Inputs.0.Inputs.0.CacheSize, Terrain.Density.Inputs.2.Inputs.1.Inputs.0.Inputs.1.CacheSize, Terrain.Density.Inputs.2.Inputs.1.Inputs.0.Inputs.2.CacheSize, Terrain.Density.Inputs.2.Inputs.1.Inputs.0.Inputs.3.CacheSize, Terrain.Density.Inputs.2.Inputs.1.Inputs.0.Inputs.4.CacheSize, Terrain.Density.Inputs.2.Inputs.1.Inputs.0.Inputs.5.CacheSize
[2026/02/05 01:18:58   WARN]          [AssetStore|BiomeAsset] Unused key(s) in 'Boreal1_Henges' file /Server/HytaleGenerator/Biomes/Boreal1/Boreal1_Henges.json: Terrain.Density.Inputs.0.Inputs.1.Inputs.0.Inputs.0.Inputs.0.Inputs.1.Inputs.0.Inputs.0.Inputs.0.Positions.Positions.OffsetX, Terrain.Density.Inputs.0.Inputs.1.Inputs.0.Inputs.0.Inputs.0.Inputs.1.Inputs.0.Inputs.0.Inputs.0.Positions.Positions.OffsetY, Terrain.Density.Inputs.0.Inputs.1.Inputs.0.Inputs.0.Inputs.0.Inputs.1.Inputs.0.Inputs.0.Inputs.0.Positions.Positions.OffsetZ, Terrain.Density.Inputs.0.Inputs.1.Inputs.0.Inputs.1.Inputs.0.Inputs.1.Inputs.0.Inputs.0.Inputs.0.Inputs.0.Positions.Positions.OffsetX, Terrain.Density.Inputs.0.Inputs.1.Inputs.0.Inputs.1.Inputs.0.Inputs.1.Inputs.0.Inputs.0.Inputs.0.Inputs.0.Positions.Positions.OffsetY, Terrain.Density.Inputs.0.Inputs.1.Inputs.0.Inputs.1.Inputs.0.Inputs.1.Inputs.0.Inputs.0.Inputs.0.Inputs.0.Positions.Positions.OffsetZ
[2026/02/05 01:18:58   WARN]          [AssetStore|BiomeAsset] Unused key(s) in 'CursebreakerKeyartBiome' file /Server/HytaleGenerator/Biomes/Experimental/CursebreakerKeyartBiome.json: Terrain.Density.Inputs.0.Inputs.0.Inputs.0.Inputs.0.Inputs.0.Inputs.0.CacheSize, Terrain.Density.Inputs.0.Inputs.0.Inputs.0.Inputs.1.Inputs.0.Inputs.0.CacheSize, Terrain.Density.Inputs.0.Inputs.0.Inputs.1.Inputs.0.Inputs.0.Inputs.0.Inputs.0.CacheSize, Terrain.Density.Inputs.0.Inputs.1.Inputs.0.Inputs.0.Inputs.0.CacheSize
[2026/02/05 01:18:58   WARN]          [AssetStore|BiomeAsset] Unused key(s) in 'Example_Multi_Mixer_Horizontal' file /Server/HytaleGenerator/Biomes/Examples/Example_Multi_Mixer_Horizontal.json: Terrain.Density.Inputs.0.Inputs.0.Inputs.0.Inputs.0.CacheSize, Terrain.Density.Inputs.0.Inputs.0.Inputs.0.Inputs.1.CacheSize, Terrain.Density.Inputs.0.Inputs.0.Inputs.0.Inputs.2.CacheSize, Terrain.Density.Inputs.0.Inputs.0.Inputs.0.Inputs.3.CacheSize
[2026/02/05 01:18:58   INFO]                [HytaleGenerator] Exported Scanner asset with name 'BasicForestTreeScanner' with asset id 'null
[2026/02/05 01:18:58   WARN]          [AssetStore|BiomeAsset] Unused key(s) in 'Dunes' file /Server/HytaleGenerator/Biomes/Experimental/Dunes.json: Terrain.Density.Inputs.0.Inputs.0.Inputs.0.Inputs.0.Inputs.0.Inputs.1.Inputs.0.Inputs.0.Inputs.0.CacheSize, Terrain.Density.Inputs.0.Inputs.0.Inputs.0.Inputs.0.Inputs.0.Inputs.1.Inputs.0.Inputs.1.Inputs.0.CacheSize, Terrain.Density.Inputs.0.Inputs.0.Inputs.0.Inputs.1.Inputs.0.Inputs.0.Inputs.0.CacheSize, Terrain.Density.Inputs.0.Inputs.0.Inputs.0.Inputs.1.Inputs.0.Inputs.1.Inputs.0.CacheSize, Terrain.Density.Inputs.0.Inputs.0.Inputs.1.Inputs.0.Inputs.0.Inputs.1.Inputs.0.Inputs.0.Inputs.0.CacheSize, Terrain.Density.Inputs.0.Inputs.0.Inputs.1.Inputs.0.Inputs.0.Inputs.1.Inputs.0.Inputs.1.Inputs.0.CacheSize, Terrain.Density.Inputs.0.Inputs.0.Inputs.1.Inputs.1.Inputs.0.Inputs.0.CacheSize, Terrain.Density.Inputs.0.Inputs.0.Inputs.1.Inputs.1.Inputs.1.Inputs.0.CacheSize, Terrain.Density.Inputs.0.Inputs.1.Inputs.0.Inputs.0.Inputs.0.Inputs.0.CacheSize, Terrain.Density.Inputs.0.Inputs.1.Inputs.1.Inputs.0.CacheSize, MaterialProvider.Solid.Queue.0.FieldFunction.CacheSize
[2026/02/05 01:18:58   WARN]          [AssetStore|BiomeAsset] Unused key(s) in 'SingleInstance_Test' file /Server/HytaleGenerator/Biomes/Examples/SingleInstance_Test.json: Terrain.Density.Inputs.0.Inputs.1.SingleInstance
[2026/02/05 01:18:58   WARN]                [HytaleGenerator] Duplicate export name for asset: werstjrtydkm,
[2026/02/05 01:18:58   WARN]                [HytaleGenerator] Duplicate export name for asset: BasicForestTreeScanner
[2026/02/05 01:18:58   INFO]                [HytaleGenerator] Exported Scanner asset with name 'BasicForestTreeScanner' with asset id 'null
[2026/02/05 01:18:58   WARN]          [AssetStore|BiomeAsset] Unused key(s) in 'Arches' file /Server/HytaleGenerator/Biomes/Experimental/Arches.json: Terrain.Density.Inputs.0.Inputs.0.Inputs.0.Inputs.0.Inputs.0.CacheSize, Terrain.Density.Inputs.0.Inputs.1.Inputs.0.Inputs.0.Inputs.0.CacheSize, Terrain.Density.Inputs.0.Inputs.1.Inputs.0.Inputs.0.Inputs.0.Inputs.0.ReturnType.Density.CacheSize, Terrain.Density.Inputs.0.Inputs.1.Inputs.0.Inputs.1.Inputs.0.CacheSize, Terrain.Density.Inputs.0.Inputs.1.Inputs.0.Inputs.1.Inputs.0.Inputs.0.ReturnType.Density.Inputs.0.Inputs.0.Inputs.0.CacheSize, Terrain.Density.Inputs.0.Inputs.1.Inputs.0.Inputs.2.Inputs.0.CacheSize
[2026/02/05 01:18:58   WARN]                [HytaleGenerator] Duplicate export name for asset: River-Boulders-Mask
[2026/02/05 01:18:58   WARN]          [AssetStore|BiomeAsset] Unused key(s) in 'Example_Multi_Mixer_Curve' file /Server/HytaleGenerator/Biomes/Examples/Example_Multi_Mixer_Curve.json: Terrain.Density.Inputs.0.Inputs.0.Inputs.0.Inputs.0.CacheSize, Terrain.Density.Inputs.0.Inputs.1.Inputs.0.Inputs.0.Inputs.0.Inputs.0.CacheSize, Terrain.Density.Inputs.0.Inputs.1.Inputs.0.Inputs.0.Inputs.0.Inputs.1.CacheSize, Terrain.Density.Inputs.0.Inputs.1.Inputs.0.Inputs.0.Inputs.0.Inputs.2.CacheSize, Terrain.Density.Inputs.0.Inputs.1.Inputs.1.CacheSize, Terrain.Density.Inputs.1.Inputs.0.CacheSize
[2026/02/05 01:18:58   WARN]          [AssetStore|BiomeAsset] Unused key(s) in 'Basic' file /Server/HytaleGenerator/Biomes/Basic.json: Props.0.Assignments.Prop.BoxBlockType
[2026/02/05 01:18:58 SEVERE]                           [SERR] Reallocate: 131072 to 1179648
[2026/02/05 01:18:58   WARN]                [HytaleGenerator] Duplicate export name for asset: River-Boulders-Mask
[2026/02/05 01:18:58   WARN]          [AssetStore|BiomeAsset] Unused key(s) in 'Plains1_Deeproot' file /Server/HytaleGenerator/Biomes/Plains1/Plains1_Deeproot.json: Props.5.Positions.OffsetX, Props.5.Positions.OffsetY, Props.5.Positions.OffsetZ
[2026/02/05 01:18:58   WARN]                [HytaleGenerator] Duplicate export name for asset: Desert1_Rivers_Cliffs
[2026/02/05 01:18:58   WARN]                [HytaleGenerator] Duplicate export name for asset: River-Boulders-Mask
[2026/02/05 01:18:58 SEVERE]                           [SERR] Reallocate: 131072 to 1179648
[2026/02/05 01:18:58   WARN]          [AssetStore|BiomeAsset] Unused key(s) in 'Volcanic1_Jungle' file /Server/HytaleGenerator/Biomes/Volcanic1/Volcanic1_Jungle.json: Props.1.Positions.OffsetX, Props.1.Positions.OffsetY, Props.1.Positions.OffsetZ, Props.2.Positions.OffsetX, Props.2.Positions.OffsetY, Props.2.Positions.OffsetZ, Props.3.Positions.OffsetX, Props.3.Positions.OffsetY, Props.3.Positions.OffsetZ
[2026/02/05 01:18:58   WARN]          [AssetStore|BiomeAsset] Unused key(s) in 'Example_Mixer' file /Server/HytaleGenerator/Biomes/Examples/Example_Mixer.json: Terrain.Density.Inputs.0.CacheSize, Terrain.Density.Inputs.1.Inputs.2.Inputs.0.CacheSize
[2026/02/05 01:18:58   WARN]                [HytaleGenerator] Duplicate export name for asset: River-Boulders-Mask
[2026/02/05 01:18:58   INFO]                [HytaleGenerator] Exported Scanner asset with name 'Desert1_Rocky_Trees_Dry_Scanner' with asset id 'null
[2026/02/05 01:18:58   INFO]                [HytaleGenerator] Exported Scanner asset with name 'Desert1_Rocky_Trees_Palm_Scanner' with asset id 'null
[2026/02/05 01:18:58   WARN]          [AssetStore|BiomeAsset] Unused key(s) in 'Generative_Buildings' file /Server/HytaleGenerator/Biomes/Generative/Generative_Buildings.json: Terrain.Density.Inputs.1.Inputs.0.Inputs.0.Inputs.0.Inputs.0.Inputs.0.Inputs.0.Inputs.0.Inputs.0.Positions.Positions.Positions.OffsetX, Terrain.Density.Inputs.1.Inputs.0.Inputs.0.Inputs.0.Inputs.0.Inputs.0.Inputs.0.Inputs.0.Inputs.0.Positions.Positions.Positions.OffsetY, Terrain.Density.Inputs.1.Inputs.0.Inputs.0.Inputs.0.Inputs.0.Inputs.0.Inputs.0.Inputs.0.Inputs.0.Positions.Positions.Positions.OffsetZ
[2026/02/05 01:18:58   WARN]                [HytaleGenerator] Duplicate export name for asset: Plains1-Gorges-BaseTerrain
[2026/02/05 01:18:58   WARN]                [HytaleGenerator] Duplicate export name for asset: River-Boulders-Mask
[2026/02/05 01:18:58   WARN]                [HytaleGenerator] Duplicate export name for asset: River-Boulders-Mask
[2026/02/05 01:18:58   WARN]                [HytaleGenerator] Duplicate export name for asset: River-Boulders-Mask
[2026/02/05 01:18:58   WARN]                [HytaleGenerator] Duplicate export name for asset: River-Boulders-Mask
[2026/02/05 01:18:58   WARN]                [HytaleGenerator] Duplicate export name for asset: Peak
[2026/02/05 01:18:58   WARN]          [AssetStore|BiomeAsset] Unused key(s) in 'Desert1_Oasis' file /Server/HytaleGenerator/Biomes/Desert1/Desert1_Oasis.json: Props.2.Positions.Positions.OffsetX, Props.2.Positions.Positions.OffsetY, Props.2.Positions.Positions.OffsetZ, Props.3.Positions.Positions.OffsetX, Props.3.Positions.Positions.OffsetY, Props.3.Positions.Positions.OffsetZ, Props.4.Positions.Positions.OffsetX, Props.4.Positions.Positions.OffsetY, Props.4.Positions.Positions.OffsetZ, Props.5.Positions.Positions.OffsetX, Props.5.Positions.Positions.OffsetY, Props.5.Positions.Positions.OffsetZ, Props.6.Positions.Positions.OffsetX, Props.6.Positions.Positions.OffsetY, Props.6.Positions.Positions.OffsetZ
[2026/02/05 01:18:58   INFO]              [CollisionModule|P] Block extents for CollisionSystem is Max=3.0, Min=0.0
[2026/02/05 01:19:01   WARN]               [MacroCommandBase] Could not parse default argument value for argument: 'world' on Macro Command: 'settimeandgohome'.
server.commands.errors.noSuchWorld{name=com.hypixel.hytale.protocol.StringParamValue@bf4c6e40}
server.commands.errors.noSuchWorld{name=com.hypixel.hytale.protocol.StringParamValue@bf4c6e40}
[2026/02/05 01:19:01   WARN]      [AssetStore|ParticleSystem] Unused key(s) in 'Potion_Health_Implosion' file /Server/Particles/Status_Effect/Potion_Health/Potion_Health_Implosion.particlesystem: Spawners.0.Scale
[2026/02/05 01:19:01   WARN]      [AssetStore|ParticleSystem] Unused key(s) in 'Potion_Stamina_Burst' file /Server/Particles/Status_Effect/Potion_Stamina/Potion_Stamina_Burst.particlesystem: Spawners.0.Scale
[2026/02/05 01:19:01   WARN]      [AssetStore|ParticleSystem] Unused key(s) in 'Potion_Morph_Burst' file /Server/Particles/Status_Effect/Potion_Morph/Potion_Morph_Burst.particlesystem: Spawners.0.Scale
[2026/02/05 01:19:01   WARN]         [AssetStore|Environment] Asset key 'Env_Temple_of_Gaia' for file '/Server/Environments/Unique/Env_Temple_of_Gaia.json' has incorrect format! Expected: 'Env_Temple_Of_Gaia'
[2026/02/05 01:19:01   WARN]  [AssetStore|ScriptedBrushAsset] Unused key(s) in 'FluidMaskExample' file /Server/ScriptedBrushes/Examples/FluidMaskExample.json: Description
[2026/02/05 01:19:01   WARN]  [AssetStore|ScriptedBrushAsset] Unused key(s) in 'Walls-Floors' file /Server/ScriptedBrushes/Archive/Walls-Floors.json: Operations.0.Offset
[2026/02/05 01:19:01   WARN]  [AssetStore|ScriptedBrushAsset] Asset key 'templePillars' for file '/Server/ScriptedBrushes/Archive/templePillars.json' has incorrect format! Expected: 'TemplePillars'
[2026/02/05 01:19:01   WARN]  [AssetStore|ScriptedBrushAsset] Asset key 'templeFloor' for file '/Server/ScriptedBrushes/Archive/templeFloor.json' has incorrect format! Expected: 'TempleFloor'
[2026/02/05 01:19:01   WARN]  [AssetStore|ScriptedBrushAsset] Asset key 'BoulderBrush_old' for file '/Server/ScriptedBrushes/Archive/BoulderBrush_old.json' has incorrect format! Expected: 'BoulderBrush_Old'
[2026/02/05 01:19:01   WARN]  [AssetStore|ScriptedBrushAsset] Unused key(s) in 'ReplaceWaterExample' file /Server/ScriptedBrushes/Examples/ReplaceWaterExample.json: Description
[2026/02/05 01:19:01   WARN]  [AssetStore|ScriptedBrushAsset] Asset key 'templeRandom' for file '/Server/ScriptedBrushes/Archive/templeRandom.json' has incorrect format! Expected: 'TempleRandom'
[2026/02/05 01:19:01   WARN]  [AssetStore|ScriptedBrushAsset] Asset key 'templeDestruction' for file '/Server/ScriptedBrushes/Archive/templeDestruction.json' has incorrect format! Expected: 'TempleDestruction'
[2026/02/05 01:19:01   WARN]  [AssetStore|ScriptedBrushAsset] Asset key 'MountainBrush_old' for file '/Server/ScriptedBrushes/Archive/MountainBrush_old.json' has incorrect format! Expected: 'MountainBrush_Old'
[2026/02/05 01:19:01   WARN]  [AssetStore|ScriptedBrushAsset] Asset key 'moltenBall' for file '/Server/ScriptedBrushes/Archive/moltenBall.json' has incorrect format! Expected: 'MoltenBall'
[2026/02/05 01:19:01   WARN]  [AssetStore|ScriptedBrushAsset] Asset key 'keepDestruction' for file '/Server/ScriptedBrushes/Archive/keepDestruction.json' has incorrect format! Expected: 'KeepDestruction'
[2026/02/05 01:19:01   WARN]  [AssetStore|ScriptedBrushAsset] Asset key 'templeWalls' for file '/Server/ScriptedBrushes/Archive/templeWalls.json' has incorrect format! Expected: 'TempleWalls'
[2026/02/05 01:19:01   WARN]    [AssetStore|AssignmentsAsset] Unused key(s) in 'Plains1_Deeproot_Grasses' file /Server/HytaleGenerator/Assignments/Plains1/Plains1_Deeproot_Grasses.json: FieldFunction.CacheSize
[2026/02/05 01:19:01   WARN]    [AssetStore|AssignmentsAsset] Unused key(s) in 'Runtime_Defect_1' file /Server/HytaleGenerator/Assignments/Dev/Runtime_Defect_1.json: Prop.BoxBlockType
[2026/02/05 01:19:01   WARN]    [AssetStore|AssignmentsAsset] Unused key(s) in 'Runtime_Defect_0' file /Server/HytaleGenerator/Assignments/Dev/Runtime_Defect_0.json: Prop.BoxBlockType
[2026/02/05 01:19:01   INFO]                [HytaleGenerator] Exported Scanner asset with name 'Desert1_Oasis_Grasses_Scanner' with asset id 'null
[2026/02/05 01:19:01   WARN]                [HytaleGenerator] Duplicate export name for asset: Volcanic1_Swamp_Bushes_Jungles_Pattern
[2026/02/05 01:19:01   WARN]    [AssetStore|AssignmentsAsset] Unused key(s) in 'Desert1_Oasis_Grasses' file /Server/HytaleGenerator/Assignments/Desert1/Desert1_Oasis_Grasses.json: $Comments
[2026/02/05 01:19:01   INFO]                [HytaleGenerator] Exported Scanner asset with name 'Desert1_Boulders_Scanner' with asset id 'null
[2026/02/05 01:19:01   WARN]    [AssetStore|AssignmentsAsset] Unused key(s) in 'Desert1_Oasis_Boulders' file /Server/HytaleGenerator/Assignments/Desert1/Desert1_Oasis_Boulders.json: $Comments
[2026/02/05 01:19:01   WARN]                [HytaleGenerator] Duplicate export name for asset: Plains1_OakPattern_Floor_Grass
[2026/02/05 01:19:01   WARN]    [AssetStore|AssignmentsAsset] Unused key(s) in 'Plains1_Mountains_Grasses' file /Server/HytaleGenerator/Assignments/Plains1/Plains1_Mountains_Grasses.json: FieldFunction.CacheSize
[2026/02/05 01:19:01   WARN]                [HytaleGenerator] Duplicate export name for asset: Plains1_OakPattern_Floor_Grass
[2026/02/05 01:19:01   INFO]                [HytaleGenerator] Exported Scanner asset with name 'Desert1_Boab_Scanner' with asset id 'null
[2026/02/05 01:19:01   INFO]                [HytaleGenerator] Exported Scanner asset with name 'Plains1_Gorges_Boulder_Scanner' with asset id 'null
[2026/02/05 01:19:01   WARN]    [AssetStore|AssignmentsAsset] Unused key(s) in 'Desert1_Oasis_Flowers' file /Server/HytaleGenerator/Assignments/Desert1/Desert1_Oasis_Flowers.json: $Comments
[2026/02/05 01:19:01   WARN]                [HytaleGenerator] Duplicate export name for asset: Desert1_Boulders_Scanner
[2026/02/05 01:19:01   INFO]                [HytaleGenerator] Exported Scanner asset with name 'Desert1_Boulders_Scanner' with asset id 'null
[2026/02/05 01:19:01   WARN]    [AssetStore|AssignmentsAsset] Unused key(s) in 'Plains1_Oak_Bushes' file /Server/HytaleGenerator/Assignments/Plains1/Plains1_Oak_Bushes.json: FieldFunction.CacheSize
[2026/02/05 01:19:01   INFO]                [HytaleGenerator] Exported Scanner asset with name 'Plains1_Gorges_Tree_Scanner' with asset id 'null
[2026/02/05 01:19:01   WARN]                [HytaleGenerator] Duplicate export name for asset: Plains1_Sticks
[2026/02/05 01:19:01   WARN]                [HytaleGenerator] Duplicate export name for asset: Plains1_OakPattern_Floor_Grass
[2026/02/05 01:19:01   WARN]    [AssetStore|AssignmentsAsset] Unused key(s) in 'Taiga1_Rivers_Grasses' file /Server/HytaleGenerator/Assignments/Taiga1/Taiga1_Rivers_Grasses.json: $Comments
[2026/02/05 01:19:01   INFO]                [HytaleGenerator] Exported Scanner asset with name 'Desert1_Palm_Scanner' with asset id 'null
[2026/02/05 01:19:01   INFO]                [HytaleGenerator] Exported Scanner asset with name 'Desert1_Oasis_Plants_2_Scanner' with asset id 'null
[2026/02/05 01:19:01   WARN]    [AssetStore|AssignmentsAsset] Unused key(s) in 'Desert1_Oasis_Flowers_2' file /Server/HytaleGenerator/Assignments/Desert1/Desert1_Oasis_Flowers_2.json: $Comments
[2026/02/05 01:19:01   INFO]                [HytaleGenerator] Exported Scanner asset with name 'Desert1_Dry_Scanner' with asset id 'null
[2026/02/05 01:19:01   WARN]    [AssetStore|AssignmentsAsset] Unused key(s) in 'Desert1_Oasis_Trees_Dry' file /Server/HytaleGenerator/Assignments/Desert1/Desert1_Oasis_Trees_Dry.json: $Comments
[2026/02/05 01:19:01   WARN]               [BlockSetModule|P] Creating block sets: Failed to find block name 'Furniture_Temple_Light_Statue'
[2026/02/05 01:19:01   WARN]               [BlockSetModule|P] Creating block sets: Failed to find block name 'Ingredient_Hay'
[2026/02/05 01:19:01   WARN]               [BlockSetModule|P] Creating block sets: Failed to find block name 'Wood_Softwood_Planks'
[2026/02/05 01:19:01   WARN]               [BlockSetModule|P] Creating block sets: Failed to find block name 'Furniture_Feran_Bed'
[2026/02/05 01:19:01   WARN]               [BlockSetModule|P] Creating block sets: Failed to find block name 'Coop_Chicken'
[2026/02/05 01:19:01   WARN]               [BlockSetModule|P] Creating block sets: Failed to find hitbox name 'Fence'
[2026/02/05 01:19:01   WARN]               [BlockSetModule|P] Creating block sets: Failed to find hitbox name 'Fence_Gate'
[2026/02/05 01:19:01   WARN]               [BlockSetModule|P] Creating block sets: Failed to find hitbox name 'Fence_Gate_Open_In'
[2026/02/05 01:19:01   WARN]               [BlockSetModule|P] Creating block sets: Failed to find hitbox name 'Fence_Gate_Open_Out'
[2026/02/05 01:19:01   WARN]               [BlockSetModule|P] Creating block sets: Failed to find hitbox name 'Fence_Thin'
[2026/02/05 01:19:01   WARN]               [BlockSetModule|P] Creating block sets: Failed to find hitbox name 'Fence_Thick'
[2026/02/05 01:19:01   WARN]               [BlockSetModule|P] Creating block sets: Failed to find hitbox name 'Fence_Corner'
[2026/02/05 01:19:01   WARN]               [BlockSetModule|P] Creating block sets: Failed to find hitbox name 'Fence_Corner_Thin'
[2026/02/05 01:19:01   WARN]               [BlockSetModule|P] Creating block sets: Failed to find hitbox name 'Fence_Corner_Thick'
[2026/02/05 01:19:01   WARN]               [BlockSetModule|P] Creating block sets: Failed to find block name 'Furniture_Crude_Bed'
[2026/02/05 01:19:01   WARN]               [BlockSetModule|P] Creating block sets: Failed to find block name 'Soil_Grass'
[2026/02/05 01:19:01   WARN]               [BlockSetModule|P] Creating block sets: Failed to find block name 'Soil_Dirt'
[2026/02/05 01:19:01   WARN]               [BlockSetModule|P] Creating block sets: Failed to find block name 'Soil_Dirt_Poisoned'
[2026/02/05 01:19:01   WARN]               [BlockSetModule|P] Creating block sets: Failed to find block name 'Soil_Mud'
[2026/02/05 01:19:01   WARN]               [BlockSetModule|P] Creating block sets: Failed to find block name 'Deco_Bone_Pile'
[2026/02/05 01:19:01   WARN]               [BlockSetModule|P] Creating block sets: Failed to find block name 'Deco_Bone_Skulls'
[2026/02/05 01:19:01   WARN]               [BlockSetModule|P] Creating block sets: Failed to find block name 'Soil_Gravel_Sand'
[2026/02/05 01:19:01   WARN]               [BlockSetModule|P] Creating block sets: Failed to find block name 'Soil_Dirt'
[2026/02/05 01:19:01   WARN]               [BlockSetModule|P] Creating block sets: Failed to find block name 'Soil_Clay'
[2026/02/05 01:19:01   WARN]               [BlockSetModule|P] Creating block sets: Failed to find block name 'Rock_Stone'
[2026/02/05 01:19:01   WARN]               [BlockSetModule|P] Creating block sets: Failed to find block name 'Rock_Marble'
[2026/02/05 01:19:01   WARN]               [BlockSetModule|P] Creating block sets: Failed to find block name 'Rock_Chalk'
[2026/02/05 01:19:01   WARN]     [AssetStore|PrefabListAsset] Asset key 'Trees_Fir_red' for file '/Server/PrefabList/Trees_Fir_red.json' has incorrect format! Expected: 'Trees_Fir_Red'
[2026/02/05 01:19:01   WARN]     [AssetStore|PrefabListAsset] Asset key 'Trees_Ash_swamp_dead' for file '/Server/PrefabList/Trees_Ash_swamp_dead.json' has incorrect format! Expected: 'Trees_Ash_Swamp_Dead'
[2026/02/05 01:19:01   WARN]     [AssetStore|PrefabListAsset] Asset key 'Trees_Ash_twisted_Giant' for file '/Server/PrefabList/Trees_Ash_twisted_Giant.json' has incorrect format! Expected: 'Trees_Ash_Twisted_Giant'
[2026/02/05 01:19:01   WARN]     [AssetStore|PrefabListAsset] Asset key 'Trees_Ash_twisted' for file '/Server/PrefabList/Trees_Ash_twisted.json' has incorrect format! Expected: 'Trees_Ash_Twisted'
[2026/02/05 01:19:01   WARN]     [AssetStore|PrefabListAsset] Asset key 'Trees_Ash_swamp' for file '/Server/PrefabList/Trees_Ash_swamp.json' has incorrect format! Expected: 'Trees_Ash_Swamp'
[2026/02/05 01:19:01   WARN]     [AssetStore|PrefabListAsset] Asset key 'Trees_Burnt_dead' for file '/Server/PrefabList/Trees_Burnt_dead.json' has incorrect format! Expected: 'Trees_Burnt_Dead'
[2026/02/05 01:19:01   WARN]     [AssetStore|PrefabListAsset] Asset key 'Trees_Ash_twisted_Large' for file '/Server/PrefabList/Trees_Ash_twisted_Large.json' has incorrect format! Expected: 'Trees_Ash_Twisted_Large'
[2026/02/05 01:19:01   WARN]            [AssetStore|ModelVFX] Asset key 'test' for file '/Server/Entity/ModelVFX/test.json' has incorrect format! Expected: 'Test'
[2026/02/05 01:19:01   WARN]        [AssetStore|EntityEffect] Unused key(s) in 'Food_EffectCondition_Buff_Small' file /Server/Entity/Effects/Food/Buff/_Deprecated/Food_EffectCondition_Buff_Small.json: Type, EntityEffectIds, Match, Next, Failed
[2026/02/05 01:19:01   WARN]        [AssetStore|EntityEffect] Unused key(s) in 'Food_EffectCondition_Buff_Medium' file /Server/Entity/Effects/Food/Buff/_Deprecated/Food_EffectCondition_Buff_Medium.json: Type, EntityEffectIds, Match, Next, Failed
[2026/02/05 01:19:01   WARN]         [AssetStore|Interaction] Unused key(s) in 'Ice_Bolt_Miss' file /Server/Item/Interactions/Weapons/Staff/Ice/Ice_Bolt_Miss.json: Effects.WorldParticles
[2026/02/05 01:19:01   WARN]         [AssetStore|Interaction] Unused key(s) in 'Explode_Generic' file /Server/Item/Interactions/Explosions/Explode_Generic.json: Config.Knockback.VelocityConfig.Direction
[2026/02/05 01:19:01   WARN]         [AssetStore|Interaction] Unused key(s) in 'Weapon_Battleaxe_Primary_Downstrike_Force' file /Server/Item/Interactions/Weapons/Battleaxe/Primary/Downstrike/Weapon_Battleaxe_Primary_Downstrike_Force.json: MouseSensitivityAdjustmentTarget, MouseSensitivityAdjustmentDuration
[2026/02/05 01:19:01   WARN]         [AssetStore|Interaction] Unused key(s) in 'Weapon_Daggers_Primary_Pounce_Stab_Force' file /Server/Item/Interactions/Weapons/Daggers/Primary/Pounce/Stab/Weapon_Daggers_Primary_Pounce_Stab_Force.json: VelocityType
[2026/02/05 01:19:01   WARN]         [AssetStore|Interaction] Unused key(s) in 'Ice_Ball_Miss' file /Server/Item/Interactions/Weapons/Staff/Ice/Ice_Ball_Miss.json: Effects.WorldParticles
[2026/02/05 01:19:02   WARN]         [AssetStore|Interaction] Unused key(s) in '*Weapon_Sword_Signature_Vortexstrike_Spin_Selector_Next': Next
[2026/02/05 01:19:02   WARN]         [AssetStore|Interaction] Unused key(s) in '*Weapon_Daggers_Primary_Pounce_Stab_Selector_Next': Next
[2026/02/05 01:19:02   WARN]         [AssetStore|Interaction] Unused key(s) in '**Projectile_Config_Ice_Ball_Interactions_ProjectileMiss_Interactions_0': Effects.WorldParticles
[2026/02/05 01:19:02   WARN]         [AssetStore|Interaction] Unused key(s) in '**Projectile_Config_Scarak_Seeker_Spitball_Interactions_ProjectileMiss_Interactions_0': Effects.WorldParticles
[2026/02/05 01:19:02   WARN]         [AssetStore|Interaction] Unused key(s) in '**Projectile_Config_Ice_Bolt_Interactions_ProjectileMiss_Interactions_0': Effects.WorldParticles
[2026/02/05 01:19:02   WARN]         [AssetStore|Interaction] Unused key(s) in '**Projectile_Config_Scarak_Seeker_Spitball_Interactions_ProjectileHit_Interactions_0': Entity
[2026/02/05 01:19:02   WARN]               [BlockSetModule|P] Creating block sets: Failed to find block name 'Furniture_Temple_Light_Statue'
[2026/02/05 01:19:02   WARN]               [BlockSetModule|P] Creating block sets: Failed to find block name 'Ingredient_Hay'
[2026/02/05 01:19:02   WARN]               [BlockSetModule|P] Creating block sets: Failed to find block name 'Wood_Softwood_Planks'
[2026/02/05 01:19:02   WARN]               [BlockSetModule|P] Creating block sets: Failed to find block name 'Furniture_Feran_Bed'
[2026/02/05 01:19:02   WARN]               [BlockSetModule|P] Creating block sets: Failed to find block name 'Coop_Chicken'
[2026/02/05 01:19:02   WARN]               [BlockSetModule|P] Creating block sets: Failed to find hitbox name 'Fence'
[2026/02/05 01:19:02   WARN]               [BlockSetModule|P] Creating block sets: Failed to find hitbox name 'Fence_Gate'
[2026/02/05 01:19:02   WARN]               [BlockSetModule|P] Creating block sets: Failed to find hitbox name 'Fence_Gate_Open_In'
[2026/02/05 01:19:02   WARN]               [BlockSetModule|P] Creating block sets: Failed to find hitbox name 'Fence_Gate_Open_Out'
[2026/02/05 01:19:02   WARN]               [BlockSetModule|P] Creating block sets: Failed to find hitbox name 'Fence_Thin'
[2026/02/05 01:19:02   WARN]               [BlockSetModule|P] Creating block sets: Failed to find hitbox name 'Fence_Thick'
[2026/02/05 01:19:02   WARN]               [BlockSetModule|P] Creating block sets: Failed to find hitbox name 'Fence_Corner'
[2026/02/05 01:19:02   WARN]               [BlockSetModule|P] Creating block sets: Failed to find hitbox name 'Fence_Corner_Thin'
[2026/02/05 01:19:02   WARN]               [BlockSetModule|P] Creating block sets: Failed to find hitbox name 'Fence_Corner_Thick'
[2026/02/05 01:19:02   WARN]               [BlockSetModule|P] Creating block sets: Failed to find block name 'Furniture_Crude_Bed'
[2026/02/05 01:19:02   WARN]               [BlockSetModule|P] Creating block sets: Failed to find block name 'Soil_Grass'
[2026/02/05 01:19:02   WARN]               [BlockSetModule|P] Creating block sets: Failed to find block name 'Soil_Dirt'
[2026/02/05 01:19:02   WARN]               [BlockSetModule|P] Creating block sets: Failed to find block name 'Soil_Dirt_Poisoned'
[2026/02/05 01:19:02   WARN]               [BlockSetModule|P] Creating block sets: Failed to find block name 'Soil_Mud'
[2026/02/05 01:19:02   WARN]               [BlockSetModule|P] Creating block sets: Failed to find block name 'Deco_Bone_Pile'
[2026/02/05 01:19:02   WARN]               [BlockSetModule|P] Creating block sets: Failed to find block name 'Deco_Bone_Skulls'
[2026/02/05 01:19:02   WARN]               [BlockSetModule|P] Creating block sets: Failed to find block name 'Soil_Gravel_Sand'
[2026/02/05 01:19:02   WARN]               [BlockSetModule|P] Creating block sets: Failed to find block name 'Soil_Dirt'
[2026/02/05 01:19:02   WARN]               [BlockSetModule|P] Creating block sets: Failed to find block name 'Soil_Clay'
[2026/02/05 01:19:02   WARN]               [BlockSetModule|P] Creating block sets: Failed to find block name 'Rock_Stone'
[2026/02/05 01:19:02   WARN]               [BlockSetModule|P] Creating block sets: Failed to find block name 'Rock_Marble'
[2026/02/05 01:19:02   WARN]               [BlockSetModule|P] Creating block sets: Failed to find block name 'Rock_Chalk'
[2026/02/05 01:19:02   WARN]                [AssetStore|Item] Failed to validate asset!
Id: Tool_Hatchet_Crude
Path: /Server/Item/Items/Tool/Hatchet/Tool_Hatchet_Crude.json
Key: Recipe
Results:
	WARNING: Bench Requirement in recipe for 'Fieldcraft' should not have a delay (TimeSeconds) set!

[2026/02/05 01:19:02   WARN]                [AssetStore|Item] Failed to validate asset!
Id: Bench_Builders
Path: /Server/Item/Items/Bench/Bench_Builders.json
Key: Recipe
Results:
	WARNING: Bench Requirement in recipe for 'Fieldcraft' should not have a delay (TimeSeconds) set!

[2026/02/05 01:19:02   WARN]                [AssetStore|Item] Failed to validate asset!
Id: Furniture_Crude_Torch
Path: /Server/Item/Items/Furniture/Crude/Unique/Furniture_Crude_Torch.json
Key: Recipe
Results:
	WARNING: Bench Requirement in recipe for 'Fieldcraft' should not have a delay (TimeSeconds) set!

[2026/02/05 01:19:02   WARN]                [AssetStore|Item] Failed to validate asset!
Id: Bench_Campfire
Path: /Server/Item/Items/Bench/Bench_Campfire.json
Key: Recipe
Results:
	WARNING: Bench Requirement in recipe for 'Fieldcraft' should not have a delay (TimeSeconds) set!

[2026/02/05 01:19:02   WARN]                [AssetStore|Item] Failed to validate asset!
Id: Tool_Pickaxe_Crude
Path: /Server/Item/Items/Tool/Pickaxe/Tool_Pickaxe_Crude.json
Key: Recipe
Results:
	WARNING: Bench Requirement in recipe for 'Fieldcraft' should not have a delay (TimeSeconds) set!

[2026/02/05 01:19:02   WARN]                [AssetStore|Item] Failed to validate asset!
Id: Furniture_Crude_Chest_Small
Path: /Server/Item/Items/Furniture/Crude/Furniture_Crude_Chest_Small.json
Key: Recipe
Results:
	WARNING: Bench Requirement in recipe for 'Fieldcraft' should not have a delay (TimeSeconds) set!

[2026/02/05 01:19:02   WARN]                [AssetStore|Item] Failed to validate asset!
Id: Furniture_Crude_Bed
Path: /Server/Item/Items/Furniture/Crude/Furniture_Crude_Bed.json
Key: Recipe
Results:
	WARNING: Bench Requirement in recipe for 'Fieldcraft' should not have a delay (TimeSeconds) set!

[2026/02/05 01:19:02   WARN]                [AssetStore|Item] Failed to validate asset!
Id: Weapon_Sword_Crude
Path: /Server/Item/Items/Weapon/Sword/Weapon_Sword_Crude.json
Key: Recipe
Results:
	WARNING: Bench Requirement in recipe for 'Fieldcraft' should not have a delay (TimeSeconds) set!

[2026/02/05 01:19:02   WARN]                [AssetStore|Item] Failed to find inherited parent asset Template_Crop_Item (BlockType) for Plant_Crop_Wheat_Item
[2026/02/05 01:19:02   WARN]                [AssetStore|Item] Failed to find inherited parent asset Template_Crop_Item (BlockType) for Plant_Crop_Corn_Item
[2026/02/05 01:19:02   WARN]                [AssetStore|Item] Failed to find inherited parent asset Template_Crop_Item (BlockType) for Plant_Crop_Lettuce_Item
[2026/02/05 01:19:02   WARN]                [AssetStore|Item] Failed to find inherited parent asset Template_Crop_Item (BlockType) for Plant_Crop_Onion_Item
[2026/02/05 01:19:02   WARN]                [AssetStore|Item] Failed to find inherited parent asset Template_Crop_Item (BlockType) for Plant_Crop_Carrot_Item
[2026/02/05 01:19:02   WARN]                [AssetStore|Item] Failed to find inherited parent asset Template_Crop_Item (BlockType) for Plant_Crop_Aubergine_Item
[2026/02/05 01:19:02   WARN]                [AssetStore|Item] Failed to find inherited parent asset Template_Crop_Item (BlockType) for Plant_Crop_Turnip_Item
[2026/02/05 01:19:02   WARN]                [AssetStore|Item] Failed to find inherited parent asset Template_Crop_Item (BlockType) for Plant_Crop_Potato_Item
[2026/02/05 01:19:02   WARN]                [AssetStore|Item] Failed to find inherited parent asset Template_Crop_Item (BlockType) for Plant_Crop_Pumpkin_Item
[2026/02/05 01:19:02   WARN]                [AssetStore|Item] Failed to find inherited parent asset Template_Crop_Item (BlockType) for Plant_Crop_Tomato_Item
[2026/02/05 01:19:02   WARN]                [AssetStore|Item] Failed to find inherited parent asset Template_Crop_Item (BlockType) for Plant_Crop_Rice_Item
[2026/02/05 01:19:02   WARN]                [AssetStore|Item] Failed to find inherited parent asset Template_Crop_Item (BlockType) for Plant_Crop_Chilli_Item
[2026/02/05 01:19:02   WARN]                [AssetStore|Item] Failed to find inherited parent asset Template_Crop_Item (BlockType) for Plant_Crop_Cauliflower_Item
[2026/02/05 01:19:02   WARN]         [AssetStore|Interaction] Unused key(s) in '**Teleporter_Interactions_Use_Interactions_0': Page.WarpNameWordList
[2026/02/05 01:19:02   WARN]         [AssetStore|Interaction] Unused key(s) in '**Portal_Device_Interactions_Use_Interactions_0': Page.Config.GameplayConfig
[2026/02/05 01:19:03   WARN]           [AssetStore|BlockType] Unused key(s) in '*Prototype_Geyser_State_Definitions_Off': SoundEventId
[2026/02/05 01:19:03   WARN]           [AssetStore|BlockType] Unused key(s) in '*Prototype_Geyser_State_Definitions_On': SoundEventId
[2026/02/05 01:19:03   WARN]         [AssetStore|Interaction] Unused key(s) in '***Teleporter_State_Definitions_Active_Interactions_Use_Interactions_0': Page.WarpNameWordList
[2026/02/05 01:19:03   WARN]         [AssetStore|Interaction] Unused key(s) in '**Template_Weapon_Crossbow_InteractionVars_Guard_Bash_Interactions_1': Effects, StatModifiers
[2026/02/05 01:19:03   WARN]         [AssetStore|Interaction] Unused key(s) in '**Weapon_Staff_Thorium_InteractionVars_Staff_Cast_Summon_Charged_Interactions_0': Costs
[2026/02/05 01:19:03   WARN]         [AssetStore|Interaction] Unused key(s) in '**Weapon_Staff_Iron_InteractionVars_Staff_Cast_Summon_Charged_Interactions_0': Costs
[2026/02/05 01:19:03   WARN]         [AssetStore|Interaction] Unused key(s) in '**Weapon_Staff_Bone_InteractionVars_Staff_Cast_Summon_Charged_Interactions_0': Costs
[2026/02/05 01:19:03   WARN]         [AssetStore|Interaction] Unused key(s) in '**Weapon_Staff_Wood_InteractionVars_Staff_Cast_Summon_Charged_Interactions_0': Costs
[2026/02/05 01:19:03   WARN]         [AssetStore|Interaction] Unused key(s) in '**Weapon_Staff_Cane_InteractionVars_Staff_Cast_Summon_Charged_Interactions_0': Costs
[2026/02/05 01:19:03   WARN]         [AssetStore|Interaction] Unused key(s) in '**Weapon_Staff_Copper_InteractionVars_Staff_Cast_Summon_Charged_Interactions_0': Costs
[2026/02/05 01:19:03   WARN]         [AssetStore|Interaction] Unused key(s) in '**Template_Weapon_Shield_InteractionVars_Guard_Bash_Interactions_1': Effects, StatModifiers
[2026/02/05 01:19:03   WARN]         [AssetStore|Interaction] Unused key(s) in '**Weapon_Staff_Onion_InteractionVars_Staff_Cast_Summon_Charged_Interactions_0': Costs
[2026/02/05 01:19:03   WARN]         [AssetStore|Interaction] Unused key(s) in '**Halloween_Broomstick_InteractionVars_Staff_Cast_Summon_Charged_Interactions_0': Costs
[2026/02/05 01:19:03   WARN]         [AssetStore|Interaction] Unused key(s) in '**Weapon_Staff_Cobalt_InteractionVars_Staff_Cast_Summon_Charged_Interactions_0': Costs
[2026/02/05 01:19:03   WARN]         [AssetStore|Interaction] Unused key(s) in '**Weapon_Staff_Doomed_InteractionVars_Staff_Cast_Summon_Charged_Interactions_0': Costs
[2026/02/05 01:19:03   WARN]         [AssetStore|Interaction] Unused key(s) in '**Weapon_Staff_Adamantite_InteractionVars_Staff_Cast_Summon_Charged_Interactions_0': Costs
[2026/02/05 01:19:03   WARN]         [AssetStore|Interaction] Unused key(s) in '**Weapon_Staff_Mithril_InteractionVars_Staff_Cast_Summon_Charged_Interactions_0': Costs
[2026/02/05 01:19:03   WARN]         [AssetStore|Interaction] Unused key(s) in '**Weapon_Staff_Bo_Bamboo_InteractionVars_Staff_Cast_Summon_Charged_Interactions_0': Costs
[2026/02/05 01:19:03   WARN]         [AssetStore|Interaction] Unused key(s) in '**Weapon_Staff_Wood_Kweebec_InteractionVars_Staff_Cast_Summon_Charged_Interactions_0': Costs
[2026/02/05 01:19:03   WARN]         [AssetStore|Interaction] Unused key(s) in '**Weapon_Staff_Wood_Rotten_InteractionVars_Staff_Cast_Summon_Charged_Interactions_0': Costs
[2026/02/05 01:19:03   WARN]         [AssetStore|Interaction] Unused key(s) in '**Weapon_Staff_Frost_InteractionVars_Staff_Cast_Summon_Charged_Interactions_0': Costs
[2026/02/05 01:19:03   WARN]         [AssetStore|Interaction] Unused key(s) in '**Template_Weapon_Shortbow_InteractionVars_Guard_Bash_Interactions_1': Effects, StatModifiers
[2026/02/05 01:19:03   WARN]         [AssetStore|Interaction] Unused key(s) in '**Weapon_Staff_Crystal_Purple_InteractionVars_Staff_Cast_Summon_Charged_Interactions_0': Costs
[2026/02/05 01:19:03   WARN]         [AssetStore|Interaction] Unused key(s) in '**Weapon_Staff_Crystal_Red_InteractionVars_Staff_Cast_Summon_Charged_Interactions_0': Costs
[2026/02/05 01:19:03   WARN]         [AssetStore|Interaction] Unused key(s) in '**Weapon_Staff_Wizard_InteractionVars_Staff_Cast_Summon_Charged_Interactions_0': Costs
[2026/02/05 01:19:03   WARN]         [AssetStore|Interaction] Unused key(s) in '**Weapon_Staff_Crystal_Fire_Trork_InteractionVars_Staff_Cast_Summon_Charged_Interactions_0': Costs
[2026/02/05 01:19:03   WARN]         [AssetStore|Interaction] Unused key(s) in '**Weapon_Staff_Bronze_InteractionVars_Staff_Cast_Summon_Charged_Interactions_0': Costs
[2026/02/05 01:19:03   WARN]         [AssetStore|Interaction] Unused key(s) in '**Weapon_Staff_Onyxium_InteractionVars_Staff_Cast_Summon_Charged_Interactions_0': Costs
[2026/02/05 01:19:03   WARN]         [AssetStore|Interaction] Unused key(s) in '**Weapon_Staff_Crystal_Flame_InteractionVars_Fireball_Impact_2_Interactions_0': EntityStatsOnHit
[2026/02/05 01:19:03   WARN]         [AssetStore|Interaction] Unused key(s) in '**Weapon_Staff_Bo_Wood_InteractionVars_Staff_Cast_Summon_Charged_Interactions_0': Costs
[2026/02/05 01:19:03   WARN]         [AssetStore|Interaction] Unused key(s) in '**Weapon_Shield_Copper_InteractionVars_Guard_Bash_Interactions_0': Effects, StatModifiers
[2026/02/05 01:19:03   WARN]         [AssetStore|Interaction] Unused key(s) in '**Weapon_Staff_Crystal_Flame_InteractionVars_Fireball_Impact_3_Interactions_0': EntityStatsOnHit
[2026/02/05 01:19:03   WARN]         [AssetStore|Interaction] Unused key(s) in '***Plant_Crop_Mushroom_Glowing_Orange_Interactions_Secondary_Interactions_0_Next': Effects
[2026/02/05 01:19:03   WARN]         [AssetStore|Interaction] Unused key(s) in '***Plant_Crop_Mushroom_Glowing_Red_Interactions_Secondary_Interactions_0_Next': Effects
[2026/02/05 01:19:03   WARN]         [AssetStore|Interaction] Unused key(s) in '***Plant_Crop_Mushroom_Glowing_Violet_Interactions_Secondary_Interactions_0_Next': Effects
[2026/02/05 01:19:03   WARN]         [AssetStore|Interaction] Unused key(s) in '***Plant_Crop_Mushroom_Glowing_Green_Interactions_Secondary_Interactions_0_Next': Effects
[2026/02/05 01:19:03   WARN]         [AssetStore|Interaction] Unused key(s) in '***Plant_Seaweed_Grass_Stack_Interactions_Secondary_Interactions_0_Next': Effects
[2026/02/05 01:19:03   WARN]         [AssetStore|Interaction] Unused key(s) in '***Plant_Crop_Mushroom_Glowing_Purple_Interactions_Secondary_Interactions_0_Next': Effects
[2026/02/05 01:19:03   WARN]         [AssetStore|Interaction] Unused key(s) in '***Plant_Crop_Mushroom_Glowing_Blue_Interactions_Secondary_Interactions_0_Next': Effects
[2026/02/05 01:19:03   WARN]      [AssetStore|GameplayConfig] Unused key(s) in 'Default' file /Server/GameplayConfigs/Default.json: Ping
[2026/02/05 01:19:03   WARN]      [AssetStore|GameplayConfig] Unused key(s) in 'Default_Instance' file /Server/GameplayConfigs/Default_Instance.json: Death.LoseItems
[2026/02/05 01:19:03   INFO]            [AssetRegistryLoader] Took 5sec 422ms 981us 200ns to load all assets
[2026/02/05 01:19:03   INFO]                         [Hytale] Loading assets from: C:\Users\mateu\AppData\Roaming\Hytale\UserData\Saves\MOD_Testing\mods\HF_HorseFollow\Server
[2026/02/05 01:19:03   INFO]            [AssetRegistryLoader] Loading assets from C:\Users\mateu\AppData\Roaming\Hytale\UserData\Saves\MOD_Testing\mods\HF_HorseFollow\Server
[2026/02/05 01:19:03   INFO]            [AssetRegistryLoader] Took 11ms 851us 800ns to load all assets
[2026/02/05 01:19:03   INFO]                         [Hytale] Loading NPC assets phase...
[2026/02/05 01:19:03   INFO]                          [NPC|P] Starting to load NPC builders!
[2026/02/05 01:19:04   WARN]                          [NPC|P] Replacing asset 'Test_Patrol_Path' of file '/Server/NPC/Roles/_Core/Tests_Development/Test_Patrol_Path.json' with other file '/Server/NPC/Roles/_Core/Tests/Paths/Test_Patrol_Path.json'
[2026/02/05 01:19:05   INFO]                          [NPC|P] Validating loaded NPC configurations...
[2026/02/05 01:19:05   WARN]                          [NPC|P] Animation Eat does not exist for model Trillodon!
[2026/02/05 01:19:05   WARN]                          [NPC|P] Animation Curious does not exist for model Trillodon!
[2026/02/05 01:19:05   WARN]                          [NPC|P] Animation GreetAnimation does not exist for model Trillodon!
[2026/02/05 01:19:05   WARN]                          [NPC|P] Animation Eat does not exist for model Spark_Living!
[2026/02/05 01:19:05   WARN]                          [NPC|P] Animation Curious does not exist for model Spark_Living!
[2026/02/05 01:19:05   WARN]                          [NPC|P] Animation GreetAnimation does not exist for model Spark_Living!
[2026/02/05 01:19:05   WARN]                          [NPC|P] Animation GreetAnimation does not exist for model Tortoise!
[2026/02/05 01:19:05   WARN]                          [NPC|P] Animation Eat does not exist for model Lizard_Sand!
[2026/02/05 01:19:05   WARN]                          [NPC|P] Animation Curious does not exist for model Lizard_Sand!
[2026/02/05 01:19:05   WARN]                          [NPC|P] Animation GreetAnimation does not exist for model Lizard_Sand!
[2026/02/05 01:19:05   WARN]                          [NPC|P] Animation Wave does not exist for model Temple_Mithril_Guard!
[2026/02/05 01:19:05   WARN]                          [NPC|P] Animation Rally does not exist for model Outlander_Sorcerer!
[2026/02/05 01:19:05   WARN]                          [NPC|P] Animation Alerted does not exist for model Scarak_Broodmother!
[2026/02/05 01:19:05   WARN]                          [NPC|P] Animation Leap does not exist for model Goblin_Duke_Large!
[2026/02/05 01:19:05   WARN]                          [NPC|P] Animation Sleep does not exist for model Slug_Magma!
[2026/02/05 01:19:05   WARN]                          [NPC|P] Animation Alerted does not exist for model Slug_Magma!
[2026/02/05 01:19:05   WARN]                          [NPC|P] Animation Laydown does not exist for model Slug_Magma!
[2026/02/05 01:19:05   WARN]                          [NPC|P] Animation Wake does not exist for model Slug_Magma!
[2026/02/05 01:19:05   WARN]                          [NPC|P] Animation Eat does not exist for model Hatworm!
[2026/02/05 01:19:05   WARN]                          [NPC|P] Animation Curious does not exist for model Hatworm!
[2026/02/05 01:19:05   WARN]                          [NPC|P] Animation GreetAnimation does not exist for model Hatworm!
[2026/02/05 01:19:05   WARN]                          [NPC|P] Animation Leap does not exist for model Goblin_Duke!
[2026/02/05 01:19:05   WARN]                          [NPC|P] Animation Alerted does not exist for model Kweebec_Rootling!
[2026/02/05 01:19:05   WARN]                          [NPC|P] Animation Sleep does not exist for model Tuluk_Fisherman!
[2026/02/05 01:19:05   WARN]                          [NPC|P] Animation Alerted does not exist for model Tuluk_Fisherman!
[2026/02/05 01:19:05   WARN]                          [NPC|P] Animation Laydown does not exist for model Tuluk_Fisherman!
[2026/02/05 01:19:05   WARN]                          [NPC|P] Animation Wake does not exist for model Tuluk_Fisherman!
[2026/02/05 01:19:05   WARN]                          [NPC|P] Animation Alerted does not exist for model Scarak_Broodmother!
[2026/02/05 01:19:05   WARN]                          [NPC|P] Animation Wave does not exist for model Frog_Blue!
[2026/02/05 01:19:05   WARN]                          [NPC|P] Animation Wave does not exist for model Frog_Orange!
[2026/02/05 01:19:05   WARN]                          [NPC|P] Animation Alerted does not exist for model Scarak_Broodmother!
[2026/02/05 01:19:05   WARN]                          [NPC|P] Animation Leap does not exist for model Goblin_Duke!
[2026/02/05 01:19:05   WARN]                          [NPC|P] Animation Sleep does not exist for model Wraith_Lantern!
[2026/02/05 01:19:05   WARN]                          [NPC|P] Animation Alerted does not exist for model Wraith_Lantern!
[2026/02/05 01:19:05   WARN]                          [NPC|P] Animation Laydown does not exist for model Wraith_Lantern!
[2026/02/05 01:19:05   WARN]                          [NPC|P] Animation Wake does not exist for model Wraith_Lantern!
[2026/02/05 01:19:05   WARN]                          [NPC|P] Animation Rally does not exist for model Outlander_Priest!
[2026/02/05 01:19:05   INFO]                          [NPC|P] Validation complete.
[2026/02/05 01:19:05   INFO]                          [NPC|P] Loaded 897 NPC configurations, Test: 243, Component: 143, Abstract: 51, Variant: 418, Generic: 44
[2026/02/05 01:19:05   INFO]                          [NPC|P] Starting to load NPC builders!
[2026/02/05 01:19:05   INFO]                          [NPC|P] Validating loaded NPC configurations...
[2026/02/05 01:19:05   WARN]                          [NPC|P] Animation Eat does not exist for model Trillodon!
[2026/02/05 01:19:05   WARN]                          [NPC|P] Animation Curious does not exist for model Trillodon!
[2026/02/05 01:19:05   WARN]                          [NPC|P] Animation GreetAnimation does not exist for model Trillodon!
[2026/02/05 01:19:05   WARN]                          [NPC|P] Animation Eat does not exist for model Spark_Living!
[2026/02/05 01:19:05   WARN]                          [NPC|P] Animation Curious does not exist for model Spark_Living!
[2026/02/05 01:19:05   WARN]                          [NPC|P] Animation GreetAnimation does not exist for model Spark_Living!
[2026/02/05 01:19:05   WARN]                          [NPC|P] Animation GreetAnimation does not exist for model Tortoise!
[2026/02/05 01:19:05   WARN]                          [NPC|P] Animation Eat does not exist for model Lizard_Sand!
[2026/02/05 01:19:05   WARN]                          [NPC|P] Animation Curious does not exist for model Lizard_Sand!
[2026/02/05 01:19:05   WARN]                          [NPC|P] Animation GreetAnimation does not exist for model Lizard_Sand!
[2026/02/05 01:19:05   WARN]                          [NPC|P] Animation Wave does not exist for model Temple_Mithril_Guard!
[2026/02/05 01:19:05   WARN]                          [NPC|P] Animation Rally does not exist for model Outlander_Sorcerer!
[2026/02/05 01:19:05   WARN]                          [NPC|P] Animation Alerted does not exist for model Scarak_Broodmother!
[2026/02/05 01:19:05   WARN]                          [NPC|P] Animation Leap does not exist for model Goblin_Duke_Large!
[2026/02/05 01:19:05   WARN]                          [NPC|P] Animation Sleep does not exist for model Slug_Magma!
[2026/02/05 01:19:05   WARN]                          [NPC|P] Animation Alerted does not exist for model Slug_Magma!
[2026/02/05 01:19:05   WARN]                          [NPC|P] Animation Laydown does not exist for model Slug_Magma!
[2026/02/05 01:19:05   WARN]                          [NPC|P] Animation Wake does not exist for model Slug_Magma!
[2026/02/05 01:19:05   WARN]                          [NPC|P] Animation Eat does not exist for model Hatworm!
[2026/02/05 01:19:05   WARN]                          [NPC|P] Animation Curious does not exist for model Hatworm!
[2026/02/05 01:19:05   WARN]                          [NPC|P] Animation GreetAnimation does not exist for model Hatworm!
[2026/02/05 01:19:05   WARN]                          [NPC|P] Animation Leap does not exist for model Goblin_Duke!
[2026/02/05 01:19:05   WARN]                          [NPC|P] Animation Alerted does not exist for model Kweebec_Rootling!
[2026/02/05 01:19:05   WARN]                          [NPC|P] Animation Sleep does not exist for model Tuluk_Fisherman!
[2026/02/05 01:19:05   WARN]                          [NPC|P] Animation Alerted does not exist for model Tuluk_Fisherman!
[2026/02/05 01:19:05   WARN]                          [NPC|P] Animation Laydown does not exist for model Tuluk_Fisherman!
[2026/02/05 01:19:05   WARN]                          [NPC|P] Animation Wake does not exist for model Tuluk_Fisherman!
[2026/02/05 01:19:05   WARN]                          [NPC|P] Animation Alerted does not exist for model Scarak_Broodmother!
[2026/02/05 01:19:05   WARN]                          [NPC|P] Animation Wave does not exist for model Frog_Blue!
[2026/02/05 01:19:05   WARN]                          [NPC|P] Animation Wave does not exist for model Frog_Orange!
[2026/02/05 01:19:05   WARN]                          [NPC|P] Animation Alerted does not exist for model Scarak_Broodmother!
[2026/02/05 01:19:05   WARN]                          [NPC|P] Animation Leap does not exist for model Goblin_Duke!
[2026/02/05 01:19:05   WARN]                          [NPC|P] Animation Sleep does not exist for model Wraith_Lantern!
[2026/02/05 01:19:05   WARN]                          [NPC|P] Animation Alerted does not exist for model Wraith_Lantern!
[2026/02/05 01:19:05   WARN]                          [NPC|P] Animation Laydown does not exist for model Wraith_Lantern!
[2026/02/05 01:19:05   WARN]                          [NPC|P] Animation Wake does not exist for model Wraith_Lantern!
[2026/02/05 01:19:05   WARN]                          [NPC|P] Animation Rally does not exist for model Outlander_Priest!
[2026/02/05 01:19:05   INFO]                          [NPC|P] Validation complete.
[2026/02/05 01:19:05   INFO]                          [NPC|P] Loaded 897 NPC configurations
[2026/02/05 01:19:05   INFO]                         [Hytale] Loading NPC assets phase completed! Boot time 14sec 23ms 658us 100ns, Took 2sec 92ms 16us 900ns
[2026/02/05 01:19:05   INFO]                         [Hytale] Validating Spawn assets phase...
[2026/02/05 01:19:05   INFO]                         [Hytale] Spawn assets validation phase completed! Boot time 14sec 25ms 128us 100ns, Took 1ms 333us 100ns
[2026/02/05 01:19:05   INFO]                   [I18nModule|P] Loaded 7870 entries for 'en-US' from /Server/Languages
[2026/02/05 01:19:05   INFO]                   [I18nModule|P] Loaded 51 entries from /Server/Languages/fallback.lang
-=|Setup|0.0
[2026/02/05 01:19:05   INFO]                   [HytaleServer] Starting plugin manager...
-=|Starting|1.0
[2026/02/05 01:19:05   INFO]                  [PluginManager] Enabled plugin Hytale:WorldLocationCondition
-=|Starting|2.0
[2026/02/05 01:19:05   INFO]                  [PluginManager] Enabled plugin Hytale:ServerManager
-=|Starting|4.0
[2026/02/05 01:19:05   INFO]                  [PluginManager] Enabled plugin Hytale:SprintForce
-=|Starting|5.0
[2026/02/05 01:19:05   INFO]                  [PluginManager] Enabled plugin Hytale:MigrationModule
-=|Starting|6.0
[2026/02/05 01:19:05   INFO]                  [PluginManager] Enabled plugin Hytale:AssetModule
-=|Starting|7.000000000000001
[2026/02/05 01:19:05   INFO]                  [PluginManager] Enabled plugin Hytale:ConsoleModule
-=|Starting|8.0
[2026/02/05 01:19:05   INFO]                  [PluginManager] Enabled plugin Hytale:TimeModule
-=|Starting|10.0
[2026/02/05 01:19:05   INFO]                  [PluginManager] Enabled plugin Hytale:CollisionModule
-=|Starting|11.0
[2026/02/05 01:19:05   INFO]                  [PluginManager] Enabled plugin Hytale:DebugPlugin
-=|Starting|12.0
[2026/02/05 01:19:05   INFO]                  [PluginManager] Enabled plugin Hytale:SplitVelocity
-=|Starting|13.0
[2026/02/05 01:19:05   INFO]                  [PluginManager] Enabled plugin Hytale:Model
-=|Starting|14.000000000000002
[2026/02/05 01:19:05   INFO]                  [PluginManager] Enabled plugin Hytale:CrouchSlide
-=|Starting|16.0
[2026/02/05 01:19:05   INFO]                  [PluginManager] Enabled plugin Hytale:Universe
-=|Starting|17.0
[2026/02/05 01:19:05   INFO]                  [PluginManager] Enabled plugin Hytale:TagSet
[2026/02/05 01:19:05   INFO]                [ServerManager|P] Listening on /127.0.0.1:54406 and took 4ms 255us 100ns
[2026/02/05 01:19:05   INFO]                   [UpdateModule] Update checker disabled: singleplayer mode
-=|Starting|18.0
[2026/02/05 01:19:05   INFO]                  [PluginManager] Enabled plugin Hytale:UpdateModule
-=|Starting|19.0
[2026/02/05 01:19:05   INFO]                  [PluginManager] Enabled plugin Hytale:AccessControlModule
-=|Starting|20.0
[2026/02/05 01:19:05   INFO]                  [PluginManager] Enabled plugin Hytale:CommandMacro
-=|Starting|22.0
[2026/02/05 01:19:05   INFO]                  [PluginManager] Enabled plugin Hytale:SafetyRoll
-=|Starting|23.0
[2026/02/05 01:19:05   INFO]                  [PluginManager] Enabled plugin Hytale:HytaleGenerator
-=|Starting|24.0
[2026/02/05 01:19:05   INFO]                  [PluginManager] Enabled plugin Hytale:ItemModule
-=|Starting|25.0
[2026/02/05 01:19:05   INFO]                  [PluginManager] Enabled plugin Hytale:CommonAssetModule
-=|Starting|27.0
[2026/02/05 01:19:05   INFO]                  [PluginManager] Enabled plugin Hytale:CosmeticsModule
[2026/02/05 01:19:05   INFO]                [ServerManager|P] Listening on /[0:0:0:0:0:0:0:1]:54406 and took 10ms 486us 800ns
-=|Starting|28.000000000000004
[2026/02/05 01:19:05   INFO]                  [PluginManager] Enabled plugin Hytale:I18nModule
-=|Starting|28.999999999999996
[2026/02/05 01:19:05   INFO]                  [PluginManager] Enabled plugin Hytale:LegacyModule
-=|Starting|30.0
[2026/02/05 01:19:05   INFO]                  [PluginManager] Enabled plugin Hytale:LANDiscovery
-=|Starting|31.0
[2026/02/05 01:19:05   INFO]                  [PluginManager] Enabled plugin Hytale:Mantling
-=|Starting|33.0
[2026/02/05 01:19:05   INFO]                  [PluginManager] Enabled plugin Hytale:PermissionsModule
-=|Starting|34.0
[2026/02/05 01:19:05   INFO]                  [PluginManager] Enabled plugin Hytale:Deployables
-=|Starting|35.0
[2026/02/05 01:19:05   INFO]                  [PluginManager] Enabled plugin Hytale:BlockSetModule
-=|Starting|36.0
[2026/02/05 01:19:05   INFO]                  [PluginManager] Enabled plugin Hytale:FlyCameraModule
-=|Starting|37.0
[2026/02/05 01:19:05   INFO]                  [PluginManager] Enabled plugin Hytale:EntityModule
-=|Starting|39.0
[2026/02/05 01:19:05   INFO]                  [PluginManager] Enabled plugin Hytale:BlockTick
-=|Starting|40.0
[2026/02/05 01:19:05   INFO]                  [PluginManager] Enabled plugin Hytale:BlockHealthModule
-=|Starting|41.0
[2026/02/05 01:19:05   INFO]                  [PluginManager] Enabled plugin Hytale:InteractionModule
-=|Starting|42.0
[2026/02/05 01:19:05   INFO]                  [PluginManager] Enabled plugin Hytale:ServerPlayerListModule
-=|Starting|43.0
[2026/02/05 01:19:05   INFO]                  [PluginManager] Enabled plugin Hytale:ConnectedBlocksModule
-=|Starting|45.0
[2026/02/05 01:19:05   INFO]                  [PluginManager] Enabled plugin Hytale:BlockTypeModule
-=|Starting|46.0
[2026/02/05 01:19:05   INFO]                  [PluginManager] Enabled plugin Hytale:BlockModule
-=|Starting|47.0
[2026/02/05 01:19:05   INFO]                  [PluginManager] Enabled plugin Hytale:Weather
-=|Starting|48.0
[2026/02/05 01:19:05   INFO]                  [PluginManager] Enabled plugin Hytale:Reputation
-=|Starting|49.0
[2026/02/05 01:19:05   INFO]                  [PluginManager] Enabled plugin Hytale:Parkour
-=|Starting|51.0
[2026/02/05 01:19:05   INFO]                  [PluginManager] Enabled plugin Hytale:ProjectileModule
-=|Starting|52.0
[2026/02/05 01:19:05   INFO]                  [PluginManager] Enabled plugin Hytale:Teleport
-=|Starting|53.0
[2026/02/05 01:19:05   INFO]                  [PluginManager] Enabled plugin Hytale:WorldGen
-=|Starting|54.0
[2026/02/05 01:19:05   INFO]                  [PluginManager] Enabled plugin Hytale:BlockStateModule
[2026/02/05 01:19:05   INFO] [World|instance-CreativeHub-47cbd10a-e6e3-4219-a2ac-6ef510f19559] Loading world 'instance-CreativeHub-47cbd10a-e6e3-4219-a2ac-6ef510f19559' with generator type: 'HytaleWorldGenProvider{name='Instance_Creative_Hub', path='null'}' and chunk storage: 'DefaultChunkStorageProvider{DEFAULT=IndexedStorageChunkStorageProvider{}}'...
[2026/02/05 01:19:05   INFO] [World|instance-CreativeHub-b3e10ce5-f66a-4568-bc87-cb2d5da68612] Loading world 'instance-CreativeHub-b3e10ce5-f66a-4568-bc87-cb2d5da68612' with generator type: 'HytaleWorldGenProvider{name='Instance_Creative_Hub', path='null'}' and chunk storage: 'DefaultChunkStorageProvider{DEFAULT=IndexedStorageChunkStorageProvider{}}'...
[2026/02/05 01:19:05   INFO]            [World|default_world] Loading world 'default_world' with generator type: 'HytaleWorldGenProvider{name='Default', path='null'}' and chunk storage: 'DefaultChunkStorageProvider{DEFAULT=IndexedStorageChunkStorageProvider{}}'...
[2026/02/05 01:19:05   INFO]       [World|zone3_taiga1_world] Loading world 'zone3_taiga1_world' with generator type: 'com.hypixel.hytale.builtin.hytalegenerator.plugin.HandleProvider@2d57dc29' and chunk storage: 'DefaultChunkStorageProvider{DEFAULT=IndexedStorageChunkStorageProvider{}}'...
[2026/02/05 01:19:05   INFO]                  [World|default] Loading world 'default' with generator type: 'HytaleWorldGenProvider{name='Default', path='null'}' and chunk storage: 'DefaultChunkStorageProvider{DEFAULT=IndexedStorageChunkStorageProvider{}}'...
[2026/02/05 01:19:05   INFO] [World|instance-CreativeHub-957745bb-8267-4550-9047-f369d82575d4] Loading world 'instance-CreativeHub-957745bb-8267-4550-9047-f369d82575d4' with generator type: 'HytaleWorldGenProvider{name='Instance_Creative_Hub', path='null'}' and chunk storage: 'DefaultChunkStorageProvider{DEFAULT=IndexedStorageChunkStorageProvider{}}'...
-=|Starting|55.00000000000001
[2026/02/05 01:19:05   INFO]                  [PluginManager] Enabled plugin Hytale:AssetEditor
-=|Starting|56.99999999999999
[2026/02/05 01:19:05   INFO]                  [PluginManager] Enabled plugin Hytale:Ambience
-=|Starting|57.99999999999999
[2026/02/05 01:19:05   INFO]                  [PluginManager] Enabled plugin Hytale:Teleporter
-=|Starting|59.0
[2026/02/05 01:19:05   INFO]                  [PluginManager] Enabled plugin Hytale:BlockPhysics
-=|Starting|60.0
[2026/02/05 01:19:05   INFO]                  [PluginManager] Enabled plugin Hytale:BuilderTools
-=|Starting|61.0
[2026/02/05 01:19:05   INFO]                  [PluginManager] Enabled plugin Hytale:Farming
-=|Starting|63.0
[2026/02/05 01:19:05   INFO]                  [PluginManager] Enabled plugin Hytale:Fluid
[2026/02/05 01:19:05   INFO]                [BarterShopState] Loaded barter shop state with 0 shops
[2026/02/05 01:19:05   INFO]                         [Shop|P] Barter shop state initialized
-=|Starting|64.0
[2026/02/05 01:19:05   INFO]                  [PluginManager] Enabled plugin Hytale:Shop
-=|Starting|65.0
[2026/02/05 01:19:05   INFO]                  [PluginManager] Enabled plugin Hytale:Crafting
[2026/02/05 01:19:05   INFO]           [SingleplayerModule|P] Client PID: 6092
-=|Starting|66.0
[2026/02/05 01:19:05   INFO]                  [PluginManager] Enabled plugin Hytale:SingleplayerModule
-=|Starting|67.0
[2026/02/05 01:19:05   INFO]                  [PluginManager] Enabled plugin Hytale:ShopReputation
-=|Starting|69.0
[2026/02/05 01:19:05   INFO]                  [PluginManager] Enabled plugin Hytale:EntityStatsModule
-=|Starting|70.0
[2026/02/05 01:19:05   INFO]                  [PluginManager] Enabled plugin Hytale:BlockSpawner
-=|Starting|71.0
[2026/02/05 01:19:05   INFO]                  [PluginManager] Enabled plugin Hytale:PrefabSpawnerModule
-=|Starting|72.0
[2026/02/05 01:19:05   INFO]                  [PluginManager] Enabled plugin Hytale:Instances
[2026/02/05 01:19:05   INFO]            [World|default_world] Added world 'default_world' - Seed: 1769180493810, GameTime: 0001-01-07T10:09:21.167919081Z
[2026/02/05 01:19:05   INFO] [World|instance-CreativeHub-47cbd10a-e6e3-4219-a2ac-6ef510f19559] Added world 'instance-CreativeHub-47cbd10a-e6e3-4219-a2ac-6ef510f19559' - Seed: 1618917989368, GameTime: 0001-01-01T16:50:44.090953998Z
[2026/02/05 01:19:05   INFO] [World|instance-CreativeHub-b3e10ce5-f66a-4568-bc87-cb2d5da68612] Added world 'instance-CreativeHub-b3e10ce5-f66a-4568-bc87-cb2d5da68612' - Seed: 1618917989368, GameTime: 0001-01-01T16:50:44.090953998Z
[2026/02/05 01:19:05   INFO]       [World|zone3_taiga1_world] Added world 'zone3_taiga1_world' - Seed: 1769179041685, GameTime: 0001-02-21T12:50:20.278368874Z
[2026/02/05 01:19:05   INFO]                  [World|default] Added world 'default' - Seed: 1769128959602, GameTime: 0001-02-21T22:50:48.327251054Z
[2026/02/05 01:19:05   INFO] [World|instance-CreativeHub-957745bb-8267-4550-9047-f369d82575d4] Added world 'instance-CreativeHub-957745bb-8267-4550-9047-f369d82575d4' - Seed: 1618917989368, GameTime: 0001-01-01T16:50:44.090953998Z
-=|Starting|73.0
[2026/02/05 01:19:05   INFO]                  [PluginManager] Enabled plugin Hytale:Objectives
-=|Starting|75.0
[2026/02/05 01:19:05   INFO]                  [PluginManager] Enabled plugin Hytale:Path
-=|Starting|76.0
[2026/02/05 01:19:05   INFO]                  [PluginManager] Enabled plugin Hytale:EntityUIModule
-=|Starting|77.0
[2026/02/05 01:19:05   INFO]                  [PluginManager] Enabled plugin Hytale:Stash
-=|Starting|78.0
[2026/02/05 01:19:05   INFO]                  [PluginManager] Enabled plugin Hytale:StaminaModule
-=|Starting|80.0
[2026/02/05 01:19:05   INFO]                  [PluginManager] Enabled plugin Hytale:ObjectiveShop
-=|Starting|81.0
[2026/02/05 01:19:05   INFO]                  [PluginManager] Enabled plugin Hytale:ObjectiveReputation
-=|Starting|82.0
[2026/02/05 01:19:05   INFO]                  [PluginManager] Enabled plugin Hytale:CreativeHub
-=|Starting|83.0
[2026/02/05 01:19:05   INFO]                  [PluginManager] Enabled plugin Hytale:DamageModule
-=|Starting|84.0
[2026/02/05 01:19:05   INFO]                  [PluginManager] Enabled plugin Hytale:Camera
-=|Starting|86.0
[2026/02/05 01:19:05   INFO]                  [PluginManager] Enabled plugin Hytale:NPC
-=|Starting|87.0
[2026/02/05 01:19:05   INFO]                  [PluginManager] Enabled plugin Hytale:Mounts
-=|Starting|88.0
[2026/02/05 01:19:05   INFO]                  [PluginManager] Enabled plugin Hytale:Flock
-=|Starting|89.0
[2026/02/05 01:19:05   INFO]                  [PluginManager] Enabled plugin Hytale:NPCEditor
[2026/02/05 01:19:05   INFO]     [World|zone3_taiga1_world|M] Initializing world map generator: com.hypixel.hytale.server.core.universe.world.worldmap.provider.chunk.ChunkWorldMap@52902cb9
-=|Starting|90.0
[2026/02/05 01:19:05   INFO]                  [PluginManager] Enabled plugin Hytale:Memories
-=|Starting|92.0
[2026/02/05 01:19:05   INFO]                  [PluginManager] Enabled plugin Hytale:NPCShop
-=|Starting|93.0
[2026/02/05 01:19:05   INFO]                  [PluginManager] Enabled plugin Hytale:Beds
-=|Starting|94.0
[2026/02/05 01:19:05   INFO]                  [PluginManager] Enabled plugin Hytale:Portals
-=|Starting|95.0
[2026/02/05 01:19:05   INFO]                  [PluginManager] Enabled plugin Hytale:NPCCombatActionEvaluator
-=|Starting|96.0
[2026/02/05 01:19:05   INFO]                  [PluginManager] Enabled plugin Hytale:NPCReputation
[2026/02/05 01:19:05   INFO]                     [Spawning|P] Successfully set up 96 world spawn configurations
[2026/02/05 01:19:05   INFO]                     [Spawning|P] Successfully set up 75 beacon spawn configurations
-=|Starting|98.0
[2026/02/05 01:19:05   INFO]                  [PluginManager] Enabled plugin Hytale:Spawning
-=|Starting|99.0
[2026/02/05 01:19:05   INFO]                  [PluginManager] Enabled plugin Hytale:NPCObjectives
[2026/02/05 01:19:05   INFO]                         [Hytale] Loading common assets from: /
[2026/02/05 01:19:05   INFO]            [CommonAssetModule|P] Took 25ms 217us 800ns to walk file tree and load 23 assets.
[2026/02/05 01:19:05   WARN]            [CommonAssetModule|P] Duplicated Asset Count: 939
[2026/02/05 01:19:05   INFO]                         [Hytale] Loading common assets phase completed! Boot time 25ms 674us 900ns, Took 25ms 511us
[2026/02/05 01:19:05   INFO]                         [Hytale] Loading assets from: /Server
[2026/02/05 01:19:05   INFO]            [AssetRegistryLoader] Loading assets from /Server
[2026/02/05 01:19:06   INFO]                 [WorldGenerator] Set prefab-store to: ASSETS
[2026/02/05 01:19:06   INFO]                 [WorldGenerator] Set prefab-store to: ASSETS
[2026/02/05 01:19:06   INFO]                 [WorldGenerator] Set prefab-store to: ASSETS
[2026/02/05 01:19:06   INFO]            [AssetRegistryLoader] Took 82ms 641us 200ns to load all assets
[2026/02/05 01:19:06   INFO]                   [I18nModule|P] Loaded 45 entries for 'pt-BR' from /Server/Languages
[2026/02/05 01:19:06   INFO]                   [I18nModule|P] Loaded 45 entries for 'en-US' from /Server/Languages
[2026/02/05 01:19:06   INFO]                      [AssetTree] Loaded Server/ asset tree! Took: 3ms 431us 800ns
[2026/02/05 01:19:06   INFO]                      [AssetTree] Loaded Common/ asset tree! Took: 280us 600ns
[2026/02/05 01:19:06   INFO]                      [AssetTree] Sorted asset tree! Took: 1ms 744us 400ns
[2026/02/05 01:19:06   INFO]                          [NPC|P] Starting to load NPC builders!
[2026/02/05 01:19:06   INFO]                 [WorldGenerator] Initialized ChunkGenerator-1 executor
[2026/02/05 01:19:06   INFO]                 [WorldGenerator] Initialized ChunkGenerator-0 executor
[2026/02/05 01:19:06   INFO]                 [WorldGenerator] Initialized ChunkGenerator-2 executor
[2026/02/05 01:19:06   WARN]                          [NPC|P] Unknown JSON attribute 'IsMountable' found in Role|Abstract: /Server/NPC/Roles/_Core/Templates/Template_Animal_Tamed.json (JSON: ance":{"Value":"Deer_Stag","Description":"The NPC's model."},"WanderRadius":{"Value":7,"Description":"The wander radius of the NPC."},"ViewRange":{"Value":16,"Description":"The view distance of the NPC, in blocks."},"ViewSector":{"Value":180,"Description":"The view sector of the NPC, in degrees."},"HearingRange":{"Value":8,"Description":"The hearing distance of the NPC, in blocks."},"AbsoluteDetectionRange":{"Value":4,"Description":"The range at which a target is guaranteed to be detected, in blocks. If set to zero, absolute detection will be disabled. Within the alerted state, this value has an upper bound of 0.75 * AlertedActionRange."},"AlertedRange":{"Value":18,"Description":"The range within which the target can be seen/sensed when the NPC is alerted to their presence, in blocks. Should be higher than sense ranges."},"AlertedActionRange":{"Value":12,"Description":"The range at which an NPC will react to other NPCs and players, depending on the attitude towards them, in blocks. Should be higher than AbsoluteDetectionRange."},"LeashDistance":{"Value":20,"Description":"The range at which an NPC will start to want to return to their spawn point, in blocks."},"AttractiveItems":{"Value":["Tool_Feedbag"],"Description":"The list of items that are deemed attractive (there's a chance targets holding them will be followed)."},"LovedItems":{"Value":[],"TypeHint":"String","Description":"The list of items that are deemed very attractive (it's guaranteed targets holding them will be followed and befriended)."},"AttractiveItemsTimeout":{"Value":[15,20],"Description":"The maximum timeout after which the NPC will lose interest in attractive times, regardless of range to the target, in seconds."},"AttractiveItemsSmellTimeout":{"Value":[8,12],"Description":"The timeout after which the NPC will lose interest in attractive times, when near the target, in seconds"},"DropList":{"Value":"Empty","Description":"The NPC's drop list."},"FlockArray":{"Value":[],"TypeHint":"String","Description":"The set of NPCs belonging to this flock type"},"HorseFollowEnabled":{"Value":false,"Description":"If true, this NPC will follow its flock leader while idle (used by HorseFollow mod)."},"ClimbHeight":{"Value":1,"Description":"The maximum climb height, in blocks."},"AttitudeGroup":{"Value":"Livestock","Description":"The attitude group this NPC belongs to."},"PlayerDefaultAttitude":{"Value":"Neutral","Description":"The default attitude towards the player."},"AlertedTimeoutReaction":{"Value":[2,6],"Description":"The timeout after which an alerted NPC will make a decision on whether to befriend the target, in seconds."},"AlertedTimeoutGiveUp":{"Value":[5,12],"Description":"The timeout after which an alerted NPC will give up on the target, in seconds."},"GrazingBlockSet":{"Value":"Grass","Description":"The type of block that this NPC will graze on top of."},"FoodBlockSet":{"Value":"Hay","Description":"The type of block that this NPC will occasionally seek out to munch on."},"FoodItemSet":{"Value":["Ingredient_Hay"],"Description":"The list of dropped items that this NPC will occasionally seek out to munch on."},"DayTimePeriod":{"Value":[6.01,17.99],"Description":"The hour range considered to be daytime for this NPC (inclusive). Hours should be written with decimal fractions."},"DayTimeNapWeight":{"Value":2,"Description":"The weight used to determine if the NPC should have a short nap during the day. Set to 0 to disable."},"DayTimeNapTimeRange":{"Value":[10,12],"Description":"The duration range of daytime naps, in seconds."},"SleepInstruction":{"Value":"Component_Instruction_Wild_Sleep_State","Description":"Instruction component for Sleep state (wake on time/damage/sound). Stay role overrides to HF_Component_Instruction_Stay_Sleep_State to disable time-based wake."},"StayIdleGoToSleep":{"Value":false,"Description":"HorseFollow stay: when true, in Idle state immediately transition to Sleep (so Laydown runs). Stay role sets true."},"DayFlavorAnimation":{"Value":"","Description":"The flavor animation to play during the day. Ignored if null or empty."},"GreetAnimation":{"Value":"","Description":"The flavor animation to play when greeting another NPC or player. Ignored if null or empty."},"ChanceToTurnFriendly":{"Value":25,"Description":"The chance that the NPC will befriend the target when in the alerted state."},"ChanceToTurnFriendlyWithAttractiveItem":{"Value":50,"Description":"The chance that the NPC will befriend the target, if the latter is holding an attractive item."},"FriendlyOverrideTime":{"Value":300,"Description":"The duration of the friendly attitude override for the target, in seconds."},"FriendlyOverrideTimeWithAttractiveItem":{"Value":900,"Description":"The duration of the friendly attitude override for the target, when the latter is holding an attractive item, in seconds."},"IgnoreOverrideTime":{"Value":1200,"Description":"The duration of the ignore attitude override for the target."},"WeightGreet":{"Value":1,"Description":"The chance that the NPC will greet a friendly target."},"WeightFollowItem":{"Value":1,"Description":"The chance that the NPC will follow a friendly target holding an attractive item."},"WeightFollow":{"Value":1,"Description":"The chance that the NPC will follow friendly NPCs or players at a distance."},"WeightIgnore":{"Value":1,"Description":"The chance that the NPC will ignore friendly NPCs of players."},"IsHarvestable":{"Value":false,"Description":"Whether this NPC can be 'harvested'. This includes shearing, milking, etc."},"HarvestInteractionContext":{"Value":"","Description":"The interaction context of the harvest tool. If empty, no tool is needed to harvest the NPC."},"HarvestRequiredAttitudes":{"Value":["Friendly","Neutral","Hostile","Ignore","Revered"],"Description":"The attitude groups of players that can harvest the NPC."},"HarvestDropList":{"Value":"","Description":"The drop list that's executed when the NPC is harvested."},"HarvestParticles":{"Value":"Alerted","Description":"The particle system that is spawned when the NPC is harvested."},"HarvestSound":{"Value":"SFX_Sheep_Sheared","Description":"The sound that plays when NPC is harvested."},"HarvestTimeout":{"Value":["P1D","P1D"],"Description":"The minimum time between consecutive harvests. Expressed in the ISO-8601 time period notation, where both values of the array must have the same prefix (either 'PT' or 'P')."},"HarvestModelSlot":{"Value":"","Description":"The model attachment slot where the 'harvested' state is displayed."},"HarvestModelAttachmentHarvestable":{"Value":"","Description":"The attachment that should be rendered when the NPC can be harvested."},"HarvestModelAttachmentHarvested":{"Value":"","Description":"The attachment that should be rendered when the NPC was harvested and is in timeout."},"HarvestAddItemBucket":{"Value":"","Description":"Item to add when player holds Container_Bucket (e.g., milk bucket for milking)."},"HarvestAddItemDecoBucket":{"Value":"","Description":"Item to add when player holds Deco_Bucket (e.g., milk bucket for milking)."},"ProduceItem":{"Value":"","Description":"The item this NPC produces (poop, eggs, etc)."},"ProduceTimeout":{"Value":["PT6H","PT36H"],"Description":"The timeout between consecutive produces."},"DayFlavorAnimationLength":{"Value":[3,5],"Description":"How long the daytime flavor animation will be played for, in seconds."},"Timid":{"Value":false,"Description":"Whether this NPC is timid or not. Timid NPCs are harder to approach and befriend."},"AttackWhenStartled":{"Value":false,"Description":"Whether this NPC attacks when startled."},"Attack":{"Value":"","Description":"The attack interaction this NPC will use."},"AttackRange":{"Value":5,"Description":"The range at which the NPC can identify an attacker."},"MaxSpeed":{"Value":4,"Description":"The maximum walking speed of the NPC."},"MaxHealth":{"Value":100,"Description":"The maximum health of the NPC."},"MaxRotationSpeed":{"Value":360,"Description":"The maximum rotation speed, in degrees per second."},"RunThreshold":{"Value":0.5,"Description":"The speed ratio at which the NPC switches to run animation (e.g if MaxSpeed is 10, and RunThreshold is set to 0.55, the NPC will start running at speed 5.5)."},"IsMemory":{"Value":false,"Description":"Whether the NPC is a memory."},"MemoriesCategory":{"Value":"Livestock","Description":"The category of the memory."},"MemoriesNameOverride":{"Value":"","Description":"If set, overrides the memory name."},"IsMountable":{"Value":false,"Description":"Whether this NPC can be mounted."},"MountAnchorX":{"Value":0},"MountAnchorY":{"Value":0},"MountAnchorZ":{"Value":0},"MountMovementConfig":{"Value":"Mount"},"BreathesInWater":{"Value":false,"Description":"Whether this NPC can breathe underwater."},"NameTranslationKey":{"Value":"server.npcRoles.Template.name","Description":"The translation key for the NPC name display"}},"IsMemory":{"Compute":"IsMemory"},"MemoriesCategory":{"Compute":"MemoriesCategory"},"MemoriesNameOverride":{"Compute":"MemoriesNameOverride"},"DropList":{"Compute":"DropList"},"FlockSpawnTypes":{"Compute":"FlockArray"},"FlockSpawnTypesRandom":true,"DisableDamageGroups":["Self"],"Appearance":{"Compute":"Appearance"},"DefaultPlayerAttitude":{"Compute":"PlayerDefaultAttitude"},"DefaultNPCAttitude":"Ignore","AttitudeGroup":{"Compute":"AttitudeGroup"},"ApplySeparation":true,"SeparationDistance":1,"SeparationWeight":1,"SeparationDistanceTarget":0.5,"SeparationNearRadiusTarget":1,"SeparationFarRadiusTarget":7,"BreathesInWater":{"Compute":"BreathesInWater"},"IsMountable":{"Compute":"IsMountable"},"MountAnchorX":{"Compute":"MountAnchorX"},"MountAnchorY":{"Compute":"MountAnchorY"},"MountAnchorZ":{"Compute":"MountAnchorZ"},"MountMovementConfig":{"Compute":"MountMovementConfig"},"KnockbackScale":0.5,"MotionControllerList":[{"Type":"Walk","MaxWalkSpeed":{"Compute":"MaxSpeed"},"Gravity":15,"MaxFallSpeed":15,"JumpHeight":0.1,"MaxRotationSpeed":{"Compute":"MaxRotationSpeed"},"Acceleration":100,"RunThreshold":{"Compute":"RunThreshold"},"DescentAnimationType":"Fall","DescentSteepness":2.5,"DescentBlending":1,"JumpDescentSteepness":8,"MaxClimbHeight":{"Compute":"ClimbHeight"}}],"StateTransitions":[{"States":[{"From":["Idle"],"To":["Sleep"]}],"Actions":{"Reference":"Component_ActionList_Sleep"}},{"States":[{"From":["Sleep"],"To":["Alerted","Flee","Idle"]}],"Actions":{"Reference":"Component_ActionList_Wake"}},{"$Comment":"Always clear animation when moving from Alerted or Flee state.","States":[{"To":[],"From":["Alerted","Flee"]}],"Actions":[{"Type":"PlayAnimation","Slot":"Status"},{"Type":"SetFlag","Name":"AnimationBlock","SetTo":false}]},{"$Comment":"Always clear target and reset instructions when going back to idle.","States":[{"To":["Idle"],"From":[]}],"Actions":[{"Type":"ReleaseTarget"},{"Type":"ResetInstructions"},{"Type":"PlayAnimation","Slot":"Status"}]},{"$Comment":"Clear idle anims","States":[{"To":[],"From":["Idle"]}],"Actions":[{"Type":"PlayAnimation","Slot":"Status"}]}],"MaxHealth":{"Compute":"MaxHealth"},"InteractionVars":{"Melee_Damage":{"Interactions":[{"$Comment":"Config for a successful melee hit, default values for Effects and HitShape are not overwritten here, see each NPC_ file","Parent":"NPC_Attack_Melee_Damage","DamageCalculator":{"Type":"Absolute","BaseDamage":{"Physical":5},"RandomPercentageModifier":0.1}}]}},"Instructions":[{"$Comment":"This is separate so it can run all the time regardless of the rest of the script","Continue":true,"Instructions":[{"$Comment":"Update flock member leash positions to match the leader.","Enabled":{"Compute":"!isEmptyStringArray(FlockArray)"},"Continue":true,"Sensor":{"Type":"And","Sensors":[{"Type":"FlockLeader"},{"Type":"Self","Filters":[{"Type":"Flock","FlockStatus":"Follower"}]}]},"Actions":[{"Type":"Timeout","Delay":[0.5,2],"Action":{"Type":"SetLeashPosition","ToTarget":true}}]},{"$Comment":"HorseFollow: Follow flock leader while idle (Seek). Disabled when mounted so idle anims do not run.","Enabled":{"Compute":"HorseFollowEnabled && !isEmptyStringArray(FlockArray)"},"Continue":true,"Sensor":{"Type":"And","Sensors":[{"Type":"State","State":"Idle"},{"Type":"FlockLeader"},{"Type":"Self","Filters":[{"Type":"Flock","FlockStatus":"Follower"}]}]},"HeadMotion":{"Type":"Watch"},"BodyMotion":{"Type":"Seek","SlowDownDistance":7,"StopDistance":4},"Actions":[{"$Comment":"Clear Status slot so Walk motion controller drives Walk/Run animation instead of Idle.","Type":"PlayAnimation","Slot":"Status"}]},{"$Comment":"Join eligible flocks if not a member of a flock.","Enabled":{"Compute":"!isEmptyStringArray(FlockArray)"},"Sensor":{"Type":"Mob","Range":20,"ExcludeOwnType":false,"LockOnTarget":true,"Filters":[{"Type":"NPCGroup","IncludeGroups":["Self"]},{"Type":"Flock","FlockStatus":"NotMember"}]},"Actions":[{"Type":"JoinFlock"}]}]},{"Continue":true,"$Comment":"This is separate so it can run all the time regardless of the rest of the script, when in water go straight to panic to get out","Instructions":[{"Sensor":{"Type":"And","Sensors":[{"Type":"InWater"},{"Type":"Not","Sensor":{"Type":"State","State":"Panic"}}]},"Actions":[{"Type":"State","State":"Panic"}]}]},{"$Comment":"If there are configured attachments for the 'harvestable' state, apply them","Enabled":{"Compute":"IsHarvestable"},"Continue":true,"Sensor":{"Type":"Alarm","Name":"Harvest_Ready","State":"Passed","Clear":true},"Instructions":[{"Enabled":{"Compute":"!isEmpty(HarvestModelSlot)"},"Actions":[{"Type":"ModelAttachment","Slot":{"Compute":"HarvestModelSlot"},"Attachment":{"Compute":"HarvestModelAttachmentHarvestable"}}]}]},{"$Comment":"Initializes the produce item alarm","Enabled":{"Compute":"!isEmpty(ProduceItem)"},"Sensor":{"Type":"Any","Once":true},"Actions":[{"Type":"SetAlarm","Name":"Produce_Ready","DurationRange":{"Compute":"ProduceTimeout"}}]},{"Instructions":[{"$Comment":"Idle behaviors (wander, eat, grazing, etc.). Note: engine may not provide hasPassengers(); when mounted, FollowService removes FlockMembership so HorseFollow does not match.","Sensor":{"Type":"State","State":"Idle"},"Enabled":{"Compute":"true"},"Instructions":[{"$Comment":"HorseFollow stay: when StayIdleGoToSleep true, transition Idle -> Sleep so StateTransitions run Laydown.","Enabled":{"Compute":"StayIdleGoToSleep"},"Sensor":{"Type":"Any","Once":true},"Actions":[{"Type":"State","State":"Sleep"}]},{"$Comment":"Switch to flee state if any flock member engages a target TODO switch to attack if you are very close and can attack? otherwise flee.","Enabled":{"Compute":"!isEmptyStringArray(FlockArray)"},"Sensor":{"Type":"Beacon","Message":"Flock_Attack","TargetSlot":"LockedTarget","Range":{"Compute":"HearingRange"}},"Actions":[{"Type":"State","State":"Alerted"}]},{"Reference":"Component_Instruction_Damage_Check","Modify":{"_ExportStates":["Flee.Switch","Panic"],"AlertedRange":{"Compute":"AlertedRange"}}},{"$Comment":"Check if there are any potential things that can alert the NPC","Sensor":{"Reference":"Component_Sensor_Standard_Detection","Modify":{"ViewRange":{"Compute":"ViewRange"},"ViewSector":{"Compute":"ViewSector"},"HearingRange":{"Compute":"HearingRange"},"AbsoluteDetectionRange":{"Compute":"AbsoluteDetectionRange"},"Attitudes":["Hostile","Neutral","Friendly"]}},"Actions":[{"Type":"State","State":"Alerted"}]},{"$Comment":"If we're beyond our soft leash radius for a set period of time, return home.","Continue":true,"Sensor":{"Type":"Leash","Range":{"Compute":"LeashDistance"}},"ActionsBlocking":true,"Actions":[{"Type":"Timeout","Delay":[15,20]},{"Type":"State","State":"ReturnHome"}]},{"$Comment":"HorseFollow: eating/grazing only when not following (HorseFollowEnabled = when bound).","Enabled":{"Compute":"!HorseFollowEnabled"},"Sensor":{"Type":"State","State":".FindFood"},"Instructions":[{"Sensor":{"Type":"Or","Sensors":[{"Type":"Block","Range":1.5,"MaxHeight":4,"Blocks":{"Compute":"FoodBlockSet"},"Random":true},{"Enabled":{"Compute":"!isEmptyStringArray(FoodItemSet)"},"Type":"DroppedItem","Range":1,"Items":{"Compute":"FoodItemSet"},"ViewSector":{"Compute":"ViewSector"},"LineOfSight":true}]},"BodyMotion":{"Type":"AimCharge"},"ActionsBlocking":true,"Actions":[{"Type":"PlayAnimation","Slot":"Status","Animation":"Eat"},{"Type":"Timeout","Delay":[4,6]},{"Type":"PickUpItem","Items":["*Hay*"],"Range":1.5,"StorageTarget":"Destroy"}]},{"Sensor":{"Type":"Or","Sensors":[{"Type":"Block","Range":{"Compute":"ViewRange"},"MaxHeight":4,"Blocks":{"Compute":"FoodBlockSet"},"Random":true},{"Enabled":{"Compute":"!isEmptyStringArray(FoodItemSet)"},"Type":"DroppedItem","Range":{"Compute":"ViewRange"},"Items":{"Compute":"FoodItemSet"},"ViewSector":{"Compute":"ViewSector"},"LineOfSight":true}]},"BodyMotion":{"Type":"Seek","RelativeSpeed":0.6,"StopDistance":0.5,"RelaxedMoveConstraints":false},"HeadMotion":{"Type":"Watch"}},{"Sensor":{"Type":"Any"},"ActionsBlocking":true,"Actions":[{"Type":"PlayAnimation","Slot":"Status"},{"Type":"Timeout","Delay":[2,4]},{"Type":"ResetBlockSensors"},{"Type":"State","State":".Default"}]}]},{"$Comment":"Produce an item","Enabled":{"Compute":"!isEmpty(ProduceItem)"},"Continue":true,"Instructions":[{"Sensor":{"Type":"Alarm","Name":"Produce_Ready","State":"Passed","Clear":true},"Actions":[{"Type":"Nothing"}]},{"Sensor":{"Type":"Alarm","Name":"Produce_Ready","State":"Unset"},"Actions":[{"Type":"DropItem","Item":{"Compute":"ProduceItem"},"Distance":[0,0],"Delay":[0,0],"ThrowSpeed":14.32},{"Type":"SetAlarm","Name":"Produce_Ready","DurationRange":{"Compute":"ProduceTimeout"}}]}]},{"$Comment":"Execute daytime idle behaviors.","Type":"Random","ExecuteFor":[20,30],"Sensor":{"Type":"Time","Period":{"Compute":"DayTimePeriod"},"CheckDay":true},"Instructions":[{"$Comment":"Regular wander.","Weight":20,"Instructions":[{"Continue":true,"Actions":[{"Type":"Crouch","Crouch":false}]},{"Reference":"Component_Instruction_Leash_To_Flock_Leader","Modify":{"Enabled":{"Compute":"!isEmptyStringArray(FlockArray)"},"WanderRadius":{"Compute":"WanderRadius"},"StopDistance":3}},{"BodyMotion":{"Type":"Sequence","Looped":true,"Motions":[{"Type":"Timer","Time":[1,5],"Motion":{"Type":"WanderInCircle","Radius":{"Compute":"WanderRadius"},"MaxHeadingChange":60,"RelativeSpeed":0.18}},{"Type":"Timer","Time":[3,8],"Motion":{"Type":"Nothing"}}]}}]},{"$Comment":"TODO: grazing component seems to be borked. HorseFollow: only when not following.","Enabled":{"Compute":"!HorseFollowEnabled"},"Weight":10,"Instructions":[{"Sensor":{"Type":"Self","Filters":[{"Type":"StandingOnBlock","BlockSet":{"Compute":"GrazingBlockSet"}}]},"ActionsBlocking":true,"Actions":[{"Type":"PlayAnimation","Slot":"Status","Animation":"Eat"},{"Type":"Timeout","Delay":[5,6]},{"Type":"PlayAnimation","Slot":"Status"},{"Type":"ResetInstructions"}]},{"$Comment":"They are not standing on grazing block","Actions":[{"Type":"ResetInstructions"},{"Type":"State","State":".Default"}]}]},{"$Comment":"HorseFollow: seek food/eat only when not following.","Enabled":{"Compute":"(!isEmpty(FoodBlockSet) || !isEmptyStringArray(FoodItemSet)) && !HorseFollowEnabled"},"Weight":10,"Instructions":[{"Sensor":{"Type":"Or","Sensors":[{"Enabled":{"Compute":"!isEmptyStringArray(FoodItemSet)"},"Type":"DroppedItem","Range":{"Compute":"ViewRange"},"Items":{"Compute":"FoodItemSet"},"ViewSector":{"Compute":"ViewSector"},"LineOfSight":true},{"Enabled":{"Compute":"!isEmpty(FoodBlockSet)"},"Type":"Block","Range":{"Compute":"ViewRange"},"MaxHeight":4,"Blocks":{"Compute":"FoodBlockSet"},"Random":true}]},"Actions":[{"Type":"State","State":".FindFood"}]}]},{"$Comment":"Play a daytime flavor animation.","Enabled":{"Compute":"!isEmpty(DayFlavorAnimation)"},"Weight":3,"Instructions":[{"ActionsBlocking":true,"Actions":[{"Type":"PlayAnimation","Slot":"Status","Animation":{"Compute":"DayFlavorAnimation"}},{"Type":"Timeout","Delay":{"Compute":"DayFlavorAnimationLength"}},{"Type":"PlayAnimation","Slot":"Status"},{"Type":"ResetInstructions"}]}]},{"$Comment":"Nap. HorseFollow: only when not following.","Enabled":{"Compute":"DayTimeNapWeight > 0 && !HorseFollowEnabled"},"Weight":{"Compute":"DayTimeNapWeight"},"Instructions":[{"Actions":[{"Type":"State","State":"Sleep.Nap"}]}]}]},{"$Comment":"Sleep time. HorseFollow: only when not following.","Enabled":{"Compute":"!HorseFollowEnabled"},"Actions":[{"Type":"Timeout","Delay":[2,4],"Action":{"Type":"Sequence","Actions":[{"Type":"State","State":"Sleep"}]}}]}]},{"Sensor":{"Type":"State","State":"Sleep"},"Instructions":[{"$Comment":"Wake up if an enemy attacks a flock member.","Enabled":{"Compute":"!isEmptyStringArray(FlockArray)"},"Sensor":{"Type":"Beacon","Message":"Flock_Attack","TargetSlot":"LockedTarget"},"Actions":[{"Type":"State","State":"Alerted"}]},{"$Comment":"Just a little nap. HorseFollow: only when not following.","Enabled":{"Compute":"DayTimeNapWeight > 0 && !HorseFollowEnabled"},"Sensor":{"Type":"State","State":".Nap"},"Instructions":[{"$Comment":"Start the nap timer","Continue":true,"Sensor":{"Type":"Any","Once":true},"Actions":[{"Type":"TimerStart","Name":"NapTimer","StartValueRange":{"Compute":"DayTimeNapTimeRange"},"RestartValueRange":{"Compute":"DayTimeNapTimeRange"}},{"Type":"TimerRestart","Name":"NapTimer"}]},{"Reference":"Component_Instruction_Wild_Sleep_State","Modify":{"_ExportStates":["Panic","Panic","Flee.Switch","Idle"],"HearingRange":{"Compute":"HearingRange"},"Attitudes":["Hostile","Neutral"],"WakeupSensor":"Component_Sensor_Timed_Nap"}}]},{"$Comment":"Night-time sleep. Uses static reference (vanilla pattern). Stay role would need separate approach for HF_Component_Instruction_Stay_Sleep_State.","Instructions":[{"Reference":"Component_Instruction_Wild_Sleep_State","Modify":{"_ExportStates":["Panic","Panic","Flee.Switch","Idle"],"HearingRange":{"Compute":"HearingRange"},"Attitudes":["Hostile","Neutral"],"DayTimePeriod":{"Compute":"DayTimePeriod"}}}]}]},{"$Comment":"Used when receiving something like a flock beacon that may potentially result in the NPC becoming alerted but could also be discarded with a random chance.","Sensor":{"Type":"State","State":"Alerted"},"Instructions":[{"$Comment":"Play the alerted animation when entering the state","Continue":true,"Sensor":{"Type":"Any","Once":true},"Actions":[{"Type":"PlayAnimation","Slot":"Status","Animation":"Alerted"}]},{"$Comment":"Starting a timer to get out of alerted state if nothing else got us out of there. TODO: expose the timer duration","Continue":true,"ActionsBlocking":true,"Actions":[{"Type":"Timeout","Delay":{"Compute":"AlertedTimeoutGiveUp"}},{"Type":"State","State":".TimerEnd"}]},{"$Comment":"Check for damage","Reference":"Component_Instruction_Damage_Check","Modify":{"_ExportStates":["Flee.Switch","Panic"],"AlertedRange":{"Compute":"AlertedRange"}}},{"$Comment":"Watching a target always, if we have any","Continue":true,"Sensor":{"Type":"Target","Range":{"Compute":"AlertedRange"}},"HeadMotion":{"Type":"Watch"}},{"$Comment":"If the target gets too close, flee for a bit","Continue":true,"Sensor":{"Type":"Target","Range":{"Compute":"AlertedActionRange * randomInRange(0.3, 0.7)"}},"BodyMotion":{"Type":"Flee","RelativeSpeed":0.5,"StopDistance":{"Compute":"AlertedActionRange"},"SlowDownDistance":{"Compute":"AlertedActionRange * 0.25"},"RelaxedMoveConstraints":false}},{"Continue":true,"Sensor":{"$Comment":"If target is reasonably close, the NPC will react instead of just staring","Type":"Target","Range":{"Compute":"AlertedActionRange"},"Filters":[{"Type":"LineOfSight"}]},"Instructions":[{"Enabled":{"Compute":"!isEmptyStringArray(LovedItems)"},"$Comment":"If the target is holding an item deemed very attractive, always follow it","Sensor":{"Type":"Target","Filters":[{"Type":"ItemInHand","Items":{"Compute":"LovedItems"}},{"Type":"Not","Filter":{"Type":"Attitude","Attitudes":["Hostile","Ignore"]}}]},"Actions":[{"$Comment":"TODO: check what particle systems are offsetting off of and potentially expose it to compute","Type":"SpawnParticles","Offset":[0,1,0],"ParticleSystem":"Hearts"},{"Type":"OverrideAttitude","Attitude":"Friendly","Duration":{"Compute":"FriendlyOverrideTimeWithAttractiveItem"}},{"Type":"State","State":"Curious.Item"}]},{"$Comment":"Threatening actions that will cause the NPC to flee","Sensor":{"Type":"Or","Sensors":[{"Type":"Target","Filters":[{"Type":"Or","Filters":[{"Type":"Attitude","Attitudes":["Hostile"]},{"Type":"Combat"},{"Type":"ItemInHand","Items":["*Weapon*"]}]}]},{"Type":"Target","Filters":[{"Type":"Not","Filter":{"Type":"Attitude","Attitudes":["Friendly"]}},{"Type":"MovementState","State":"Sprinting"}]},{"Enabled":{"Compute":"Timid"},"Type":"Target","Filters":[{"Type":"MovementState","State":"Sprinting"}]},{"Type":"Target","Range":{"Compute":"min(AbsoluteDetectionRange, AlertedActionRange * 0.75)"},"Filters":[{"Type":"Not","Filter":{"Type":"Attitude","Attitudes":["Friendly","Ignore"]}}]}]},"Actions":[{"Type":"State","State":"Flee.Switch"}]},{"Continue":true,"$Comment":"Starting a second timer to try and turn friendly. TODO: compute it as % of alerted timer","Sensor":{"Type":"Target","Filters":[{"Type":"Attitude","Attitudes":["Neutral"]}]},"ActionsBlocking":true,"Actions":[{"Type":"Timeout","Delay":{"Compute":"AlertedTimeoutReaction"}},{"Type":"State","State":".Switch"}]},{"$Comment":"Execute random behaviors towards friendly and revered.","Type":"Random","ExecuteFor":[15,20],"Sensor":{"Type":"Target","Filters":[{"Type":"Attitude","Attitudes":["Friendly","Revered"]}]},"Instructions":[{"Enabled":{"Compute":"!isEmptyStringArray(AttractiveItems)"},"Weight":{"Compute":"WeightFollowItem"},"$Comment":"TODO: change this to a weight-based decision to avoid the whole flock chasing the item","Sensor":{"Type":"Target","Filters":[{"Type":"ItemInHand","Items":{"Compute":"AttractiveItems"}}]},"Actions":[{"Type":"State","State":"Curious.Item"}]},{"Enabled":{"Compute":"WeightGreet > 0"},"Weight":{"Compute":"WeightGreet"},"Actions":[{"Type":"State","State":"Curious.Greet"}]},{"$Comment":"NPC will approach player and stop at a distance, following them like this for a while","Enabled":{"Compute":"WeightFollow > 0"},"Weight":{"Compute":"WeightFollow"},"Actions":[{"Type":"State","State":"Curious.Follow"}]},{"$Comment":"We override the attitude here and go to idle - this way the alerted state won't be triggered right away","Enabled":{"Compute":"WeightIgnore > 0"},"Weight":{"Compute":"WeightIgnore"},"Sensor":{"Type":"Target"},"ActionsBlocking":true,"Actions":[{"Type":"OverrideAttitude","Attitude":"Ignore","Duration":{"Compute":"IgnoreOverrideTime"}},{"Type":"State","State":"Idle"}]},{"$Comment":"Fallback if weights are misconfigured","Weight":1,"Sensor":{"Type":"Target"},"ActionsBlocking":true,"Actions":[{"Type":"OverrideAttitude","Attitude":"Ignore","Duration":{"Compute":"IgnoreOverrideTime"}},{"Type":"State","State":"Idle"}]}]}]},{"Sensor":{"Type":"State","State":".TimerEnd"},"Instructions":[{"Enabled":{"Compute":"!Timid"},"Sensor":{"$Comment":"Timer ended, we still have a target and it's a friendly one and we are not timid","Type":"Target","Range":{"Compute":"AlertedRange"},"Filters":[{"Type":"Attitude","Attitudes":["Friendly"]}]},"Actions":[{"Type":"OverrideAttitude","Attitude":"Ignore","Duration":{"Compute":"IgnoreOverrideTime"}},{"Type":"State","State":"Idle"}]},{"Enabled":{"Compute":"Timid"},"Sensor":{"$Comment":"Timer ended, I am timid and the target is staring me down, stranger danger, flee","Type":"Target","Range":{"Compute":"AlertedRange"},"Filters":[{"Type":"SpotsMe"},{"Type":"Not","Filter":{"Type":"Attitude","Attitudes":["Friendly"]}}]},"Actions":[{"Type":"State","State":"Flee"}]},{"Sensor":{"$Comment":"Timer ended, target seems uninterested and is assumed to be harmless, ignore for a while","Type":"Target","Range":{"Compute":"AlertedRange"}},"Actions":[{"Type":"OverrideAttitude","Attitude":"Ignore","Duration":{"Compute":"IgnoreOverrideTime"}},{"Type":"State","State":"Idle"}]},{"$Comment":"There is no target, so just go idle","Actions":[{"Type":"State","State":"Idle"}]}]},{"$Comment":"Timer elapsed and we randomly decide if friendly or not. This has to continue so we can hit the friendly instructions below","Sensor":{"Type":"State","State":".Switch"},"Instructions":[{"$Comment":"If the NPC is configured with a different chance to befriend when the target is holding a special item, use that chance","Enabled":{"Compute":"ChanceToTurnFriendlyWithAttractiveItem > 0"},"Sensor":{"Type":"Target","Filters":[{"Type":"Attitude","Attitudes":["Neutral"]},{"Type":"ItemInHand","Items":{"Compute":"AttractiveItems"}}]},"Type":"Random","ExecuteFor":[15,20],"Instructions":[{"Weight":{"Compute":"ChanceToTurnFriendlyWithAttractiveItem"},"Sensor":{"Type":"Target"},"Actions":[{"$Comment":"TODO: check what particle systems are offsetting off of and potentially expose it to compute","Type":"SpawnParticles","Offset":[0,1,0],"ParticleSystem":"Hearts"},{"Type":"OverrideAttitude","Attitude":"Friendly","Duration":{"Compute":"FriendlyOverrideTimeWithAttractiveItem"}},{"$Comment":"Prevents the next instruction from running as soon as the player is no longer neutral","Type":"State","State":".Default"}]},{"Enabled":{"Compute":"ChanceToTurnFriendlyWithAttractiveItem < 100"},"Weight":{"Compute":"100 - ChanceToTurnFriendlyWithAttractiveItem"},"Actions":[{"Type":"State","State":"Flee"}]}]},{"$Comment":"NPC becoming friendly with a player","Enabled":{"Compute":"ChanceToTurnFriendly > 0"},"Sensor":{"Type":"Target","Filters":[{"Type":"Attitude","Attitudes":["Neutral"]}]},"Type":"Random","ExecuteFor":[15,20],"Instructions":[{"Weight":{"Compute":"ChanceToTurnFriendly"},"Sensor":{"Type":"Target"},"Actions":[{"$Comment":"TODO: check what it is offseting off and potentially expose it to compute","Type":"SpawnParticles","Offset":[0,1,0],"ParticleSystem":"Hearts"},{"Type":"OverrideAttitude","Attitude":"Friendly","Duration":{"Compute":"FriendlyOverrideTime"}},{"$Comment":"Prevents the next instruction from running as soon as the player is no longer neutral","Type":"State","State":".Default"}]},{"Enabled":{"Compute":"ChanceToTurnFriendly < 100"},"Weight":{"Compute":"100 - ChanceToTurnFriendly"},"Actions":[{"Type":"State","State":"Flee"}]}]}]}]},{"Sensor":{"Type":"State","State":"Curious"},"Instructions":[{"$Comment":"Animations","Continue":true,"Sensor":{"Type":"Any","Once":true},"Actions":[{"Type":"PlayAnimation","Slot":"Status","Animation":"Curious"}]},{"$Comment":"If getting to the target takes too long, ignore and go to idle. This is also how long it will follow if this is triggered,TODO: mb could be a bit longer for the follow? ","Sensor":{"Type":"And","Sensors":[{"Type":"Target"},{"$Comment":"The item follow substates has its own timeouts","Type":"Not","Sensor":{"Type":"State","State":"Curious.Item"}}]},"Continue":true,"ActionsBlocking":true,"Actions":[{"Type":"Timeout","Delay":[7,7]},{"Type":"OverrideAttitude","Attitude":"Ignore","Duration":{"Compute":"IgnoreOverrideTime"}},{"Type":"State","State":"Idle"}]},{"$Comment":"Check if there are any potential threats nearby and flee. TODO: add more tirggers to flee","Sensor":{"Reference":"Component_Sensor_Standard_Detection","Modify":{"ViewRange":{"Compute":"ViewRange"},"ViewSector":{"Compute":"ViewSector"},"HearingRange":{"Compute":"HearingRange"},"AbsoluteDetectionRange":{"Compute":"AbsoluteDetectionRange"},"Attitudes":["Hostile"]}},"Actions":[{"Type":"State","State":"Flee.Switch"}]},{"Reference":"Component_Instruction_Damage_Check","Modify":{"_ExportStates":["Flee.Switch","Panic"],"AlertedRange":{"Compute":"AlertedRange"}}},{"$Comment":"TODO: mb potentially move secnsor component for curious, or for alerted - with parameters to be mor forgiving","Sensor":{"Type":"Or","Sensors":[{"Type":"Target","Filters":[{"Type":"Or","Filters":[{"Type":"Attitude","Attitudes":["Hostile"]},{"Type":"Combat"},{"Type":"ItemInHand","Items":["*Weapon*"]}]}]},{"Type":"Target","Filters":[{"Type":"Not","Filter":{"Type":"Attitude","Attitudes":["Friendly"]}},{"Type":"MovementState","State":"Sprinting"}]},{"Enabled":{"Compute":"Timid"},"Type":"Target","Filters":[{"Type":"MovementState","State":"Sprinting"}]},{"Type":"Target","Range":{"Compute":"AbsoluteDetectionRange"},"Filters":[{"Type":"Not","Filter":{"Type":"Attitude","Attitudes":["Friendly","Ignore"]}}]}]},"Actions":[{"Type":"State","State":"Flee.Switch"}]},{"$Comment":"We lost target","Sensor":{"Type":"Not","Sensor":{"Type":"Target","Range":{"Compute":"AlertedRange"},"Filters":[{"Type":"LineOfSight"}]}},"ActionsBlocking":true,"Actions":[{"Type":"Timeout","Delay":[0.2,0.2]},{"Type":"State","State":"Idle"}]},{"$Comment":"Moving to an attractive item","Sensor":{"Type":"State","State":".Item"},"Instructions":[{"$Comment":"Start a timer after which the NPC will lose interest in the item holder, regardless of range","Continue":true,"Sensor":{"Type":"Target"},"HeadMotion":{"Type":"Watch"},"ActionsBlocking":true,"Actions":[{"Type":"Timeout","Delay":{"Compute":"AttractiveItemsTimeout"}},{"Type":"PlayAnimation","Slot":"Status"},{"Type":"Timeout","Delay":[2,4]},{"Type":"OverrideAttitude","Attitude":"Ignore","Duration":20},{"Type":"State","State":"Idle"}]},{"$Comment":"Target too far or without attractive item","Sensor":{"Type":"And","Sensors":[{"Type":"Not","Sensor":{"Type":"Target","Range":{"Compute":"AlertedRange"},"Filters":[{"Type":"LineOfSight"},{"Type":"ItemInHand","Items":{"Compute":"AttractiveItems"}}]}},{"$Comment":"Need to do this to avoid two concurrent ItemInHand filters","Enabled":{"Compute":"!isEmptyStringArray(LovedItems)"},"Type":"Not","Sensor":{"Type":"Target","Range":{"Compute":"AlertedRange"},"Filters":[{"Type":"LineOfSight"},{"Type":"ItemInHand","Items":{"Compute":"LovedItems"}}]}}]},"ActionsBlocking":true,"Actions":[{"Type":"PlayAnimation","Slot":"Status","Animation":"Alerted"},{"Type":"Timeout","Delay":[2,3]},{"Type":"State","State":"Idle"}]},{"Sensor":{"Type":"Target","Range":2.5},"ActionsBlocking":true,"Actions":[{"Type":"Timeout","Delay":{"Compute":"AttractiveItemsSmellTimeout"}},{"Type":"PlayAnimation","Slot":"Status"},{"Type":"OverrideAttitude","Attitude":"Ignore","Duration":20},{"Type":"State","State":"Idle"}]},{"Sensor":{"Type":"Target","Range":{"Compute":"AlertedRange"}},"BodyMotion":{"Type":"Seek","SlowDownDistance":3.5,"StopDistance":2,"RelativeSpeed":0.4,"RelaxedMoveConstraints":false}}]},{"$Comment":"Moving to Greet","Sensor":{"Type":"State","State":".Greet"},"Instructions":[{"Sensor":{"Type":"Target","Range":3},"HeadMotion":{"Type":"Watch","RelativeTurnSpeed":0.5},"ActionsBlocking":true,"Actions":[{"Type":"PlayAnimation","Slot":"Status","Animation":"GreetAnimation"},{"Type":"Timeout","Delay":[2,4]},{"Type":"PlayAnimation","Slot":"Status"},{"Type":"OverrideAttitude","Attitude":"Ignore","Duration":{"Compute":"IgnoreOverrideTime"}},{"Type":"State","State":"Idle"}]},{"Sensor":{"Type":"Target","Range":{"Compute":"AlertedActionRange"}},"BodyMotion":{"Type":"Seek","SlowDownDistance":5,"StopDistance":3,"RelativeSpeed":0.4,"RelaxedMoveConstraints":false}}]},{"$Comment":"Moving to follow, stop at half alerted action range and watch a bit. TODO: flee if player sprints towards npc","Sensor":{"Type":"State","State":".Follow"},"Instructions":[{"Continue":true,"Sensor":{"Type":"Target","Range":{"Compute":"AlertedActionRange"}},"BodyMotion":{"Type":"Seek","SlowDownDistance":{"Compute":"AlertedActionRange"},"StopDistance":3,"RelativeSpeed":0.4,"RelaxedMoveConstraints":false}},{"Sensor":{"Type":"Target","Range":4},"ActionsBlocking":true,"Actions":[{"Type":"Timeout","Delay":[0.5,0.5]}],"HeadMotion":{"Type":"Watch"}}]}]},{"Sensor":{"Type":"State","State":"ReturnHome"},"Instructions":[{"$Comment":"Switch to flee state if any flock member engages a target TODO switch to attack if you are very close and can attack? otherwise flee.","Enabled":{"Compute":"!isEmptyStringArray(FlockArray)"},"Sensor":{"Type":"Beacon","Message":"Flock_Attack","TargetSlot":"LockedTarget","Range":{"Compute":"HearingRange"}},"Actions":[{"Type":"State","State":"Alerted"}]},{"Reference":"Component_Instruction_Damage_Check","Modify":{"_ExportStates":["Flee.Switch","Panic"],"AlertedRange":{"Compute":"AlertedRange"}}},{"$Comment":"Check if there are any potential things that can alert the NPC","Sensor":{"Reference":"Component_Sensor_Standard_Detection","Modify":{"ViewRange":{"Compute":"ViewRange"},"ViewSector":{"Compute":"ViewSector"},"HearingRange":{"Compute":"HearingRange"},"AbsoluteDetectionRange":{"Compute":"AbsoluteDetectionRange"},"Attitudes":["Hostile","Neutral","Friendly"]}},"Actions":[{"Type":"State","State":"Alerted"}]},{"Sensor":{"$Comment":"TODO: make them walk home, expose walking speed?","Type":"Leash","Range":{"Compute":"LeashDistance * 0.3"}},"BodyMotion":{"Type":"Seek","SlowDownDistance":1,"StopDistance":0.5,"RelativeSpeed":0.4,"UsePathfinder":true}},{"Actions":[{"Type":"SetStat","Stat":"Health","Value":1000000},{"Type":"State","State":"Idle"}]}]},{"Sensor":{"Type":"State","State":"Flee"},"Instructions":[{"$Comment":"TODO: Add a state message","Enabled":{"Compute":"!isEmptyStringArray(FlockArray)"},"Continue":true,"Sensor":{"Type":"Any","Once":true},"Actions":[{"Type":"FlockBeacon","Message":"Flock_Attack","SendTargetSlot":"LockedTarget"}]},{"Reference":"Component_Instruction_Damage_Check","Modify":{"_ExportStates":["Flee.Switch","Panic"],"AlertedRange":{"Compute":"AlertedRange"}}},{"Sensor":{"Type":"State","State":".Switch"},"Instructions":[{"Sensor":{"Type":"Target","TargetSlot":"LockedTarget","Range":{"Compute":"AttackRange"}},"Instructions":[{"Continue":true,"Sensor":{"Type":"Target","Once":true},"Actions":[{"$TODO":"Maybe friendly lifestock doesnt override it for player when hit","Type":"OverrideAttitude","Attitude":"Hostile","Duration":23}]},{"Enabled":{"Compute":"AttackWhenStartled"},"Sensor":{"Type":"Target","Filters":[{"Type":"Not","Filter":{"Type":"ViewSector","ViewSector":270}}]},"ActionsBlocking":true,"Actions":[{"Type":"PlayAnimation","Slot":"Status","Animation":"Alerted"},{"Type":"Timeout","Delay":[0.2,0.2]},{"Type":"PlayAnimation","Slot":"Status"},{"Type":"State","State":".Attack"}]},{"Actions":[{"Type":"State","State":".Default"}]}]},{"Sensor":{"Type":"Target","TargetSlot":"LockedTarget","Range":{"Compute":"AlertedRange"}},"Actions":[{"Type":"State","State":".Default"}]},{"Actions":[{"Type":"State","State":"Panic"}]}]},{"Sensor":{"Type":"State","State":".Attack"},"ActionsBlocking":true,"Actions":[{"Type":"Attack","Attack":{"Compute":"Attack"},"AttackPauseRange":[1,2]},{"Type":"Timeout","Delay":[0.3,0.3],"Action":{"Type":"State","State":".Default"}}]},{"Sensor":{"Type":"Target","Range":{"Compute":"AlertedRange + 3"}},"BodyMotion":{"Type":"Flee","SlowDownDistance":{"Compute":"AlertedRange - 3"},"StopDistance":{"Compute":"AlertedRange + 3"},"RelativeSpeed":0.68},"Actions":[{"Type":"Timeout","Delay":[8,8],"Action":{"Type":"State","State":".Switch"}}]},{"Actions":[{"Type":"Timeout","Delay":[3,6],"Action":{"Type":"State","State":"Idle"}}]}]},{"Sensor":{"Type":"State","State":"Panic"},"Instructions":[{"Continue":true,"Sensor":{"Type":"Any","Once":true},"Actions":[{"Type":"PlayAnimation","Slot":"Status","Animation":"Alerted"}]},{"Continue":true,"Actions":[{"Type":"Timeout","Delay":[6,12],"Action":{"Type":"State","State":"Idle"}}]},{"Sensor":{"Type":"Damage","Combat":true},"BodyMotion":{"Type":"Flee","SlowDownDistance":9,"StopDistance":14,"RelativeSpeed":1,"RelaxedMoveConstraints":false}},{"BodyMotion":{"Type":"WanderInCircle","Radius":10,"MaxHeadingChange":90,"RelativeSpeed":1,"RelaxedMoveConstraints":true}}]},{"Sensor":{"Type":"State","State":"$Harvest"},"Instructions":[{"$Comment":"Base harvest logic: particles, sound, alarm (always runs)","Continue":true,"Sensor":{"Type":"Any","Once":true},"Actions":[{"Type":"PlayAnimation","Slot":"Status","Animation":"Alerted"},{"Type":"SpawnParticles","Offset":[0,1,0],"ParticleSystem":{"Compute":"HarvestParticles"}},{"Type":"PlaySound","SoundEventId":{"Compute":"HarvestSound"}},{"Type":"SetAlarm","Name":"Harvest_Ready","DurationRange":{"Compute":"HarvestTimeout"}}]},{"$Comment":"Drop item only if HarvestDropList is set","Enabled":{"Compute":"!isEmpty(HarvestDropList)"},"Continue":true,"Sensor":{"Type":"Any","Once":true},"Actions":[{"Type":"DropItem","DropList":{"Compute":"HarvestDropList"},"Distance":[0.2,0.5],"Delay":[0,0],"DropSector":[-360,360],"PitchHigh":false,"ThrowSpeed":14}]},{"$Comment":"Replace Container_Bucket with milk when held","Enabled":{"Compute":"!isEmpty(HarvestAddItemBucket)"},"Continue":true,"Sensor":{"Type":"And","Sensors":[{"Type":"Any","Once":true},{"Type":"Target","Filters":[{"Type":"ItemInHand","Items":["Container_Bucket"]}]}]},"Actions":[{"Type":"Inventory","UseTarget":true,"Operation":"RemoveHeldItem"},{"Type":"Inventory","UseTarget":true,"Operation":"Add","Item":{"Compute":"HarvestAddItemBucket"},"Count":1}]},{"$Comment":"Replace Deco_Bucket with milk when held","Enabled":{"Compute":"!isEmpty(HarvestAddItemDecoBucket)"},"Continue":true,"Sensor":{"Type":"And","Sensors":[{"Type":"Any","Once":true},{"Type":"Target","Filters":[{"Type":"ItemInHand","Items":["Deco_Bucket"]}]}]},"Actions":[{"Type":"Inventory","UseTarget":true,"Operation":"RemoveHeldItem"},{"Type":"Inventory","UseTarget":true,"Operation":"Add","Item":{"Compute":"HarvestAddItemDecoBucket"},"Count":1}]},{"$Comment":"If there are configured attachments for the 'harvested' state, apply them","Enabled":{"Compute":"IsHarvestable && !isEmpty(HarvestModelSlot)"},"Continue":true,"Actions":[{"Type":"ModelAttachment","Slot":{"Compute":"HarvestModelSlot"},"Attachment":{"Compute":"HarvestModelAttachmentHarvested"}}]},{"ActionsBlocking":true,"Actions":[{"Type":"Timeout","Delay":[2,3]},{"Type":"State","State":"Flee"}]}]}]}],"InteractionInstruction":{"Enabled":{"Compute":"IsHarvestable || IsMountable"},"Instructions":[{"Enabled":{"Compute":"IsHarvestable"},"Instructions":[{"Sensor":{"$Comment":"Check the negative first so we can exit early and avoid the rest of the logic","Type":"Not","Sensor":{"Type":"And","Sensors":[{"Type":"Alarm","Name":"Harvest_Ready","State":"Unset"},{"Type":"CanInteract","Attitudes":{"Compute":"HarvestRequiredAttitudes"}}]}},"Actions":[{"Type":"SetInteractable","Interactable":false}]},{"$Comment":"Allow contextual interactions (shearing) but hide F key prompt","Continue":true,"Sensor":{"Type":"Any"},"Actions":[{"Type":"SetInteractable","Interactable":true,"ShowPrompt":false}]},{"$Comment":"Harvest action triggered by left-click with appropriate tool","Sensor":{"Type":"And","Sensors":[{"Enabled":{"Compute":"!isEmpty(HarvestInteractionContext)"},"Type":"InteractionContext","Context":{"Compute":"HarvestInteractionContext"}},{"Type":"Alarm","Name":"Harvest_Ready","State":"Unset"}]},"Actions":[{"Type":"State","State":"$Harvest"}]}]},{"Enabled":{"Compute":"IsMountable"},"Instructions":[{"Sensor":{"Type":"Not","Sensor":{"$Comment":"Check the negative first so we can exit early and avoid the rest of the logic","Type":"CanInteract","ViewSector":360,"Attitudes":["Friendly","Revered"]}},"Actions":[{"Type":"SetInteractable","Interactable":false}]},{"Continue":true,"Sensor":{"Type":"Any"},"Actions":[{"Type":"SetInteractable","Interactable":true,"Hint":"server.interactionHints.mount"}]},{"Sensor":{"Type":"HasInteracted"},"Actions":[{"Type":"Mount","AnchorX":{"Compute":"MountAnchorX"},"AnchorY":{"Compute":"MountAnchorY"},"AnchorZ":{"Compute":"MountAnchorZ"},"MovementConfig":{"Compute":"MountMovementConfig"}}]}]}]},"NameTranslationKey":{"Compute":"NameTranslationKey"}}...)
[2026/02/05 01:19:06   WARN]                          [NPC|P] Unknown JSON attribute 'MountAnchorX' found in Role|Abstract: /Server/NPC/Roles/_Core/Templates/Template_Animal_Tamed.json (JSON: ance":{"Value":"Deer_Stag","Description":"The NPC's model."},"WanderRadius":{"Value":7,"Description":"The wander radius of the NPC."},"ViewRange":{"Value":16,"Description":"The view distance of the NPC, in blocks."},"ViewSector":{"Value":180,"Description":"The view sector of the NPC, in degrees."},"HearingRange":{"Value":8,"Description":"The hearing distance of the NPC, in blocks."},"AbsoluteDetectionRange":{"Value":4,"Description":"The range at which a target is guaranteed to be detected, in blocks. If set to zero, absolute detection will be disabled. Within the alerted state, this value has an upper bound of 0.75 * AlertedActionRange."},"AlertedRange":{"Value":18,"Description":"The range within which the target can be seen/sensed when the NPC is alerted to their presence, in blocks. Should be higher than sense ranges."},"AlertedActionRange":{"Value":12,"Description":"The range at which an NPC will react to other NPCs and players, depending on the attitude towards them, in blocks. Should be higher than AbsoluteDetectionRange."},"LeashDistance":{"Value":20,"Description":"The range at which an NPC will start to want to return to their spawn point, in blocks."},"AttractiveItems":{"Value":["Tool_Feedbag"],"Description":"The list of items that are deemed attractive (there's a chance targets holding them will be followed)."},"LovedItems":{"Value":[],"TypeHint":"String","Description":"The list of items that are deemed very attractive (it's guaranteed targets holding them will be followed and befriended)."},"AttractiveItemsTimeout":{"Value":[15,20],"Description":"The maximum timeout after which the NPC will lose interest in attractive times, regardless of range to the target, in seconds."},"AttractiveItemsSmellTimeout":{"Value":[8,12],"Description":"The timeout after which the NPC will lose interest in attractive times, when near the target, in seconds"},"DropList":{"Value":"Empty","Description":"The NPC's drop list."},"FlockArray":{"Value":[],"TypeHint":"String","Description":"The set of NPCs belonging to this flock type"},"HorseFollowEnabled":{"Value":false,"Description":"If true, this NPC will follow its flock leader while idle (used by HorseFollow mod)."},"ClimbHeight":{"Value":1,"Description":"The maximum climb height, in blocks."},"AttitudeGroup":{"Value":"Livestock","Description":"The attitude group this NPC belongs to."},"PlayerDefaultAttitude":{"Value":"Neutral","Description":"The default attitude towards the player."},"AlertedTimeoutReaction":{"Value":[2,6],"Description":"The timeout after which an alerted NPC will make a decision on whether to befriend the target, in seconds."},"AlertedTimeoutGiveUp":{"Value":[5,12],"Description":"The timeout after which an alerted NPC will give up on the target, in seconds."},"GrazingBlockSet":{"Value":"Grass","Description":"The type of block that this NPC will graze on top of."},"FoodBlockSet":{"Value":"Hay","Description":"The type of block that this NPC will occasionally seek out to munch on."},"FoodItemSet":{"Value":["Ingredient_Hay"],"Description":"The list of dropped items that this NPC will occasionally seek out to munch on."},"DayTimePeriod":{"Value":[6.01,17.99],"Description":"The hour range considered to be daytime for this NPC (inclusive). Hours should be written with decimal fractions."},"DayTimeNapWeight":{"Value":2,"Description":"The weight used to determine if the NPC should have a short nap during the day. Set to 0 to disable."},"DayTimeNapTimeRange":{"Value":[10,12],"Description":"The duration range of daytime naps, in seconds."},"SleepInstruction":{"Value":"Component_Instruction_Wild_Sleep_State","Description":"Instruction component for Sleep state (wake on time/damage/sound). Stay role overrides to HF_Component_Instruction_Stay_Sleep_State to disable time-based wake."},"StayIdleGoToSleep":{"Value":false,"Description":"HorseFollow stay: when true, in Idle state immediately transition to Sleep (so Laydown runs). Stay role sets true."},"DayFlavorAnimation":{"Value":"","Description":"The flavor animation to play during the day. Ignored if null or empty."},"GreetAnimation":{"Value":"","Description":"The flavor animation to play when greeting another NPC or player. Ignored if null or empty."},"ChanceToTurnFriendly":{"Value":25,"Description":"The chance that the NPC will befriend the target when in the alerted state."},"ChanceToTurnFriendlyWithAttractiveItem":{"Value":50,"Description":"The chance that the NPC will befriend the target, if the latter is holding an attractive item."},"FriendlyOverrideTime":{"Value":300,"Description":"The duration of the friendly attitude override for the target, in seconds."},"FriendlyOverrideTimeWithAttractiveItem":{"Value":900,"Description":"The duration of the friendly attitude override for the target, when the latter is holding an attractive item, in seconds."},"IgnoreOverrideTime":{"Value":1200,"Description":"The duration of the ignore attitude override for the target."},"WeightGreet":{"Value":1,"Description":"The chance that the NPC will greet a friendly target."},"WeightFollowItem":{"Value":1,"Description":"The chance that the NPC will follow a friendly target holding an attractive item."},"WeightFollow":{"Value":1,"Description":"The chance that the NPC will follow friendly NPCs or players at a distance."},"WeightIgnore":{"Value":1,"Description":"The chance that the NPC will ignore friendly NPCs of players."},"IsHarvestable":{"Value":false,"Description":"Whether this NPC can be 'harvested'. This includes shearing, milking, etc."},"HarvestInteractionContext":{"Value":"","Description":"The interaction context of the harvest tool. If empty, no tool is needed to harvest the NPC."},"HarvestRequiredAttitudes":{"Value":["Friendly","Neutral","Hostile","Ignore","Revered"],"Description":"The attitude groups of players that can harvest the NPC."},"HarvestDropList":{"Value":"","Description":"The drop list that's executed when the NPC is harvested."},"HarvestParticles":{"Value":"Alerted","Description":"The particle system that is spawned when the NPC is harvested."},"HarvestSound":{"Value":"SFX_Sheep_Sheared","Description":"The sound that plays when NPC is harvested."},"HarvestTimeout":{"Value":["P1D","P1D"],"Description":"The minimum time between consecutive harvests. Expressed in the ISO-8601 time period notation, where both values of the array must have the same prefix (either 'PT' or 'P')."},"HarvestModelSlot":{"Value":"","Description":"The model attachment slot where the 'harvested' state is displayed."},"HarvestModelAttachmentHarvestable":{"Value":"","Description":"The attachment that should be rendered when the NPC can be harvested."},"HarvestModelAttachmentHarvested":{"Value":"","Description":"The attachment that should be rendered when the NPC was harvested and is in timeout."},"HarvestAddItemBucket":{"Value":"","Description":"Item to add when player holds Container_Bucket (e.g., milk bucket for milking)."},"HarvestAddItemDecoBucket":{"Value":"","Description":"Item to add when player holds Deco_Bucket (e.g., milk bucket for milking)."},"ProduceItem":{"Value":"","Description":"The item this NPC produces (poop, eggs, etc)."},"ProduceTimeout":{"Value":["PT6H","PT36H"],"Description":"The timeout between consecutive produces."},"DayFlavorAnimationLength":{"Value":[3,5],"Description":"How long the daytime flavor animation will be played for, in seconds."},"Timid":{"Value":false,"Description":"Whether this NPC is timid or not. Timid NPCs are harder to approach and befriend."},"AttackWhenStartled":{"Value":false,"Description":"Whether this NPC attacks when startled."},"Attack":{"Value":"","Description":"The attack interaction this NPC will use."},"AttackRange":{"Value":5,"Description":"The range at which the NPC can identify an attacker."},"MaxSpeed":{"Value":4,"Description":"The maximum walking speed of the NPC."},"MaxHealth":{"Value":100,"Description":"The maximum health of the NPC."},"MaxRotationSpeed":{"Value":360,"Description":"The maximum rotation speed, in degrees per second."},"RunThreshold":{"Value":0.5,"Description":"The speed ratio at which the NPC switches to run animation (e.g if MaxSpeed is 10, and RunThreshold is set to 0.55, the NPC will start running at speed 5.5)."},"IsMemory":{"Value":false,"Description":"Whether the NPC is a memory."},"MemoriesCategory":{"Value":"Livestock","Description":"The category of the memory."},"MemoriesNameOverride":{"Value":"","Description":"If set, overrides the memory name."},"IsMountable":{"Value":false,"Description":"Whether this NPC can be mounted."},"MountAnchorX":{"Value":0},"MountAnchorY":{"Value":0},"MountAnchorZ":{"Value":0},"MountMovementConfig":{"Value":"Mount"},"BreathesInWater":{"Value":false,"Description":"Whether this NPC can breathe underwater."},"NameTranslationKey":{"Value":"server.npcRoles.Template.name","Description":"The translation key for the NPC name display"}},"IsMemory":{"Compute":"IsMemory"},"MemoriesCategory":{"Compute":"MemoriesCategory"},"MemoriesNameOverride":{"Compute":"MemoriesNameOverride"},"DropList":{"Compute":"DropList"},"FlockSpawnTypes":{"Compute":"FlockArray"},"FlockSpawnTypesRandom":true,"DisableDamageGroups":["Self"],"Appearance":{"Compute":"Appearance"},"DefaultPlayerAttitude":{"Compute":"PlayerDefaultAttitude"},"DefaultNPCAttitude":"Ignore","AttitudeGroup":{"Compute":"AttitudeGroup"},"ApplySeparation":true,"SeparationDistance":1,"SeparationWeight":1,"SeparationDistanceTarget":0.5,"SeparationNearRadiusTarget":1,"SeparationFarRadiusTarget":7,"BreathesInWater":{"Compute":"BreathesInWater"},"IsMountable":{"Compute":"IsMountable"},"MountAnchorX":{"Compute":"MountAnchorX"},"MountAnchorY":{"Compute":"MountAnchorY"},"MountAnchorZ":{"Compute":"MountAnchorZ"},"MountMovementConfig":{"Compute":"MountMovementConfig"},"KnockbackScale":0.5,"MotionControllerList":[{"Type":"Walk","MaxWalkSpeed":{"Compute":"MaxSpeed"},"Gravity":15,"MaxFallSpeed":15,"JumpHeight":0.1,"MaxRotationSpeed":{"Compute":"MaxRotationSpeed"},"Acceleration":100,"RunThreshold":{"Compute":"RunThreshold"},"DescentAnimationType":"Fall","DescentSteepness":2.5,"DescentBlending":1,"JumpDescentSteepness":8,"MaxClimbHeight":{"Compute":"ClimbHeight"}}],"StateTransitions":[{"States":[{"From":["Idle"],"To":["Sleep"]}],"Actions":{"Reference":"Component_ActionList_Sleep"}},{"States":[{"From":["Sleep"],"To":["Alerted","Flee","Idle"]}],"Actions":{"Reference":"Component_ActionList_Wake"}},{"$Comment":"Always clear animation when moving from Alerted or Flee state.","States":[{"To":[],"From":["Alerted","Flee"]}],"Actions":[{"Type":"PlayAnimation","Slot":"Status"},{"Type":"SetFlag","Name":"AnimationBlock","SetTo":false}]},{"$Comment":"Always clear target and reset instructions when going back to idle.","States":[{"To":["Idle"],"From":[]}],"Actions":[{"Type":"ReleaseTarget"},{"Type":"ResetInstructions"},{"Type":"PlayAnimation","Slot":"Status"}]},{"$Comment":"Clear idle anims","States":[{"To":[],"From":["Idle"]}],"Actions":[{"Type":"PlayAnimation","Slot":"Status"}]}],"MaxHealth":{"Compute":"MaxHealth"},"InteractionVars":{"Melee_Damage":{"Interactions":[{"$Comment":"Config for a successful melee hit, default values for Effects and HitShape are not overwritten here, see each NPC_ file","Parent":"NPC_Attack_Melee_Damage","DamageCalculator":{"Type":"Absolute","BaseDamage":{"Physical":5},"RandomPercentageModifier":0.1}}]}},"Instructions":[{"$Comment":"This is separate so it can run all the time regardless of the rest of the script","Continue":true,"Instructions":[{"$Comment":"Update flock member leash positions to match the leader.","Enabled":{"Compute":"!isEmptyStringArray(FlockArray)"},"Continue":true,"Sensor":{"Type":"And","Sensors":[{"Type":"FlockLeader"},{"Type":"Self","Filters":[{"Type":"Flock","FlockStatus":"Follower"}]}]},"Actions":[{"Type":"Timeout","Delay":[0.5,2],"Action":{"Type":"SetLeashPosition","ToTarget":true}}]},{"$Comment":"HorseFollow: Follow flock leader while idle (Seek). Disabled when mounted so idle anims do not run.","Enabled":{"Compute":"HorseFollowEnabled && !isEmptyStringArray(FlockArray)"},"Continue":true,"Sensor":{"Type":"And","Sensors":[{"Type":"State","State":"Idle"},{"Type":"FlockLeader"},{"Type":"Self","Filters":[{"Type":"Flock","FlockStatus":"Follower"}]}]},"HeadMotion":{"Type":"Watch"},"BodyMotion":{"Type":"Seek","SlowDownDistance":7,"StopDistance":4},"Actions":[{"$Comment":"Clear Status slot so Walk motion controller drives Walk/Run animation instead of Idle.","Type":"PlayAnimation","Slot":"Status"}]},{"$Comment":"Join eligible flocks if not a member of a flock.","Enabled":{"Compute":"!isEmptyStringArray(FlockArray)"},"Sensor":{"Type":"Mob","Range":20,"ExcludeOwnType":false,"LockOnTarget":true,"Filters":[{"Type":"NPCGroup","IncludeGroups":["Self"]},{"Type":"Flock","FlockStatus":"NotMember"}]},"Actions":[{"Type":"JoinFlock"}]}]},{"Continue":true,"$Comment":"This is separate so it can run all the time regardless of the rest of the script, when in water go straight to panic to get out","Instructions":[{"Sensor":{"Type":"And","Sensors":[{"Type":"InWater"},{"Type":"Not","Sensor":{"Type":"State","State":"Panic"}}]},"Actions":[{"Type":"State","State":"Panic"}]}]},{"$Comment":"If there are configured attachments for the 'harvestable' state, apply them","Enabled":{"Compute":"IsHarvestable"},"Continue":true,"Sensor":{"Type":"Alarm","Name":"Harvest_Ready","State":"Passed","Clear":true},"Instructions":[{"Enabled":{"Compute":"!isEmpty(HarvestModelSlot)"},"Actions":[{"Type":"ModelAttachment","Slot":{"Compute":"HarvestModelSlot"},"Attachment":{"Compute":"HarvestModelAttachmentHarvestable"}}]}]},{"$Comment":"Initializes the produce item alarm","Enabled":{"Compute":"!isEmpty(ProduceItem)"},"Sensor":{"Type":"Any","Once":true},"Actions":[{"Type":"SetAlarm","Name":"Produce_Ready","DurationRange":{"Compute":"ProduceTimeout"}}]},{"Instructions":[{"$Comment":"Idle behaviors (wander, eat, grazing, etc.). Note: engine may not provide hasPassengers(); when mounted, FollowService removes FlockMembership so HorseFollow does not match.","Sensor":{"Type":"State","State":"Idle"},"Enabled":{"Compute":"true"},"Instructions":[{"$Comment":"HorseFollow stay: when StayIdleGoToSleep true, transition Idle -> Sleep so StateTransitions run Laydown.","Enabled":{"Compute":"StayIdleGoToSleep"},"Sensor":{"Type":"Any","Once":true},"Actions":[{"Type":"State","State":"Sleep"}]},{"$Comment":"Switch to flee state if any flock member engages a target TODO switch to attack if you are very close and can attack? otherwise flee.","Enabled":{"Compute":"!isEmptyStringArray(FlockArray)"},"Sensor":{"Type":"Beacon","Message":"Flock_Attack","TargetSlot":"LockedTarget","Range":{"Compute":"HearingRange"}},"Actions":[{"Type":"State","State":"Alerted"}]},{"Reference":"Component_Instruction_Damage_Check","Modify":{"_ExportStates":["Flee.Switch","Panic"],"AlertedRange":{"Compute":"AlertedRange"}}},{"$Comment":"Check if there are any potential things that can alert the NPC","Sensor":{"Reference":"Component_Sensor_Standard_Detection","Modify":{"ViewRange":{"Compute":"ViewRange"},"ViewSector":{"Compute":"ViewSector"},"HearingRange":{"Compute":"HearingRange"},"AbsoluteDetectionRange":{"Compute":"AbsoluteDetectionRange"},"Attitudes":["Hostile","Neutral","Friendly"]}},"Actions":[{"Type":"State","State":"Alerted"}]},{"$Comment":"If we're beyond our soft leash radius for a set period of time, return home.","Continue":true,"Sensor":{"Type":"Leash","Range":{"Compute":"LeashDistance"}},"ActionsBlocking":true,"Actions":[{"Type":"Timeout","Delay":[15,20]},{"Type":"State","State":"ReturnHome"}]},{"$Comment":"HorseFollow: eating/grazing only when not following (HorseFollowEnabled = when bound).","Enabled":{"Compute":"!HorseFollowEnabled"},"Sensor":{"Type":"State","State":".FindFood"},"Instructions":[{"Sensor":{"Type":"Or","Sensors":[{"Type":"Block","Range":1.5,"MaxHeight":4,"Blocks":{"Compute":"FoodBlockSet"},"Random":true},{"Enabled":{"Compute":"!isEmptyStringArray(FoodItemSet)"},"Type":"DroppedItem","Range":1,"Items":{"Compute":"FoodItemSet"},"ViewSector":{"Compute":"ViewSector"},"LineOfSight":true}]},"BodyMotion":{"Type":"AimCharge"},"ActionsBlocking":true,"Actions":[{"Type":"PlayAnimation","Slot":"Status","Animation":"Eat"},{"Type":"Timeout","Delay":[4,6]},{"Type":"PickUpItem","Items":["*Hay*"],"Range":1.5,"StorageTarget":"Destroy"}]},{"Sensor":{"Type":"Or","Sensors":[{"Type":"Block","Range":{"Compute":"ViewRange"},"MaxHeight":4,"Blocks":{"Compute":"FoodBlockSet"},"Random":true},{"Enabled":{"Compute":"!isEmptyStringArray(FoodItemSet)"},"Type":"DroppedItem","Range":{"Compute":"ViewRange"},"Items":{"Compute":"FoodItemSet"},"ViewSector":{"Compute":"ViewSector"},"LineOfSight":true}]},"BodyMotion":{"Type":"Seek","RelativeSpeed":0.6,"StopDistance":0.5,"RelaxedMoveConstraints":false},"HeadMotion":{"Type":"Watch"}},{"Sensor":{"Type":"Any"},"ActionsBlocking":true,"Actions":[{"Type":"PlayAnimation","Slot":"Status"},{"Type":"Timeout","Delay":[2,4]},{"Type":"ResetBlockSensors"},{"Type":"State","State":".Default"}]}]},{"$Comment":"Produce an item","Enabled":{"Compute":"!isEmpty(ProduceItem)"},"Continue":true,"Instructions":[{"Sensor":{"Type":"Alarm","Name":"Produce_Ready","State":"Passed","Clear":true},"Actions":[{"Type":"Nothing"}]},{"Sensor":{"Type":"Alarm","Name":"Produce_Ready","State":"Unset"},"Actions":[{"Type":"DropItem","Item":{"Compute":"ProduceItem"},"Distance":[0,0],"Delay":[0,0],"ThrowSpeed":14.32},{"Type":"SetAlarm","Name":"Produce_Ready","DurationRange":{"Compute":"ProduceTimeout"}}]}]},{"$Comment":"Execute daytime idle behaviors.","Type":"Random","ExecuteFor":[20,30],"Sensor":{"Type":"Time","Period":{"Compute":"DayTimePeriod"},"CheckDay":true},"Instructions":[{"$Comment":"Regular wander.","Weight":20,"Instructions":[{"Continue":true,"Actions":[{"Type":"Crouch","Crouch":false}]},{"Reference":"Component_Instruction_Leash_To_Flock_Leader","Modify":{"Enabled":{"Compute":"!isEmptyStringArray(FlockArray)"},"WanderRadius":{"Compute":"WanderRadius"},"StopDistance":3}},{"BodyMotion":{"Type":"Sequence","Looped":true,"Motions":[{"Type":"Timer","Time":[1,5],"Motion":{"Type":"WanderInCircle","Radius":{"Compute":"WanderRadius"},"MaxHeadingChange":60,"RelativeSpeed":0.18}},{"Type":"Timer","Time":[3,8],"Motion":{"Type":"Nothing"}}]}}]},{"$Comment":"TODO: grazing component seems to be borked. HorseFollow: only when not following.","Enabled":{"Compute":"!HorseFollowEnabled"},"Weight":10,"Instructions":[{"Sensor":{"Type":"Self","Filters":[{"Type":"StandingOnBlock","BlockSet":{"Compute":"GrazingBlockSet"}}]},"ActionsBlocking":true,"Actions":[{"Type":"PlayAnimation","Slot":"Status","Animation":"Eat"},{"Type":"Timeout","Delay":[5,6]},{"Type":"PlayAnimation","Slot":"Status"},{"Type":"ResetInstructions"}]},{"$Comment":"They are not standing on grazing block","Actions":[{"Type":"ResetInstructions"},{"Type":"State","State":".Default"}]}]},{"$Comment":"HorseFollow: seek food/eat only when not following.","Enabled":{"Compute":"(!isEmpty(FoodBlockSet) || !isEmptyStringArray(FoodItemSet)) && !HorseFollowEnabled"},"Weight":10,"Instructions":[{"Sensor":{"Type":"Or","Sensors":[{"Enabled":{"Compute":"!isEmptyStringArray(FoodItemSet)"},"Type":"DroppedItem","Range":{"Compute":"ViewRange"},"Items":{"Compute":"FoodItemSet"},"ViewSector":{"Compute":"ViewSector"},"LineOfSight":true},{"Enabled":{"Compute":"!isEmpty(FoodBlockSet)"},"Type":"Block","Range":{"Compute":"ViewRange"},"MaxHeight":4,"Blocks":{"Compute":"FoodBlockSet"},"Random":true}]},"Actions":[{"Type":"State","State":".FindFood"}]}]},{"$Comment":"Play a daytime flavor animation.","Enabled":{"Compute":"!isEmpty(DayFlavorAnimation)"},"Weight":3,"Instructions":[{"ActionsBlocking":true,"Actions":[{"Type":"PlayAnimation","Slot":"Status","Animation":{"Compute":"DayFlavorAnimation"}},{"Type":"Timeout","Delay":{"Compute":"DayFlavorAnimationLength"}},{"Type":"PlayAnimation","Slot":"Status"},{"Type":"ResetInstructions"}]}]},{"$Comment":"Nap. HorseFollow: only when not following.","Enabled":{"Compute":"DayTimeNapWeight > 0 && !HorseFollowEnabled"},"Weight":{"Compute":"DayTimeNapWeight"},"Instructions":[{"Actions":[{"Type":"State","State":"Sleep.Nap"}]}]}]},{"$Comment":"Sleep time. HorseFollow: only when not following.","Enabled":{"Compute":"!HorseFollowEnabled"},"Actions":[{"Type":"Timeout","Delay":[2,4],"Action":{"Type":"Sequence","Actions":[{"Type":"State","State":"Sleep"}]}}]}]},{"Sensor":{"Type":"State","State":"Sleep"},"Instructions":[{"$Comment":"Wake up if an enemy attacks a flock member.","Enabled":{"Compute":"!isEmptyStringArray(FlockArray)"},"Sensor":{"Type":"Beacon","Message":"Flock_Attack","TargetSlot":"LockedTarget"},"Actions":[{"Type":"State","State":"Alerted"}]},{"$Comment":"Just a little nap. HorseFollow: only when not following.","Enabled":{"Compute":"DayTimeNapWeight > 0 && !HorseFollowEnabled"},"Sensor":{"Type":"State","State":".Nap"},"Instructions":[{"$Comment":"Start the nap timer","Continue":true,"Sensor":{"Type":"Any","Once":true},"Actions":[{"Type":"TimerStart","Name":"NapTimer","StartValueRange":{"Compute":"DayTimeNapTimeRange"},"RestartValueRange":{"Compute":"DayTimeNapTimeRange"}},{"Type":"TimerRestart","Name":"NapTimer"}]},{"Reference":"Component_Instruction_Wild_Sleep_State","Modify":{"_ExportStates":["Panic","Panic","Flee.Switch","Idle"],"HearingRange":{"Compute":"HearingRange"},"Attitudes":["Hostile","Neutral"],"WakeupSensor":"Component_Sensor_Timed_Nap"}}]},{"$Comment":"Night-time sleep. Uses static reference (vanilla pattern). Stay role would need separate approach for HF_Component_Instruction_Stay_Sleep_State.","Instructions":[{"Reference":"Component_Instruction_Wild_Sleep_State","Modify":{"_ExportStates":["Panic","Panic","Flee.Switch","Idle"],"HearingRange":{"Compute":"HearingRange"},"Attitudes":["Hostile","Neutral"],"DayTimePeriod":{"Compute":"DayTimePeriod"}}}]}]},{"$Comment":"Used when receiving something like a flock beacon that may potentially result in the NPC becoming alerted but could also be discarded with a random chance.","Sensor":{"Type":"State","State":"Alerted"},"Instructions":[{"$Comment":"Play the alerted animation when entering the state","Continue":true,"Sensor":{"Type":"Any","Once":true},"Actions":[{"Type":"PlayAnimation","Slot":"Status","Animation":"Alerted"}]},{"$Comment":"Starting a timer to get out of alerted state if nothing else got us out of there. TODO: expose the timer duration","Continue":true,"ActionsBlocking":true,"Actions":[{"Type":"Timeout","Delay":{"Compute":"AlertedTimeoutGiveUp"}},{"Type":"State","State":".TimerEnd"}]},{"$Comment":"Check for damage","Reference":"Component_Instruction_Damage_Check","Modify":{"_ExportStates":["Flee.Switch","Panic"],"AlertedRange":{"Compute":"AlertedRange"}}},{"$Comment":"Watching a target always, if we have any","Continue":true,"Sensor":{"Type":"Target","Range":{"Compute":"AlertedRange"}},"HeadMotion":{"Type":"Watch"}},{"$Comment":"If the target gets too close, flee for a bit","Continue":true,"Sensor":{"Type":"Target","Range":{"Compute":"AlertedActionRange * randomInRange(0.3, 0.7)"}},"BodyMotion":{"Type":"Flee","RelativeSpeed":0.5,"StopDistance":{"Compute":"AlertedActionRange"},"SlowDownDistance":{"Compute":"AlertedActionRange * 0.25"},"RelaxedMoveConstraints":false}},{"Continue":true,"Sensor":{"$Comment":"If target is reasonably close, the NPC will react instead of just staring","Type":"Target","Range":{"Compute":"AlertedActionRange"},"Filters":[{"Type":"LineOfSight"}]},"Instructions":[{"Enabled":{"Compute":"!isEmptyStringArray(LovedItems)"},"$Comment":"If the target is holding an item deemed very attractive, always follow it","Sensor":{"Type":"Target","Filters":[{"Type":"ItemInHand","Items":{"Compute":"LovedItems"}},{"Type":"Not","Filter":{"Type":"Attitude","Attitudes":["Hostile","Ignore"]}}]},"Actions":[{"$Comment":"TODO: check what particle systems are offsetting off of and potentially expose it to compute","Type":"SpawnParticles","Offset":[0,1,0],"ParticleSystem":"Hearts"},{"Type":"OverrideAttitude","Attitude":"Friendly","Duration":{"Compute":"FriendlyOverrideTimeWithAttractiveItem"}},{"Type":"State","State":"Curious.Item"}]},{"$Comment":"Threatening actions that will cause the NPC to flee","Sensor":{"Type":"Or","Sensors":[{"Type":"Target","Filters":[{"Type":"Or","Filters":[{"Type":"Attitude","Attitudes":["Hostile"]},{"Type":"Combat"},{"Type":"ItemInHand","Items":["*Weapon*"]}]}]},{"Type":"Target","Filters":[{"Type":"Not","Filter":{"Type":"Attitude","Attitudes":["Friendly"]}},{"Type":"MovementState","State":"Sprinting"}]},{"Enabled":{"Compute":"Timid"},"Type":"Target","Filters":[{"Type":"MovementState","State":"Sprinting"}]},{"Type":"Target","Range":{"Compute":"min(AbsoluteDetectionRange, AlertedActionRange * 0.75)"},"Filters":[{"Type":"Not","Filter":{"Type":"Attitude","Attitudes":["Friendly","Ignore"]}}]}]},"Actions":[{"Type":"State","State":"Flee.Switch"}]},{"Continue":true,"$Comment":"Starting a second timer to try and turn friendly. TODO: compute it as % of alerted timer","Sensor":{"Type":"Target","Filters":[{"Type":"Attitude","Attitudes":["Neutral"]}]},"ActionsBlocking":true,"Actions":[{"Type":"Timeout","Delay":{"Compute":"AlertedTimeoutReaction"}},{"Type":"State","State":".Switch"}]},{"$Comment":"Execute random behaviors towards friendly and revered.","Type":"Random","ExecuteFor":[15,20],"Sensor":{"Type":"Target","Filters":[{"Type":"Attitude","Attitudes":["Friendly","Revered"]}]},"Instructions":[{"Enabled":{"Compute":"!isEmptyStringArray(AttractiveItems)"},"Weight":{"Compute":"WeightFollowItem"},"$Comment":"TODO: change this to a weight-based decision to avoid the whole flock chasing the item","Sensor":{"Type":"Target","Filters":[{"Type":"ItemInHand","Items":{"Compute":"AttractiveItems"}}]},"Actions":[{"Type":"State","State":"Curious.Item"}]},{"Enabled":{"Compute":"WeightGreet > 0"},"Weight":{"Compute":"WeightGreet"},"Actions":[{"Type":"State","State":"Curious.Greet"}]},{"$Comment":"NPC will approach player and stop at a distance, following them like this for a while","Enabled":{"Compute":"WeightFollow > 0"},"Weight":{"Compute":"WeightFollow"},"Actions":[{"Type":"State","State":"Curious.Follow"}]},{"$Comment":"We override the attitude here and go to idle - this way the alerted state won't be triggered right away","Enabled":{"Compute":"WeightIgnore > 0"},"Weight":{"Compute":"WeightIgnore"},"Sensor":{"Type":"Target"},"ActionsBlocking":true,"Actions":[{"Type":"OverrideAttitude","Attitude":"Ignore","Duration":{"Compute":"IgnoreOverrideTime"}},{"Type":"State","State":"Idle"}]},{"$Comment":"Fallback if weights are misconfigured","Weight":1,"Sensor":{"Type":"Target"},"ActionsBlocking":true,"Actions":[{"Type":"OverrideAttitude","Attitude":"Ignore","Duration":{"Compute":"IgnoreOverrideTime"}},{"Type":"State","State":"Idle"}]}]}]},{"Sensor":{"Type":"State","State":".TimerEnd"},"Instructions":[{"Enabled":{"Compute":"!Timid"},"Sensor":{"$Comment":"Timer ended, we still have a target and it's a friendly one and we are not timid","Type":"Target","Range":{"Compute":"AlertedRange"},"Filters":[{"Type":"Attitude","Attitudes":["Friendly"]}]},"Actions":[{"Type":"OverrideAttitude","Attitude":"Ignore","Duration":{"Compute":"IgnoreOverrideTime"}},{"Type":"State","State":"Idle"}]},{"Enabled":{"Compute":"Timid"},"Sensor":{"$Comment":"Timer ended, I am timid and the target is staring me down, stranger danger, flee","Type":"Target","Range":{"Compute":"AlertedRange"},"Filters":[{"Type":"SpotsMe"},{"Type":"Not","Filter":{"Type":"Attitude","Attitudes":["Friendly"]}}]},"Actions":[{"Type":"State","State":"Flee"}]},{"Sensor":{"$Comment":"Timer ended, target seems uninterested and is assumed to be harmless, ignore for a while","Type":"Target","Range":{"Compute":"AlertedRange"}},"Actions":[{"Type":"OverrideAttitude","Attitude":"Ignore","Duration":{"Compute":"IgnoreOverrideTime"}},{"Type":"State","State":"Idle"}]},{"$Comment":"There is no target, so just go idle","Actions":[{"Type":"State","State":"Idle"}]}]},{"$Comment":"Timer elapsed and we randomly decide if friendly or not. This has to continue so we can hit the friendly instructions below","Sensor":{"Type":"State","State":".Switch"},"Instructions":[{"$Comment":"If the NPC is configured with a different chance to befriend when the target is holding a special item, use that chance","Enabled":{"Compute":"ChanceToTurnFriendlyWithAttractiveItem > 0"},"Sensor":{"Type":"Target","Filters":[{"Type":"Attitude","Attitudes":["Neutral"]},{"Type":"ItemInHand","Items":{"Compute":"AttractiveItems"}}]},"Type":"Random","ExecuteFor":[15,20],"Instructions":[{"Weight":{"Compute":"ChanceToTurnFriendlyWithAttractiveItem"},"Sensor":{"Type":"Target"},"Actions":[{"$Comment":"TODO: check what particle systems are offsetting off of and potentially expose it to compute","Type":"SpawnParticles","Offset":[0,1,0],"ParticleSystem":"Hearts"},{"Type":"OverrideAttitude","Attitude":"Friendly","Duration":{"Compute":"FriendlyOverrideTimeWithAttractiveItem"}},{"$Comment":"Prevents the next instruction from running as soon as the player is no longer neutral","Type":"State","State":".Default"}]},{"Enabled":{"Compute":"ChanceToTurnFriendlyWithAttractiveItem < 100"},"Weight":{"Compute":"100 - ChanceToTurnFriendlyWithAttractiveItem"},"Actions":[{"Type":"State","State":"Flee"}]}]},{"$Comment":"NPC becoming friendly with a player","Enabled":{"Compute":"ChanceToTurnFriendly > 0"},"Sensor":{"Type":"Target","Filters":[{"Type":"Attitude","Attitudes":["Neutral"]}]},"Type":"Random","ExecuteFor":[15,20],"Instructions":[{"Weight":{"Compute":"ChanceToTurnFriendly"},"Sensor":{"Type":"Target"},"Actions":[{"$Comment":"TODO: check what it is offseting off and potentially expose it to compute","Type":"SpawnParticles","Offset":[0,1,0],"ParticleSystem":"Hearts"},{"Type":"OverrideAttitude","Attitude":"Friendly","Duration":{"Compute":"FriendlyOverrideTime"}},{"$Comment":"Prevents the next instruction from running as soon as the player is no longer neutral","Type":"State","State":".Default"}]},{"Enabled":{"Compute":"ChanceToTurnFriendly < 100"},"Weight":{"Compute":"100 - ChanceToTurnFriendly"},"Actions":[{"Type":"State","State":"Flee"}]}]}]}]},{"Sensor":{"Type":"State","State":"Curious"},"Instructions":[{"$Comment":"Animations","Continue":true,"Sensor":{"Type":"Any","Once":true},"Actions":[{"Type":"PlayAnimation","Slot":"Status","Animation":"Curious"}]},{"$Comment":"If getting to the target takes too long, ignore and go to idle. This is also how long it will follow if this is triggered,TODO: mb could be a bit longer for the follow? ","Sensor":{"Type":"And","Sensors":[{"Type":"Target"},{"$Comment":"The item follow substates has its own timeouts","Type":"Not","Sensor":{"Type":"State","State":"Curious.Item"}}]},"Continue":true,"ActionsBlocking":true,"Actions":[{"Type":"Timeout","Delay":[7,7]},{"Type":"OverrideAttitude","Attitude":"Ignore","Duration":{"Compute":"IgnoreOverrideTime"}},{"Type":"State","State":"Idle"}]},{"$Comment":"Check if there are any potential threats nearby and flee. TODO: add more tirggers to flee","Sensor":{"Reference":"Component_Sensor_Standard_Detection","Modify":{"ViewRange":{"Compute":"ViewRange"},"ViewSector":{"Compute":"ViewSector"},"HearingRange":{"Compute":"HearingRange"},"AbsoluteDetectionRange":{"Compute":"AbsoluteDetectionRange"},"Attitudes":["Hostile"]}},"Actions":[{"Type":"State","State":"Flee.Switch"}]},{"Reference":"Component_Instruction_Damage_Check","Modify":{"_ExportStates":["Flee.Switch","Panic"],"AlertedRange":{"Compute":"AlertedRange"}}},{"$Comment":"TODO: mb potentially move secnsor component for curious, or for alerted - with parameters to be mor forgiving","Sensor":{"Type":"Or","Sensors":[{"Type":"Target","Filters":[{"Type":"Or","Filters":[{"Type":"Attitude","Attitudes":["Hostile"]},{"Type":"Combat"},{"Type":"ItemInHand","Items":["*Weapon*"]}]}]},{"Type":"Target","Filters":[{"Type":"Not","Filter":{"Type":"Attitude","Attitudes":["Friendly"]}},{"Type":"MovementState","State":"Sprinting"}]},{"Enabled":{"Compute":"Timid"},"Type":"Target","Filters":[{"Type":"MovementState","State":"Sprinting"}]},{"Type":"Target","Range":{"Compute":"AbsoluteDetectionRange"},"Filters":[{"Type":"Not","Filter":{"Type":"Attitude","Attitudes":["Friendly","Ignore"]}}]}]},"Actions":[{"Type":"State","State":"Flee.Switch"}]},{"$Comment":"We lost target","Sensor":{"Type":"Not","Sensor":{"Type":"Target","Range":{"Compute":"AlertedRange"},"Filters":[{"Type":"LineOfSight"}]}},"ActionsBlocking":true,"Actions":[{"Type":"Timeout","Delay":[0.2,0.2]},{"Type":"State","State":"Idle"}]},{"$Comment":"Moving to an attractive item","Sensor":{"Type":"State","State":".Item"},"Instructions":[{"$Comment":"Start a timer after which the NPC will lose interest in the item holder, regardless of range","Continue":true,"Sensor":{"Type":"Target"},"HeadMotion":{"Type":"Watch"},"ActionsBlocking":true,"Actions":[{"Type":"Timeout","Delay":{"Compute":"AttractiveItemsTimeout"}},{"Type":"PlayAnimation","Slot":"Status"},{"Type":"Timeout","Delay":[2,4]},{"Type":"OverrideAttitude","Attitude":"Ignore","Duration":20},{"Type":"State","State":"Idle"}]},{"$Comment":"Target too far or without attractive item","Sensor":{"Type":"And","Sensors":[{"Type":"Not","Sensor":{"Type":"Target","Range":{"Compute":"AlertedRange"},"Filters":[{"Type":"LineOfSight"},{"Type":"ItemInHand","Items":{"Compute":"AttractiveItems"}}]}},{"$Comment":"Need to do this to avoid two concurrent ItemInHand filters","Enabled":{"Compute":"!isEmptyStringArray(LovedItems)"},"Type":"Not","Sensor":{"Type":"Target","Range":{"Compute":"AlertedRange"},"Filters":[{"Type":"LineOfSight"},{"Type":"ItemInHand","Items":{"Compute":"LovedItems"}}]}}]},"ActionsBlocking":true,"Actions":[{"Type":"PlayAnimation","Slot":"Status","Animation":"Alerted"},{"Type":"Timeout","Delay":[2,3]},{"Type":"State","State":"Idle"}]},{"Sensor":{"Type":"Target","Range":2.5},"ActionsBlocking":true,"Actions":[{"Type":"Timeout","Delay":{"Compute":"AttractiveItemsSmellTimeout"}},{"Type":"PlayAnimation","Slot":"Status"},{"Type":"OverrideAttitude","Attitude":"Ignore","Duration":20},{"Type":"State","State":"Idle"}]},{"Sensor":{"Type":"Target","Range":{"Compute":"AlertedRange"}},"BodyMotion":{"Type":"Seek","SlowDownDistance":3.5,"StopDistance":2,"RelativeSpeed":0.4,"RelaxedMoveConstraints":false}}]},{"$Comment":"Moving to Greet","Sensor":{"Type":"State","State":".Greet"},"Instructions":[{"Sensor":{"Type":"Target","Range":3},"HeadMotion":{"Type":"Watch","RelativeTurnSpeed":0.5},"ActionsBlocking":true,"Actions":[{"Type":"PlayAnimation","Slot":"Status","Animation":"GreetAnimation"},{"Type":"Timeout","Delay":[2,4]},{"Type":"PlayAnimation","Slot":"Status"},{"Type":"OverrideAttitude","Attitude":"Ignore","Duration":{"Compute":"IgnoreOverrideTime"}},{"Type":"State","State":"Idle"}]},{"Sensor":{"Type":"Target","Range":{"Compute":"AlertedActionRange"}},"BodyMotion":{"Type":"Seek","SlowDownDistance":5,"StopDistance":3,"RelativeSpeed":0.4,"RelaxedMoveConstraints":false}}]},{"$Comment":"Moving to follow, stop at half alerted action range and watch a bit. TODO: flee if player sprints towards npc","Sensor":{"Type":"State","State":".Follow"},"Instructions":[{"Continue":true,"Sensor":{"Type":"Target","Range":{"Compute":"AlertedActionRange"}},"BodyMotion":{"Type":"Seek","SlowDownDistance":{"Compute":"AlertedActionRange"},"StopDistance":3,"RelativeSpeed":0.4,"RelaxedMoveConstraints":false}},{"Sensor":{"Type":"Target","Range":4},"ActionsBlocking":true,"Actions":[{"Type":"Timeout","Delay":[0.5,0.5]}],"HeadMotion":{"Type":"Watch"}}]}]},{"Sensor":{"Type":"State","State":"ReturnHome"},"Instructions":[{"$Comment":"Switch to flee state if any flock member engages a target TODO switch to attack if you are very close and can attack? otherwise flee.","Enabled":{"Compute":"!isEmptyStringArray(FlockArray)"},"Sensor":{"Type":"Beacon","Message":"Flock_Attack","TargetSlot":"LockedTarget","Range":{"Compute":"HearingRange"}},"Actions":[{"Type":"State","State":"Alerted"}]},{"Reference":"Component_Instruction_Damage_Check","Modify":{"_ExportStates":["Flee.Switch","Panic"],"AlertedRange":{"Compute":"AlertedRange"}}},{"$Comment":"Check if there are any potential things that can alert the NPC","Sensor":{"Reference":"Component_Sensor_Standard_Detection","Modify":{"ViewRange":{"Compute":"ViewRange"},"ViewSector":{"Compute":"ViewSector"},"HearingRange":{"Compute":"HearingRange"},"AbsoluteDetectionRange":{"Compute":"AbsoluteDetectionRange"},"Attitudes":["Hostile","Neutral","Friendly"]}},"Actions":[{"Type":"State","State":"Alerted"}]},{"Sensor":{"$Comment":"TODO: make them walk home, expose walking speed?","Type":"Leash","Range":{"Compute":"LeashDistance * 0.3"}},"BodyMotion":{"Type":"Seek","SlowDownDistance":1,"StopDistance":0.5,"RelativeSpeed":0.4,"UsePathfinder":true}},{"Actions":[{"Type":"SetStat","Stat":"Health","Value":1000000},{"Type":"State","State":"Idle"}]}]},{"Sensor":{"Type":"State","State":"Flee"},"Instructions":[{"$Comment":"TODO: Add a state message","Enabled":{"Compute":"!isEmptyStringArray(FlockArray)"},"Continue":true,"Sensor":{"Type":"Any","Once":true},"Actions":[{"Type":"FlockBeacon","Message":"Flock_Attack","SendTargetSlot":"LockedTarget"}]},{"Reference":"Component_Instruction_Damage_Check","Modify":{"_ExportStates":["Flee.Switch","Panic"],"AlertedRange":{"Compute":"AlertedRange"}}},{"Sensor":{"Type":"State","State":".Switch"},"Instructions":[{"Sensor":{"Type":"Target","TargetSlot":"LockedTarget","Range":{"Compute":"AttackRange"}},"Instructions":[{"Continue":true,"Sensor":{"Type":"Target","Once":true},"Actions":[{"$TODO":"Maybe friendly lifestock doesnt override it for player when hit","Type":"OverrideAttitude","Attitude":"Hostile","Duration":23}]},{"Enabled":{"Compute":"AttackWhenStartled"},"Sensor":{"Type":"Target","Filters":[{"Type":"Not","Filter":{"Type":"ViewSector","ViewSector":270}}]},"ActionsBlocking":true,"Actions":[{"Type":"PlayAnimation","Slot":"Status","Animation":"Alerted"},{"Type":"Timeout","Delay":[0.2,0.2]},{"Type":"PlayAnimation","Slot":"Status"},{"Type":"State","State":".Attack"}]},{"Actions":[{"Type":"State","State":".Default"}]}]},{"Sensor":{"Type":"Target","TargetSlot":"LockedTarget","Range":{"Compute":"AlertedRange"}},"Actions":[{"Type":"State","State":".Default"}]},{"Actions":[{"Type":"State","State":"Panic"}]}]},{"Sensor":{"Type":"State","State":".Attack"},"ActionsBlocking":true,"Actions":[{"Type":"Attack","Attack":{"Compute":"Attack"},"AttackPauseRange":[1,2]},{"Type":"Timeout","Delay":[0.3,0.3],"Action":{"Type":"State","State":".Default"}}]},{"Sensor":{"Type":"Target","Range":{"Compute":"AlertedRange + 3"}},"BodyMotion":{"Type":"Flee","SlowDownDistance":{"Compute":"AlertedRange - 3"},"StopDistance":{"Compute":"AlertedRange + 3"},"RelativeSpeed":0.68},"Actions":[{"Type":"Timeout","Delay":[8,8],"Action":{"Type":"State","State":".Switch"}}]},{"Actions":[{"Type":"Timeout","Delay":[3,6],"Action":{"Type":"State","State":"Idle"}}]}]},{"Sensor":{"Type":"State","State":"Panic"},"Instructions":[{"Continue":true,"Sensor":{"Type":"Any","Once":true},"Actions":[{"Type":"PlayAnimation","Slot":"Status","Animation":"Alerted"}]},{"Continue":true,"Actions":[{"Type":"Timeout","Delay":[6,12],"Action":{"Type":"State","State":"Idle"}}]},{"Sensor":{"Type":"Damage","Combat":true},"BodyMotion":{"Type":"Flee","SlowDownDistance":9,"StopDistance":14,"RelativeSpeed":1,"RelaxedMoveConstraints":false}},{"BodyMotion":{"Type":"WanderInCircle","Radius":10,"MaxHeadingChange":90,"RelativeSpeed":1,"RelaxedMoveConstraints":true}}]},{"Sensor":{"Type":"State","State":"$Harvest"},"Instructions":[{"$Comment":"Base harvest logic: particles, sound, alarm (always runs)","Continue":true,"Sensor":{"Type":"Any","Once":true},"Actions":[{"Type":"PlayAnimation","Slot":"Status","Animation":"Alerted"},{"Type":"SpawnParticles","Offset":[0,1,0],"ParticleSystem":{"Compute":"HarvestParticles"}},{"Type":"PlaySound","SoundEventId":{"Compute":"HarvestSound"}},{"Type":"SetAlarm","Name":"Harvest_Ready","DurationRange":{"Compute":"HarvestTimeout"}}]},{"$Comment":"Drop item only if HarvestDropList is set","Enabled":{"Compute":"!isEmpty(HarvestDropList)"},"Continue":true,"Sensor":{"Type":"Any","Once":true},"Actions":[{"Type":"DropItem","DropList":{"Compute":"HarvestDropList"},"Distance":[0.2,0.5],"Delay":[0,0],"DropSector":[-360,360],"PitchHigh":false,"ThrowSpeed":14}]},{"$Comment":"Replace Container_Bucket with milk when held","Enabled":{"Compute":"!isEmpty(HarvestAddItemBucket)"},"Continue":true,"Sensor":{"Type":"And","Sensors":[{"Type":"Any","Once":true},{"Type":"Target","Filters":[{"Type":"ItemInHand","Items":["Container_Bucket"]}]}]},"Actions":[{"Type":"Inventory","UseTarget":true,"Operation":"RemoveHeldItem"},{"Type":"Inventory","UseTarget":true,"Operation":"Add","Item":{"Compute":"HarvestAddItemBucket"},"Count":1}]},{"$Comment":"Replace Deco_Bucket with milk when held","Enabled":{"Compute":"!isEmpty(HarvestAddItemDecoBucket)"},"Continue":true,"Sensor":{"Type":"And","Sensors":[{"Type":"Any","Once":true},{"Type":"Target","Filters":[{"Type":"ItemInHand","Items":["Deco_Bucket"]}]}]},"Actions":[{"Type":"Inventory","UseTarget":true,"Operation":"RemoveHeldItem"},{"Type":"Inventory","UseTarget":true,"Operation":"Add","Item":{"Compute":"HarvestAddItemDecoBucket"},"Count":1}]},{"$Comment":"If there are configured attachments for the 'harvested' state, apply them","Enabled":{"Compute":"IsHarvestable && !isEmpty(HarvestModelSlot)"},"Continue":true,"Actions":[{"Type":"ModelAttachment","Slot":{"Compute":"HarvestModelSlot"},"Attachment":{"Compute":"HarvestModelAttachmentHarvested"}}]},{"ActionsBlocking":true,"Actions":[{"Type":"Timeout","Delay":[2,3]},{"Type":"State","State":"Flee"}]}]}]}],"InteractionInstruction":{"Enabled":{"Compute":"IsHarvestable || IsMountable"},"Instructions":[{"Enabled":{"Compute":"IsHarvestable"},"Instructions":[{"Sensor":{"$Comment":"Check the negative first so we can exit early and avoid the rest of the logic","Type":"Not","Sensor":{"Type":"And","Sensors":[{"Type":"Alarm","Name":"Harvest_Ready","State":"Unset"},{"Type":"CanInteract","Attitudes":{"Compute":"HarvestRequiredAttitudes"}}]}},"Actions":[{"Type":"SetInteractable","Interactable":false}]},{"$Comment":"Allow contextual interactions (shearing) but hide F key prompt","Continue":true,"Sensor":{"Type":"Any"},"Actions":[{"Type":"SetInteractable","Interactable":true,"ShowPrompt":false}]},{"$Comment":"Harvest action triggered by left-click with appropriate tool","Sensor":{"Type":"And","Sensors":[{"Enabled":{"Compute":"!isEmpty(HarvestInteractionContext)"},"Type":"InteractionContext","Context":{"Compute":"HarvestInteractionContext"}},{"Type":"Alarm","Name":"Harvest_Ready","State":"Unset"}]},"Actions":[{"Type":"State","State":"$Harvest"}]}]},{"Enabled":{"Compute":"IsMountable"},"Instructions":[{"Sensor":{"Type":"Not","Sensor":{"$Comment":"Check the negative first so we can exit early and avoid the rest of the logic","Type":"CanInteract","ViewSector":360,"Attitudes":["Friendly","Revered"]}},"Actions":[{"Type":"SetInteractable","Interactable":false}]},{"Continue":true,"Sensor":{"Type":"Any"},"Actions":[{"Type":"SetInteractable","Interactable":true,"Hint":"server.interactionHints.mount"}]},{"Sensor":{"Type":"HasInteracted"},"Actions":[{"Type":"Mount","AnchorX":{"Compute":"MountAnchorX"},"AnchorY":{"Compute":"MountAnchorY"},"AnchorZ":{"Compute":"MountAnchorZ"},"MovementConfig":{"Compute":"MountMovementConfig"}}]}]}]},"NameTranslationKey":{"Compute":"NameTranslationKey"}}...)
[2026/02/05 01:19:06   WARN]                          [NPC|P] Unknown JSON attribute 'MountAnchorY' found in Role|Abstract: /Server/NPC/Roles/_Core/Templates/Template_Animal_Tamed.json (JSON: ance":{"Value":"Deer_Stag","Description":"The NPC's model."},"WanderRadius":{"Value":7,"Description":"The wander radius of the NPC."},"ViewRange":{"Value":16,"Description":"The view distance of the NPC, in blocks."},"ViewSector":{"Value":180,"Description":"The view sector of the NPC, in degrees."},"HearingRange":{"Value":8,"Description":"The hearing distance of the NPC, in blocks."},"AbsoluteDetectionRange":{"Value":4,"Description":"The range at which a target is guaranteed to be detected, in blocks. If set to zero, absolute detection will be disabled. Within the alerted state, this value has an upper bound of 0.75 * AlertedActionRange."},"AlertedRange":{"Value":18,"Description":"The range within which the target can be seen/sensed when the NPC is alerted to their presence, in blocks. Should be higher than sense ranges."},"AlertedActionRange":{"Value":12,"Description":"The range at which an NPC will react to other NPCs and players, depending on the attitude towards them, in blocks. Should be higher than AbsoluteDetectionRange."},"LeashDistance":{"Value":20,"Description":"The range at which an NPC will start to want to return to their spawn point, in blocks."},"AttractiveItems":{"Value":["Tool_Feedbag"],"Description":"The list of items that are deemed attractive (there's a chance targets holding them will be followed)."},"LovedItems":{"Value":[],"TypeHint":"String","Description":"The list of items that are deemed very attractive (it's guaranteed targets holding them will be followed and befriended)."},"AttractiveItemsTimeout":{"Value":[15,20],"Description":"The maximum timeout after which the NPC will lose interest in attractive times, regardless of range to the target, in seconds."},"AttractiveItemsSmellTimeout":{"Value":[8,12],"Description":"The timeout after which the NPC will lose interest in attractive times, when near the target, in seconds"},"DropList":{"Value":"Empty","Description":"The NPC's drop list."},"FlockArray":{"Value":[],"TypeHint":"String","Description":"The set of NPCs belonging to this flock type"},"HorseFollowEnabled":{"Value":false,"Description":"If true, this NPC will follow its flock leader while idle (used by HorseFollow mod)."},"ClimbHeight":{"Value":1,"Description":"The maximum climb height, in blocks."},"AttitudeGroup":{"Value":"Livestock","Description":"The attitude group this NPC belongs to."},"PlayerDefaultAttitude":{"Value":"Neutral","Description":"The default attitude towards the player."},"AlertedTimeoutReaction":{"Value":[2,6],"Description":"The timeout after which an alerted NPC will make a decision on whether to befriend the target, in seconds."},"AlertedTimeoutGiveUp":{"Value":[5,12],"Description":"The timeout after which an alerted NPC will give up on the target, in seconds."},"GrazingBlockSet":{"Value":"Grass","Description":"The type of block that this NPC will graze on top of."},"FoodBlockSet":{"Value":"Hay","Description":"The type of block that this NPC will occasionally seek out to munch on."},"FoodItemSet":{"Value":["Ingredient_Hay"],"Description":"The list of dropped items that this NPC will occasionally seek out to munch on."},"DayTimePeriod":{"Value":[6.01,17.99],"Description":"The hour range considered to be daytime for this NPC (inclusive). Hours should be written with decimal fractions."},"DayTimeNapWeight":{"Value":2,"Description":"The weight used to determine if the NPC should have a short nap during the day. Set to 0 to disable."},"DayTimeNapTimeRange":{"Value":[10,12],"Description":"The duration range of daytime naps, in seconds."},"SleepInstruction":{"Value":"Component_Instruction_Wild_Sleep_State","Description":"Instruction component for Sleep state (wake on time/damage/sound). Stay role overrides to HF_Component_Instruction_Stay_Sleep_State to disable time-based wake."},"StayIdleGoToSleep":{"Value":false,"Description":"HorseFollow stay: when true, in Idle state immediately transition to Sleep (so Laydown runs). Stay role sets true."},"DayFlavorAnimation":{"Value":"","Description":"The flavor animation to play during the day. Ignored if null or empty."},"GreetAnimation":{"Value":"","Description":"The flavor animation to play when greeting another NPC or player. Ignored if null or empty."},"ChanceToTurnFriendly":{"Value":25,"Description":"The chance that the NPC will befriend the target when in the alerted state."},"ChanceToTurnFriendlyWithAttractiveItem":{"Value":50,"Description":"The chance that the NPC will befriend the target, if the latter is holding an attractive item."},"FriendlyOverrideTime":{"Value":300,"Description":"The duration of the friendly attitude override for the target, in seconds."},"FriendlyOverrideTimeWithAttractiveItem":{"Value":900,"Description":"The duration of the friendly attitude override for the target, when the latter is holding an attractive item, in seconds."},"IgnoreOverrideTime":{"Value":1200,"Description":"The duration of the ignore attitude override for the target."},"WeightGreet":{"Value":1,"Description":"The chance that the NPC will greet a friendly target."},"WeightFollowItem":{"Value":1,"Description":"The chance that the NPC will follow a friendly target holding an attractive item."},"WeightFollow":{"Value":1,"Description":"The chance that the NPC will follow friendly NPCs or players at a distance."},"WeightIgnore":{"Value":1,"Description":"The chance that the NPC will ignore friendly NPCs of players."},"IsHarvestable":{"Value":false,"Description":"Whether this NPC can be 'harvested'. This includes shearing, milking, etc."},"HarvestInteractionContext":{"Value":"","Description":"The interaction context of the harvest tool. If empty, no tool is needed to harvest the NPC."},"HarvestRequiredAttitudes":{"Value":["Friendly","Neutral","Hostile","Ignore","Revered"],"Description":"The attitude groups of players that can harvest the NPC."},"HarvestDropList":{"Value":"","Description":"The drop list that's executed when the NPC is harvested."},"HarvestParticles":{"Value":"Alerted","Description":"The particle system that is spawned when the NPC is harvested."},"HarvestSound":{"Value":"SFX_Sheep_Sheared","Description":"The sound that plays when NPC is harvested."},"HarvestTimeout":{"Value":["P1D","P1D"],"Description":"The minimum time between consecutive harvests. Expressed in the ISO-8601 time period notation, where both values of the array must have the same prefix (either 'PT' or 'P')."},"HarvestModelSlot":{"Value":"","Description":"The model attachment slot where the 'harvested' state is displayed."},"HarvestModelAttachmentHarvestable":{"Value":"","Description":"The attachment that should be rendered when the NPC can be harvested."},"HarvestModelAttachmentHarvested":{"Value":"","Description":"The attachment that should be rendered when the NPC was harvested and is in timeout."},"HarvestAddItemBucket":{"Value":"","Description":"Item to add when player holds Container_Bucket (e.g., milk bucket for milking)."},"HarvestAddItemDecoBucket":{"Value":"","Description":"Item to add when player holds Deco_Bucket (e.g., milk bucket for milking)."},"ProduceItem":{"Value":"","Description":"The item this NPC produces (poop, eggs, etc)."},"ProduceTimeout":{"Value":["PT6H","PT36H"],"Description":"The timeout between consecutive produces."},"DayFlavorAnimationLength":{"Value":[3,5],"Description":"How long the daytime flavor animation will be played for, in seconds."},"Timid":{"Value":false,"Description":"Whether this NPC is timid or not. Timid NPCs are harder to approach and befriend."},"AttackWhenStartled":{"Value":false,"Description":"Whether this NPC attacks when startled."},"Attack":{"Value":"","Description":"The attack interaction this NPC will use."},"AttackRange":{"Value":5,"Description":"The range at which the NPC can identify an attacker."},"MaxSpeed":{"Value":4,"Description":"The maximum walking speed of the NPC."},"MaxHealth":{"Value":100,"Description":"The maximum health of the NPC."},"MaxRotationSpeed":{"Value":360,"Description":"The maximum rotation speed, in degrees per second."},"RunThreshold":{"Value":0.5,"Description":"The speed ratio at which the NPC switches to run animation (e.g if MaxSpeed is 10, and RunThreshold is set to 0.55, the NPC will start running at speed 5.5)."},"IsMemory":{"Value":false,"Description":"Whether the NPC is a memory."},"MemoriesCategory":{"Value":"Livestock","Description":"The category of the memory."},"MemoriesNameOverride":{"Value":"","Description":"If set, overrides the memory name."},"IsMountable":{"Value":false,"Description":"Whether this NPC can be mounted."},"MountAnchorX":{"Value":0},"MountAnchorY":{"Value":0},"MountAnchorZ":{"Value":0},"MountMovementConfig":{"Value":"Mount"},"BreathesInWater":{"Value":false,"Description":"Whether this NPC can breathe underwater."},"NameTranslationKey":{"Value":"server.npcRoles.Template.name","Description":"The translation key for the NPC name display"}},"IsMemory":{"Compute":"IsMemory"},"MemoriesCategory":{"Compute":"MemoriesCategory"},"MemoriesNameOverride":{"Compute":"MemoriesNameOverride"},"DropList":{"Compute":"DropList"},"FlockSpawnTypes":{"Compute":"FlockArray"},"FlockSpawnTypesRandom":true,"DisableDamageGroups":["Self"],"Appearance":{"Compute":"Appearance"},"DefaultPlayerAttitude":{"Compute":"PlayerDefaultAttitude"},"DefaultNPCAttitude":"Ignore","AttitudeGroup":{"Compute":"AttitudeGroup"},"ApplySeparation":true,"SeparationDistance":1,"SeparationWeight":1,"SeparationDistanceTarget":0.5,"SeparationNearRadiusTarget":1,"SeparationFarRadiusTarget":7,"BreathesInWater":{"Compute":"BreathesInWater"},"IsMountable":{"Compute":"IsMountable"},"MountAnchorX":{"Compute":"MountAnchorX"},"MountAnchorY":{"Compute":"MountAnchorY"},"MountAnchorZ":{"Compute":"MountAnchorZ"},"MountMovementConfig":{"Compute":"MountMovementConfig"},"KnockbackScale":0.5,"MotionControllerList":[{"Type":"Walk","MaxWalkSpeed":{"Compute":"MaxSpeed"},"Gravity":15,"MaxFallSpeed":15,"JumpHeight":0.1,"MaxRotationSpeed":{"Compute":"MaxRotationSpeed"},"Acceleration":100,"RunThreshold":{"Compute":"RunThreshold"},"DescentAnimationType":"Fall","DescentSteepness":2.5,"DescentBlending":1,"JumpDescentSteepness":8,"MaxClimbHeight":{"Compute":"ClimbHeight"}}],"StateTransitions":[{"States":[{"From":["Idle"],"To":["Sleep"]}],"Actions":{"Reference":"Component_ActionList_Sleep"}},{"States":[{"From":["Sleep"],"To":["Alerted","Flee","Idle"]}],"Actions":{"Reference":"Component_ActionList_Wake"}},{"$Comment":"Always clear animation when moving from Alerted or Flee state.","States":[{"To":[],"From":["Alerted","Flee"]}],"Actions":[{"Type":"PlayAnimation","Slot":"Status"},{"Type":"SetFlag","Name":"AnimationBlock","SetTo":false}]},{"$Comment":"Always clear target and reset instructions when going back to idle.","States":[{"To":["Idle"],"From":[]}],"Actions":[{"Type":"ReleaseTarget"},{"Type":"ResetInstructions"},{"Type":"PlayAnimation","Slot":"Status"}]},{"$Comment":"Clear idle anims","States":[{"To":[],"From":["Idle"]}],"Actions":[{"Type":"PlayAnimation","Slot":"Status"}]}],"MaxHealth":{"Compute":"MaxHealth"},"InteractionVars":{"Melee_Damage":{"Interactions":[{"$Comment":"Config for a successful melee hit, default values for Effects and HitShape are not overwritten here, see each NPC_ file","Parent":"NPC_Attack_Melee_Damage","DamageCalculator":{"Type":"Absolute","BaseDamage":{"Physical":5},"RandomPercentageModifier":0.1}}]}},"Instructions":[{"$Comment":"This is separate so it can run all the time regardless of the rest of the script","Continue":true,"Instructions":[{"$Comment":"Update flock member leash positions to match the leader.","Enabled":{"Compute":"!isEmptyStringArray(FlockArray)"},"Continue":true,"Sensor":{"Type":"And","Sensors":[{"Type":"FlockLeader"},{"Type":"Self","Filters":[{"Type":"Flock","FlockStatus":"Follower"}]}]},"Actions":[{"Type":"Timeout","Delay":[0.5,2],"Action":{"Type":"SetLeashPosition","ToTarget":true}}]},{"$Comment":"HorseFollow: Follow flock leader while idle (Seek). Disabled when mounted so idle anims do not run.","Enabled":{"Compute":"HorseFollowEnabled && !isEmptyStringArray(FlockArray)"},"Continue":true,"Sensor":{"Type":"And","Sensors":[{"Type":"State","State":"Idle"},{"Type":"FlockLeader"},{"Type":"Self","Filters":[{"Type":"Flock","FlockStatus":"Follower"}]}]},"HeadMotion":{"Type":"Watch"},"BodyMotion":{"Type":"Seek","SlowDownDistance":7,"StopDistance":4},"Actions":[{"$Comment":"Clear Status slot so Walk motion controller drives Walk/Run animation instead of Idle.","Type":"PlayAnimation","Slot":"Status"}]},{"$Comment":"Join eligible flocks if not a member of a flock.","Enabled":{"Compute":"!isEmptyStringArray(FlockArray)"},"Sensor":{"Type":"Mob","Range":20,"ExcludeOwnType":false,"LockOnTarget":true,"Filters":[{"Type":"NPCGroup","IncludeGroups":["Self"]},{"Type":"Flock","FlockStatus":"NotMember"}]},"Actions":[{"Type":"JoinFlock"}]}]},{"Continue":true,"$Comment":"This is separate so it can run all the time regardless of the rest of the script, when in water go straight to panic to get out","Instructions":[{"Sensor":{"Type":"And","Sensors":[{"Type":"InWater"},{"Type":"Not","Sensor":{"Type":"State","State":"Panic"}}]},"Actions":[{"Type":"State","State":"Panic"}]}]},{"$Comment":"If there are configured attachments for the 'harvestable' state, apply them","Enabled":{"Compute":"IsHarvestable"},"Continue":true,"Sensor":{"Type":"Alarm","Name":"Harvest_Ready","State":"Passed","Clear":true},"Instructions":[{"Enabled":{"Compute":"!isEmpty(HarvestModelSlot)"},"Actions":[{"Type":"ModelAttachment","Slot":{"Compute":"HarvestModelSlot"},"Attachment":{"Compute":"HarvestModelAttachmentHarvestable"}}]}]},{"$Comment":"Initializes the produce item alarm","Enabled":{"Compute":"!isEmpty(ProduceItem)"},"Sensor":{"Type":"Any","Once":true},"Actions":[{"Type":"SetAlarm","Name":"Produce_Ready","DurationRange":{"Compute":"ProduceTimeout"}}]},{"Instructions":[{"$Comment":"Idle behaviors (wander, eat, grazing, etc.). Note: engine may not provide hasPassengers(); when mounted, FollowService removes FlockMembership so HorseFollow does not match.","Sensor":{"Type":"State","State":"Idle"},"Enabled":{"Compute":"true"},"Instructions":[{"$Comment":"HorseFollow stay: when StayIdleGoToSleep true, transition Idle -> Sleep so StateTransitions run Laydown.","Enabled":{"Compute":"StayIdleGoToSleep"},"Sensor":{"Type":"Any","Once":true},"Actions":[{"Type":"State","State":"Sleep"}]},{"$Comment":"Switch to flee state if any flock member engages a target TODO switch to attack if you are very close and can attack? otherwise flee.","Enabled":{"Compute":"!isEmptyStringArray(FlockArray)"},"Sensor":{"Type":"Beacon","Message":"Flock_Attack","TargetSlot":"LockedTarget","Range":{"Compute":"HearingRange"}},"Actions":[{"Type":"State","State":"Alerted"}]},{"Reference":"Component_Instruction_Damage_Check","Modify":{"_ExportStates":["Flee.Switch","Panic"],"AlertedRange":{"Compute":"AlertedRange"}}},{"$Comment":"Check if there are any potential things that can alert the NPC","Sensor":{"Reference":"Component_Sensor_Standard_Detection","Modify":{"ViewRange":{"Compute":"ViewRange"},"ViewSector":{"Compute":"ViewSector"},"HearingRange":{"Compute":"HearingRange"},"AbsoluteDetectionRange":{"Compute":"AbsoluteDetectionRange"},"Attitudes":["Hostile","Neutral","Friendly"]}},"Actions":[{"Type":"State","State":"Alerted"}]},{"$Comment":"If we're beyond our soft leash radius for a set period of time, return home.","Continue":true,"Sensor":{"Type":"Leash","Range":{"Compute":"LeashDistance"}},"ActionsBlocking":true,"Actions":[{"Type":"Timeout","Delay":[15,20]},{"Type":"State","State":"ReturnHome"}]},{"$Comment":"HorseFollow: eating/grazing only when not following (HorseFollowEnabled = when bound).","Enabled":{"Compute":"!HorseFollowEnabled"},"Sensor":{"Type":"State","State":".FindFood"},"Instructions":[{"Sensor":{"Type":"Or","Sensors":[{"Type":"Block","Range":1.5,"MaxHeight":4,"Blocks":{"Compute":"FoodBlockSet"},"Random":true},{"Enabled":{"Compute":"!isEmptyStringArray(FoodItemSet)"},"Type":"DroppedItem","Range":1,"Items":{"Compute":"FoodItemSet"},"ViewSector":{"Compute":"ViewSector"},"LineOfSight":true}]},"BodyMotion":{"Type":"AimCharge"},"ActionsBlocking":true,"Actions":[{"Type":"PlayAnimation","Slot":"Status","Animation":"Eat"},{"Type":"Timeout","Delay":[4,6]},{"Type":"PickUpItem","Items":["*Hay*"],"Range":1.5,"StorageTarget":"Destroy"}]},{"Sensor":{"Type":"Or","Sensors":[{"Type":"Block","Range":{"Compute":"ViewRange"},"MaxHeight":4,"Blocks":{"Compute":"FoodBlockSet"},"Random":true},{"Enabled":{"Compute":"!isEmptyStringArray(FoodItemSet)"},"Type":"DroppedItem","Range":{"Compute":"ViewRange"},"Items":{"Compute":"FoodItemSet"},"ViewSector":{"Compute":"ViewSector"},"LineOfSight":true}]},"BodyMotion":{"Type":"Seek","RelativeSpeed":0.6,"StopDistance":0.5,"RelaxedMoveConstraints":false},"HeadMotion":{"Type":"Watch"}},{"Sensor":{"Type":"Any"},"ActionsBlocking":true,"Actions":[{"Type":"PlayAnimation","Slot":"Status"},{"Type":"Timeout","Delay":[2,4]},{"Type":"ResetBlockSensors"},{"Type":"State","State":".Default"}]}]},{"$Comment":"Produce an item","Enabled":{"Compute":"!isEmpty(ProduceItem)"},"Continue":true,"Instructions":[{"Sensor":{"Type":"Alarm","Name":"Produce_Ready","State":"Passed","Clear":true},"Actions":[{"Type":"Nothing"}]},{"Sensor":{"Type":"Alarm","Name":"Produce_Ready","State":"Unset"},"Actions":[{"Type":"DropItem","Item":{"Compute":"ProduceItem"},"Distance":[0,0],"Delay":[0,0],"ThrowSpeed":14.32},{"Type":"SetAlarm","Name":"Produce_Ready","DurationRange":{"Compute":"ProduceTimeout"}}]}]},{"$Comment":"Execute daytime idle behaviors.","Type":"Random","ExecuteFor":[20,30],"Sensor":{"Type":"Time","Period":{"Compute":"DayTimePeriod"},"CheckDay":true},"Instructions":[{"$Comment":"Regular wander.","Weight":20,"Instructions":[{"Continue":true,"Actions":[{"Type":"Crouch","Crouch":false}]},{"Reference":"Component_Instruction_Leash_To_Flock_Leader","Modify":{"Enabled":{"Compute":"!isEmptyStringArray(FlockArray)"},"WanderRadius":{"Compute":"WanderRadius"},"StopDistance":3}},{"BodyMotion":{"Type":"Sequence","Looped":true,"Motions":[{"Type":"Timer","Time":[1,5],"Motion":{"Type":"WanderInCircle","Radius":{"Compute":"WanderRadius"},"MaxHeadingChange":60,"RelativeSpeed":0.18}},{"Type":"Timer","Time":[3,8],"Motion":{"Type":"Nothing"}}]}}]},{"$Comment":"TODO: grazing component seems to be borked. HorseFollow: only when not following.","Enabled":{"Compute":"!HorseFollowEnabled"},"Weight":10,"Instructions":[{"Sensor":{"Type":"Self","Filters":[{"Type":"StandingOnBlock","BlockSet":{"Compute":"GrazingBlockSet"}}]},"ActionsBlocking":true,"Actions":[{"Type":"PlayAnimation","Slot":"Status","Animation":"Eat"},{"Type":"Timeout","Delay":[5,6]},{"Type":"PlayAnimation","Slot":"Status"},{"Type":"ResetInstructions"}]},{"$Comment":"They are not standing on grazing block","Actions":[{"Type":"ResetInstructions"},{"Type":"State","State":".Default"}]}]},{"$Comment":"HorseFollow: seek food/eat only when not following.","Enabled":{"Compute":"(!isEmpty(FoodBlockSet) || !isEmptyStringArray(FoodItemSet)) && !HorseFollowEnabled"},"Weight":10,"Instructions":[{"Sensor":{"Type":"Or","Sensors":[{"Enabled":{"Compute":"!isEmptyStringArray(FoodItemSet)"},"Type":"DroppedItem","Range":{"Compute":"ViewRange"},"Items":{"Compute":"FoodItemSet"},"ViewSector":{"Compute":"ViewSector"},"LineOfSight":true},{"Enabled":{"Compute":"!isEmpty(FoodBlockSet)"},"Type":"Block","Range":{"Compute":"ViewRange"},"MaxHeight":4,"Blocks":{"Compute":"FoodBlockSet"},"Random":true}]},"Actions":[{"Type":"State","State":".FindFood"}]}]},{"$Comment":"Play a daytime flavor animation.","Enabled":{"Compute":"!isEmpty(DayFlavorAnimation)"},"Weight":3,"Instructions":[{"ActionsBlocking":true,"Actions":[{"Type":"PlayAnimation","Slot":"Status","Animation":{"Compute":"DayFlavorAnimation"}},{"Type":"Timeout","Delay":{"Compute":"DayFlavorAnimationLength"}},{"Type":"PlayAnimation","Slot":"Status"},{"Type":"ResetInstructions"}]}]},{"$Comment":"Nap. HorseFollow: only when not following.","Enabled":{"Compute":"DayTimeNapWeight > 0 && !HorseFollowEnabled"},"Weight":{"Compute":"DayTimeNapWeight"},"Instructions":[{"Actions":[{"Type":"State","State":"Sleep.Nap"}]}]}]},{"$Comment":"Sleep time. HorseFollow: only when not following.","Enabled":{"Compute":"!HorseFollowEnabled"},"Actions":[{"Type":"Timeout","Delay":[2,4],"Action":{"Type":"Sequence","Actions":[{"Type":"State","State":"Sleep"}]}}]}]},{"Sensor":{"Type":"State","State":"Sleep"},"Instructions":[{"$Comment":"Wake up if an enemy attacks a flock member.","Enabled":{"Compute":"!isEmptyStringArray(FlockArray)"},"Sensor":{"Type":"Beacon","Message":"Flock_Attack","TargetSlot":"LockedTarget"},"Actions":[{"Type":"State","State":"Alerted"}]},{"$Comment":"Just a little nap. HorseFollow: only when not following.","Enabled":{"Compute":"DayTimeNapWeight > 0 && !HorseFollowEnabled"},"Sensor":{"Type":"State","State":".Nap"},"Instructions":[{"$Comment":"Start the nap timer","Continue":true,"Sensor":{"Type":"Any","Once":true},"Actions":[{"Type":"TimerStart","Name":"NapTimer","StartValueRange":{"Compute":"DayTimeNapTimeRange"},"RestartValueRange":{"Compute":"DayTimeNapTimeRange"}},{"Type":"TimerRestart","Name":"NapTimer"}]},{"Reference":"Component_Instruction_Wild_Sleep_State","Modify":{"_ExportStates":["Panic","Panic","Flee.Switch","Idle"],"HearingRange":{"Compute":"HearingRange"},"Attitudes":["Hostile","Neutral"],"WakeupSensor":"Component_Sensor_Timed_Nap"}}]},{"$Comment":"Night-time sleep. Uses static reference (vanilla pattern). Stay role would need separate approach for HF_Component_Instruction_Stay_Sleep_State.","Instructions":[{"Reference":"Component_Instruction_Wild_Sleep_State","Modify":{"_ExportStates":["Panic","Panic","Flee.Switch","Idle"],"HearingRange":{"Compute":"HearingRange"},"Attitudes":["Hostile","Neutral"],"DayTimePeriod":{"Compute":"DayTimePeriod"}}}]}]},{"$Comment":"Used when receiving something like a flock beacon that may potentially result in the NPC becoming alerted but could also be discarded with a random chance.","Sensor":{"Type":"State","State":"Alerted"},"Instructions":[{"$Comment":"Play the alerted animation when entering the state","Continue":true,"Sensor":{"Type":"Any","Once":true},"Actions":[{"Type":"PlayAnimation","Slot":"Status","Animation":"Alerted"}]},{"$Comment":"Starting a timer to get out of alerted state if nothing else got us out of there. TODO: expose the timer duration","Continue":true,"ActionsBlocking":true,"Actions":[{"Type":"Timeout","Delay":{"Compute":"AlertedTimeoutGiveUp"}},{"Type":"State","State":".TimerEnd"}]},{"$Comment":"Check for damage","Reference":"Component_Instruction_Damage_Check","Modify":{"_ExportStates":["Flee.Switch","Panic"],"AlertedRange":{"Compute":"AlertedRange"}}},{"$Comment":"Watching a target always, if we have any","Continue":true,"Sensor":{"Type":"Target","Range":{"Compute":"AlertedRange"}},"HeadMotion":{"Type":"Watch"}},{"$Comment":"If the target gets too close, flee for a bit","Continue":true,"Sensor":{"Type":"Target","Range":{"Compute":"AlertedActionRange * randomInRange(0.3, 0.7)"}},"BodyMotion":{"Type":"Flee","RelativeSpeed":0.5,"StopDistance":{"Compute":"AlertedActionRange"},"SlowDownDistance":{"Compute":"AlertedActionRange * 0.25"},"RelaxedMoveConstraints":false}},{"Continue":true,"Sensor":{"$Comment":"If target is reasonably close, the NPC will react instead of just staring","Type":"Target","Range":{"Compute":"AlertedActionRange"},"Filters":[{"Type":"LineOfSight"}]},"Instructions":[{"Enabled":{"Compute":"!isEmptyStringArray(LovedItems)"},"$Comment":"If the target is holding an item deemed very attractive, always follow it","Sensor":{"Type":"Target","Filters":[{"Type":"ItemInHand","Items":{"Compute":"LovedItems"}},{"Type":"Not","Filter":{"Type":"Attitude","Attitudes":["Hostile","Ignore"]}}]},"Actions":[{"$Comment":"TODO: check what particle systems are offsetting off of and potentially expose it to compute","Type":"SpawnParticles","Offset":[0,1,0],"ParticleSystem":"Hearts"},{"Type":"OverrideAttitude","Attitude":"Friendly","Duration":{"Compute":"FriendlyOverrideTimeWithAttractiveItem"}},{"Type":"State","State":"Curious.Item"}]},{"$Comment":"Threatening actions that will cause the NPC to flee","Sensor":{"Type":"Or","Sensors":[{"Type":"Target","Filters":[{"Type":"Or","Filters":[{"Type":"Attitude","Attitudes":["Hostile"]},{"Type":"Combat"},{"Type":"ItemInHand","Items":["*Weapon*"]}]}]},{"Type":"Target","Filters":[{"Type":"Not","Filter":{"Type":"Attitude","Attitudes":["Friendly"]}},{"Type":"MovementState","State":"Sprinting"}]},{"Enabled":{"Compute":"Timid"},"Type":"Target","Filters":[{"Type":"MovementState","State":"Sprinting"}]},{"Type":"Target","Range":{"Compute":"min(AbsoluteDetectionRange, AlertedActionRange * 0.75)"},"Filters":[{"Type":"Not","Filter":{"Type":"Attitude","Attitudes":["Friendly","Ignore"]}}]}]},"Actions":[{"Type":"State","State":"Flee.Switch"}]},{"Continue":true,"$Comment":"Starting a second timer to try and turn friendly. TODO: compute it as % of alerted timer","Sensor":{"Type":"Target","Filters":[{"Type":"Attitude","Attitudes":["Neutral"]}]},"ActionsBlocking":true,"Actions":[{"Type":"Timeout","Delay":{"Compute":"AlertedTimeoutReaction"}},{"Type":"State","State":".Switch"}]},{"$Comment":"Execute random behaviors towards friendly and revered.","Type":"Random","ExecuteFor":[15,20],"Sensor":{"Type":"Target","Filters":[{"Type":"Attitude","Attitudes":["Friendly","Revered"]}]},"Instructions":[{"Enabled":{"Compute":"!isEmptyStringArray(AttractiveItems)"},"Weight":{"Compute":"WeightFollowItem"},"$Comment":"TODO: change this to a weight-based decision to avoid the whole flock chasing the item","Sensor":{"Type":"Target","Filters":[{"Type":"ItemInHand","Items":{"Compute":"AttractiveItems"}}]},"Actions":[{"Type":"State","State":"Curious.Item"}]},{"Enabled":{"Compute":"WeightGreet > 0"},"Weight":{"Compute":"WeightGreet"},"Actions":[{"Type":"State","State":"Curious.Greet"}]},{"$Comment":"NPC will approach player and stop at a distance, following them like this for a while","Enabled":{"Compute":"WeightFollow > 0"},"Weight":{"Compute":"WeightFollow"},"Actions":[{"Type":"State","State":"Curious.Follow"}]},{"$Comment":"We override the attitude here and go to idle - this way the alerted state won't be triggered right away","Enabled":{"Compute":"WeightIgnore > 0"},"Weight":{"Compute":"WeightIgnore"},"Sensor":{"Type":"Target"},"ActionsBlocking":true,"Actions":[{"Type":"OverrideAttitude","Attitude":"Ignore","Duration":{"Compute":"IgnoreOverrideTime"}},{"Type":"State","State":"Idle"}]},{"$Comment":"Fallback if weights are misconfigured","Weight":1,"Sensor":{"Type":"Target"},"ActionsBlocking":true,"Actions":[{"Type":"OverrideAttitude","Attitude":"Ignore","Duration":{"Compute":"IgnoreOverrideTime"}},{"Type":"State","State":"Idle"}]}]}]},{"Sensor":{"Type":"State","State":".TimerEnd"},"Instructions":[{"Enabled":{"Compute":"!Timid"},"Sensor":{"$Comment":"Timer ended, we still have a target and it's a friendly one and we are not timid","Type":"Target","Range":{"Compute":"AlertedRange"},"Filters":[{"Type":"Attitude","Attitudes":["Friendly"]}]},"Actions":[{"Type":"OverrideAttitude","Attitude":"Ignore","Duration":{"Compute":"IgnoreOverrideTime"}},{"Type":"State","State":"Idle"}]},{"Enabled":{"Compute":"Timid"},"Sensor":{"$Comment":"Timer ended, I am timid and the target is staring me down, stranger danger, flee","Type":"Target","Range":{"Compute":"AlertedRange"},"Filters":[{"Type":"SpotsMe"},{"Type":"Not","Filter":{"Type":"Attitude","Attitudes":["Friendly"]}}]},"Actions":[{"Type":"State","State":"Flee"}]},{"Sensor":{"$Comment":"Timer ended, target seems uninterested and is assumed to be harmless, ignore for a while","Type":"Target","Range":{"Compute":"AlertedRange"}},"Actions":[{"Type":"OverrideAttitude","Attitude":"Ignore","Duration":{"Compute":"IgnoreOverrideTime"}},{"Type":"State","State":"Idle"}]},{"$Comment":"There is no target, so just go idle","Actions":[{"Type":"State","State":"Idle"}]}]},{"$Comment":"Timer elapsed and we randomly decide if friendly or not. This has to continue so we can hit the friendly instructions below","Sensor":{"Type":"State","State":".Switch"},"Instructions":[{"$Comment":"If the NPC is configured with a different chance to befriend when the target is holding a special item, use that chance","Enabled":{"Compute":"ChanceToTurnFriendlyWithAttractiveItem > 0"},"Sensor":{"Type":"Target","Filters":[{"Type":"Attitude","Attitudes":["Neutral"]},{"Type":"ItemInHand","Items":{"Compute":"AttractiveItems"}}]},"Type":"Random","ExecuteFor":[15,20],"Instructions":[{"Weight":{"Compute":"ChanceToTurnFriendlyWithAttractiveItem"},"Sensor":{"Type":"Target"},"Actions":[{"$Comment":"TODO: check what particle systems are offsetting off of and potentially expose it to compute","Type":"SpawnParticles","Offset":[0,1,0],"ParticleSystem":"Hearts"},{"Type":"OverrideAttitude","Attitude":"Friendly","Duration":{"Compute":"FriendlyOverrideTimeWithAttractiveItem"}},{"$Comment":"Prevents the next instruction from running as soon as the player is no longer neutral","Type":"State","State":".Default"}]},{"Enabled":{"Compute":"ChanceToTurnFriendlyWithAttractiveItem < 100"},"Weight":{"Compute":"100 - ChanceToTurnFriendlyWithAttractiveItem"},"Actions":[{"Type":"State","State":"Flee"}]}]},{"$Comment":"NPC becoming friendly with a player","Enabled":{"Compute":"ChanceToTurnFriendly > 0"},"Sensor":{"Type":"Target","Filters":[{"Type":"Attitude","Attitudes":["Neutral"]}]},"Type":"Random","ExecuteFor":[15,20],"Instructions":[{"Weight":{"Compute":"ChanceToTurnFriendly"},"Sensor":{"Type":"Target"},"Actions":[{"$Comment":"TODO: check what it is offseting off and potentially expose it to compute","Type":"SpawnParticles","Offset":[0,1,0],"ParticleSystem":"Hearts"},{"Type":"OverrideAttitude","Attitude":"Friendly","Duration":{"Compute":"FriendlyOverrideTime"}},{"$Comment":"Prevents the next instruction from running as soon as the player is no longer neutral","Type":"State","State":".Default"}]},{"Enabled":{"Compute":"ChanceToTurnFriendly < 100"},"Weight":{"Compute":"100 - ChanceToTurnFriendly"},"Actions":[{"Type":"State","State":"Flee"}]}]}]}]},{"Sensor":{"Type":"State","State":"Curious"},"Instructions":[{"$Comment":"Animations","Continue":true,"Sensor":{"Type":"Any","Once":true},"Actions":[{"Type":"PlayAnimation","Slot":"Status","Animation":"Curious"}]},{"$Comment":"If getting to the target takes too long, ignore and go to idle. This is also how long it will follow if this is triggered,TODO: mb could be a bit longer for the follow? ","Sensor":{"Type":"And","Sensors":[{"Type":"Target"},{"$Comment":"The item follow substates has its own timeouts","Type":"Not","Sensor":{"Type":"State","State":"Curious.Item"}}]},"Continue":true,"ActionsBlocking":true,"Actions":[{"Type":"Timeout","Delay":[7,7]},{"Type":"OverrideAttitude","Attitude":"Ignore","Duration":{"Compute":"IgnoreOverrideTime"}},{"Type":"State","State":"Idle"}]},{"$Comment":"Check if there are any potential threats nearby and flee. TODO: add more tirggers to flee","Sensor":{"Reference":"Component_Sensor_Standard_Detection","Modify":{"ViewRange":{"Compute":"ViewRange"},"ViewSector":{"Compute":"ViewSector"},"HearingRange":{"Compute":"HearingRange"},"AbsoluteDetectionRange":{"Compute":"AbsoluteDetectionRange"},"Attitudes":["Hostile"]}},"Actions":[{"Type":"State","State":"Flee.Switch"}]},{"Reference":"Component_Instruction_Damage_Check","Modify":{"_ExportStates":["Flee.Switch","Panic"],"AlertedRange":{"Compute":"AlertedRange"}}},{"$Comment":"TODO: mb potentially move secnsor component for curious, or for alerted - with parameters to be mor forgiving","Sensor":{"Type":"Or","Sensors":[{"Type":"Target","Filters":[{"Type":"Or","Filters":[{"Type":"Attitude","Attitudes":["Hostile"]},{"Type":"Combat"},{"Type":"ItemInHand","Items":["*Weapon*"]}]}]},{"Type":"Target","Filters":[{"Type":"Not","Filter":{"Type":"Attitude","Attitudes":["Friendly"]}},{"Type":"MovementState","State":"Sprinting"}]},{"Enabled":{"Compute":"Timid"},"Type":"Target","Filters":[{"Type":"MovementState","State":"Sprinting"}]},{"Type":"Target","Range":{"Compute":"AbsoluteDetectionRange"},"Filters":[{"Type":"Not","Filter":{"Type":"Attitude","Attitudes":["Friendly","Ignore"]}}]}]},"Actions":[{"Type":"State","State":"Flee.Switch"}]},{"$Comment":"We lost target","Sensor":{"Type":"Not","Sensor":{"Type":"Target","Range":{"Compute":"AlertedRange"},"Filters":[{"Type":"LineOfSight"}]}},"ActionsBlocking":true,"Actions":[{"Type":"Timeout","Delay":[0.2,0.2]},{"Type":"State","State":"Idle"}]},{"$Comment":"Moving to an attractive item","Sensor":{"Type":"State","State":".Item"},"Instructions":[{"$Comment":"Start a timer after which the NPC will lose interest in the item holder, regardless of range","Continue":true,"Sensor":{"Type":"Target"},"HeadMotion":{"Type":"Watch"},"ActionsBlocking":true,"Actions":[{"Type":"Timeout","Delay":{"Compute":"AttractiveItemsTimeout"}},{"Type":"PlayAnimation","Slot":"Status"},{"Type":"Timeout","Delay":[2,4]},{"Type":"OverrideAttitude","Attitude":"Ignore","Duration":20},{"Type":"State","State":"Idle"}]},{"$Comment":"Target too far or without attractive item","Sensor":{"Type":"And","Sensors":[{"Type":"Not","Sensor":{"Type":"Target","Range":{"Compute":"AlertedRange"},"Filters":[{"Type":"LineOfSight"},{"Type":"ItemInHand","Items":{"Compute":"AttractiveItems"}}]}},{"$Comment":"Need to do this to avoid two concurrent ItemInHand filters","Enabled":{"Compute":"!isEmptyStringArray(LovedItems)"},"Type":"Not","Sensor":{"Type":"Target","Range":{"Compute":"AlertedRange"},"Filters":[{"Type":"LineOfSight"},{"Type":"ItemInHand","Items":{"Compute":"LovedItems"}}]}}]},"ActionsBlocking":true,"Actions":[{"Type":"PlayAnimation","Slot":"Status","Animation":"Alerted"},{"Type":"Timeout","Delay":[2,3]},{"Type":"State","State":"Idle"}]},{"Sensor":{"Type":"Target","Range":2.5},"ActionsBlocking":true,"Actions":[{"Type":"Timeout","Delay":{"Compute":"AttractiveItemsSmellTimeout"}},{"Type":"PlayAnimation","Slot":"Status"},{"Type":"OverrideAttitude","Attitude":"Ignore","Duration":20},{"Type":"State","State":"Idle"}]},{"Sensor":{"Type":"Target","Range":{"Compute":"AlertedRange"}},"BodyMotion":{"Type":"Seek","SlowDownDistance":3.5,"StopDistance":2,"RelativeSpeed":0.4,"RelaxedMoveConstraints":false}}]},{"$Comment":"Moving to Greet","Sensor":{"Type":"State","State":".Greet"},"Instructions":[{"Sensor":{"Type":"Target","Range":3},"HeadMotion":{"Type":"Watch","RelativeTurnSpeed":0.5},"ActionsBlocking":true,"Actions":[{"Type":"PlayAnimation","Slot":"Status","Animation":"GreetAnimation"},{"Type":"Timeout","Delay":[2,4]},{"Type":"PlayAnimation","Slot":"Status"},{"Type":"OverrideAttitude","Attitude":"Ignore","Duration":{"Compute":"IgnoreOverrideTime"}},{"Type":"State","State":"Idle"}]},{"Sensor":{"Type":"Target","Range":{"Compute":"AlertedActionRange"}},"BodyMotion":{"Type":"Seek","SlowDownDistance":5,"StopDistance":3,"RelativeSpeed":0.4,"RelaxedMoveConstraints":false}}]},{"$Comment":"Moving to follow, stop at half alerted action range and watch a bit. TODO: flee if player sprints towards npc","Sensor":{"Type":"State","State":".Follow"},"Instructions":[{"Continue":true,"Sensor":{"Type":"Target","Range":{"Compute":"AlertedActionRange"}},"BodyMotion":{"Type":"Seek","SlowDownDistance":{"Compute":"AlertedActionRange"},"StopDistance":3,"RelativeSpeed":0.4,"RelaxedMoveConstraints":false}},{"Sensor":{"Type":"Target","Range":4},"ActionsBlocking":true,"Actions":[{"Type":"Timeout","Delay":[0.5,0.5]}],"HeadMotion":{"Type":"Watch"}}]}]},{"Sensor":{"Type":"State","State":"ReturnHome"},"Instructions":[{"$Comment":"Switch to flee state if any flock member engages a target TODO switch to attack if you are very close and can attack? otherwise flee.","Enabled":{"Compute":"!isEmptyStringArray(FlockArray)"},"Sensor":{"Type":"Beacon","Message":"Flock_Attack","TargetSlot":"LockedTarget","Range":{"Compute":"HearingRange"}},"Actions":[{"Type":"State","State":"Alerted"}]},{"Reference":"Component_Instruction_Damage_Check","Modify":{"_ExportStates":["Flee.Switch","Panic"],"AlertedRange":{"Compute":"AlertedRange"}}},{"$Comment":"Check if there are any potential things that can alert the NPC","Sensor":{"Reference":"Component_Sensor_Standard_Detection","Modify":{"ViewRange":{"Compute":"ViewRange"},"ViewSector":{"Compute":"ViewSector"},"HearingRange":{"Compute":"HearingRange"},"AbsoluteDetectionRange":{"Compute":"AbsoluteDetectionRange"},"Attitudes":["Hostile","Neutral","Friendly"]}},"Actions":[{"Type":"State","State":"Alerted"}]},{"Sensor":{"$Comment":"TODO: make them walk home, expose walking speed?","Type":"Leash","Range":{"Compute":"LeashDistance * 0.3"}},"BodyMotion":{"Type":"Seek","SlowDownDistance":1,"StopDistance":0.5,"RelativeSpeed":0.4,"UsePathfinder":true}},{"Actions":[{"Type":"SetStat","Stat":"Health","Value":1000000},{"Type":"State","State":"Idle"}]}]},{"Sensor":{"Type":"State","State":"Flee"},"Instructions":[{"$Comment":"TODO: Add a state message","Enabled":{"Compute":"!isEmptyStringArray(FlockArray)"},"Continue":true,"Sensor":{"Type":"Any","Once":true},"Actions":[{"Type":"FlockBeacon","Message":"Flock_Attack","SendTargetSlot":"LockedTarget"}]},{"Reference":"Component_Instruction_Damage_Check","Modify":{"_ExportStates":["Flee.Switch","Panic"],"AlertedRange":{"Compute":"AlertedRange"}}},{"Sensor":{"Type":"State","State":".Switch"},"Instructions":[{"Sensor":{"Type":"Target","TargetSlot":"LockedTarget","Range":{"Compute":"AttackRange"}},"Instructions":[{"Continue":true,"Sensor":{"Type":"Target","Once":true},"Actions":[{"$TODO":"Maybe friendly lifestock doesnt override it for player when hit","Type":"OverrideAttitude","Attitude":"Hostile","Duration":23}]},{"Enabled":{"Compute":"AttackWhenStartled"},"Sensor":{"Type":"Target","Filters":[{"Type":"Not","Filter":{"Type":"ViewSector","ViewSector":270}}]},"ActionsBlocking":true,"Actions":[{"Type":"PlayAnimation","Slot":"Status","Animation":"Alerted"},{"Type":"Timeout","Delay":[0.2,0.2]},{"Type":"PlayAnimation","Slot":"Status"},{"Type":"State","State":".Attack"}]},{"Actions":[{"Type":"State","State":".Default"}]}]},{"Sensor":{"Type":"Target","TargetSlot":"LockedTarget","Range":{"Compute":"AlertedRange"}},"Actions":[{"Type":"State","State":".Default"}]},{"Actions":[{"Type":"State","State":"Panic"}]}]},{"Sensor":{"Type":"State","State":".Attack"},"ActionsBlocking":true,"Actions":[{"Type":"Attack","Attack":{"Compute":"Attack"},"AttackPauseRange":[1,2]},{"Type":"Timeout","Delay":[0.3,0.3],"Action":{"Type":"State","State":".Default"}}]},{"Sensor":{"Type":"Target","Range":{"Compute":"AlertedRange + 3"}},"BodyMotion":{"Type":"Flee","SlowDownDistance":{"Compute":"AlertedRange - 3"},"StopDistance":{"Compute":"AlertedRange + 3"},"RelativeSpeed":0.68},"Actions":[{"Type":"Timeout","Delay":[8,8],"Action":{"Type":"State","State":".Switch"}}]},{"Actions":[{"Type":"Timeout","Delay":[3,6],"Action":{"Type":"State","State":"Idle"}}]}]},{"Sensor":{"Type":"State","State":"Panic"},"Instructions":[{"Continue":true,"Sensor":{"Type":"Any","Once":true},"Actions":[{"Type":"PlayAnimation","Slot":"Status","Animation":"Alerted"}]},{"Continue":true,"Actions":[{"Type":"Timeout","Delay":[6,12],"Action":{"Type":"State","State":"Idle"}}]},{"Sensor":{"Type":"Damage","Combat":true},"BodyMotion":{"Type":"Flee","SlowDownDistance":9,"StopDistance":14,"RelativeSpeed":1,"RelaxedMoveConstraints":false}},{"BodyMotion":{"Type":"WanderInCircle","Radius":10,"MaxHeadingChange":90,"RelativeSpeed":1,"RelaxedMoveConstraints":true}}]},{"Sensor":{"Type":"State","State":"$Harvest"},"Instructions":[{"$Comment":"Base harvest logic: particles, sound, alarm (always runs)","Continue":true,"Sensor":{"Type":"Any","Once":true},"Actions":[{"Type":"PlayAnimation","Slot":"Status","Animation":"Alerted"},{"Type":"SpawnParticles","Offset":[0,1,0],"ParticleSystem":{"Compute":"HarvestParticles"}},{"Type":"PlaySound","SoundEventId":{"Compute":"HarvestSound"}},{"Type":"SetAlarm","Name":"Harvest_Ready","DurationRange":{"Compute":"HarvestTimeout"}}]},{"$Comment":"Drop item only if HarvestDropList is set","Enabled":{"Compute":"!isEmpty(HarvestDropList)"},"Continue":true,"Sensor":{"Type":"Any","Once":true},"Actions":[{"Type":"DropItem","DropList":{"Compute":"HarvestDropList"},"Distance":[0.2,0.5],"Delay":[0,0],"DropSector":[-360,360],"PitchHigh":false,"ThrowSpeed":14}]},{"$Comment":"Replace Container_Bucket with milk when held","Enabled":{"Compute":"!isEmpty(HarvestAddItemBucket)"},"Continue":true,"Sensor":{"Type":"And","Sensors":[{"Type":"Any","Once":true},{"Type":"Target","Filters":[{"Type":"ItemInHand","Items":["Container_Bucket"]}]}]},"Actions":[{"Type":"Inventory","UseTarget":true,"Operation":"RemoveHeldItem"},{"Type":"Inventory","UseTarget":true,"Operation":"Add","Item":{"Compute":"HarvestAddItemBucket"},"Count":1}]},{"$Comment":"Replace Deco_Bucket with milk when held","Enabled":{"Compute":"!isEmpty(HarvestAddItemDecoBucket)"},"Continue":true,"Sensor":{"Type":"And","Sensors":[{"Type":"Any","Once":true},{"Type":"Target","Filters":[{"Type":"ItemInHand","Items":["Deco_Bucket"]}]}]},"Actions":[{"Type":"Inventory","UseTarget":true,"Operation":"RemoveHeldItem"},{"Type":"Inventory","UseTarget":true,"Operation":"Add","Item":{"Compute":"HarvestAddItemDecoBucket"},"Count":1}]},{"$Comment":"If there are configured attachments for the 'harvested' state, apply them","Enabled":{"Compute":"IsHarvestable && !isEmpty(HarvestModelSlot)"},"Continue":true,"Actions":[{"Type":"ModelAttachment","Slot":{"Compute":"HarvestModelSlot"},"Attachment":{"Compute":"HarvestModelAttachmentHarvested"}}]},{"ActionsBlocking":true,"Actions":[{"Type":"Timeout","Delay":[2,3]},{"Type":"State","State":"Flee"}]}]}]}],"InteractionInstruction":{"Enabled":{"Compute":"IsHarvestable || IsMountable"},"Instructions":[{"Enabled":{"Compute":"IsHarvestable"},"Instructions":[{"Sensor":{"$Comment":"Check the negative first so we can exit early and avoid the rest of the logic","Type":"Not","Sensor":{"Type":"And","Sensors":[{"Type":"Alarm","Name":"Harvest_Ready","State":"Unset"},{"Type":"CanInteract","Attitudes":{"Compute":"HarvestRequiredAttitudes"}}]}},"Actions":[{"Type":"SetInteractable","Interactable":false}]},{"$Comment":"Allow contextual interactions (shearing) but hide F key prompt","Continue":true,"Sensor":{"Type":"Any"},"Actions":[{"Type":"SetInteractable","Interactable":true,"ShowPrompt":false}]},{"$Comment":"Harvest action triggered by left-click with appropriate tool","Sensor":{"Type":"And","Sensors":[{"Enabled":{"Compute":"!isEmpty(HarvestInteractionContext)"},"Type":"InteractionContext","Context":{"Compute":"HarvestInteractionContext"}},{"Type":"Alarm","Name":"Harvest_Ready","State":"Unset"}]},"Actions":[{"Type":"State","State":"$Harvest"}]}]},{"Enabled":{"Compute":"IsMountable"},"Instructions":[{"Sensor":{"Type":"Not","Sensor":{"$Comment":"Check the negative first so we can exit early and avoid the rest of the logic","Type":"CanInteract","ViewSector":360,"Attitudes":["Friendly","Revered"]}},"Actions":[{"Type":"SetInteractable","Interactable":false}]},{"Continue":true,"Sensor":{"Type":"Any"},"Actions":[{"Type":"SetInteractable","Interactable":true,"Hint":"server.interactionHints.mount"}]},{"Sensor":{"Type":"HasInteracted"},"Actions":[{"Type":"Mount","AnchorX":{"Compute":"MountAnchorX"},"AnchorY":{"Compute":"MountAnchorY"},"AnchorZ":{"Compute":"MountAnchorZ"},"MovementConfig":{"Compute":"MountMovementConfig"}}]}]}]},"NameTranslationKey":{"Compute":"NameTranslationKey"}}...)
[2026/02/05 01:19:06   WARN]                          [NPC|P] Unknown JSON attribute 'MountAnchorZ' found in Role|Abstract: /Server/NPC/Roles/_Core/Templates/Template_Animal_Tamed.json (JSON: ance":{"Value":"Deer_Stag","Description":"The NPC's model."},"WanderRadius":{"Value":7,"Description":"The wander radius of the NPC."},"ViewRange":{"Value":16,"Description":"The view distance of the NPC, in blocks."},"ViewSector":{"Value":180,"Description":"The view sector of the NPC, in degrees."},"HearingRange":{"Value":8,"Description":"The hearing distance of the NPC, in blocks."},"AbsoluteDetectionRange":{"Value":4,"Description":"The range at which a target is guaranteed to be detected, in blocks. If set to zero, absolute detection will be disabled. Within the alerted state, this value has an upper bound of 0.75 * AlertedActionRange."},"AlertedRange":{"Value":18,"Description":"The range within which the target can be seen/sensed when the NPC is alerted to their presence, in blocks. Should be higher than sense ranges."},"AlertedActionRange":{"Value":12,"Description":"The range at which an NPC will react to other NPCs and players, depending on the attitude towards them, in blocks. Should be higher than AbsoluteDetectionRange."},"LeashDistance":{"Value":20,"Description":"The range at which an NPC will start to want to return to their spawn point, in blocks."},"AttractiveItems":{"Value":["Tool_Feedbag"],"Description":"The list of items that are deemed attractive (there's a chance targets holding them will be followed)."},"LovedItems":{"Value":[],"TypeHint":"String","Description":"The list of items that are deemed very attractive (it's guaranteed targets holding them will be followed and befriended)."},"AttractiveItemsTimeout":{"Value":[15,20],"Description":"The maximum timeout after which the NPC will lose interest in attractive times, regardless of range to the target, in seconds."},"AttractiveItemsSmellTimeout":{"Value":[8,12],"Description":"The timeout after which the NPC will lose interest in attractive times, when near the target, in seconds"},"DropList":{"Value":"Empty","Description":"The NPC's drop list."},"FlockArray":{"Value":[],"TypeHint":"String","Description":"The set of NPCs belonging to this flock type"},"HorseFollowEnabled":{"Value":false,"Description":"If true, this NPC will follow its flock leader while idle (used by HorseFollow mod)."},"ClimbHeight":{"Value":1,"Description":"The maximum climb height, in blocks."},"AttitudeGroup":{"Value":"Livestock","Description":"The attitude group this NPC belongs to."},"PlayerDefaultAttitude":{"Value":"Neutral","Description":"The default attitude towards the player."},"AlertedTimeoutReaction":{"Value":[2,6],"Description":"The timeout after which an alerted NPC will make a decision on whether to befriend the target, in seconds."},"AlertedTimeoutGiveUp":{"Value":[5,12],"Description":"The timeout after which an alerted NPC will give up on the target, in seconds."},"GrazingBlockSet":{"Value":"Grass","Description":"The type of block that this NPC will graze on top of."},"FoodBlockSet":{"Value":"Hay","Description":"The type of block that this NPC will occasionally seek out to munch on."},"FoodItemSet":{"Value":["Ingredient_Hay"],"Description":"The list of dropped items that this NPC will occasionally seek out to munch on."},"DayTimePeriod":{"Value":[6.01,17.99],"Description":"The hour range considered to be daytime for this NPC (inclusive). Hours should be written with decimal fractions."},"DayTimeNapWeight":{"Value":2,"Description":"The weight used to determine if the NPC should have a short nap during the day. Set to 0 to disable."},"DayTimeNapTimeRange":{"Value":[10,12],"Description":"The duration range of daytime naps, in seconds."},"SleepInstruction":{"Value":"Component_Instruction_Wild_Sleep_State","Description":"Instruction component for Sleep state (wake on time/damage/sound). Stay role overrides to HF_Component_Instruction_Stay_Sleep_State to disable time-based wake."},"StayIdleGoToSleep":{"Value":false,"Description":"HorseFollow stay: when true, in Idle state immediately transition to Sleep (so Laydown runs). Stay role sets true."},"DayFlavorAnimation":{"Value":"","Description":"The flavor animation to play during the day. Ignored if null or empty."},"GreetAnimation":{"Value":"","Description":"The flavor animation to play when greeting another NPC or player. Ignored if null or empty."},"ChanceToTurnFriendly":{"Value":25,"Description":"The chance that the NPC will befriend the target when in the alerted state."},"ChanceToTurnFriendlyWithAttractiveItem":{"Value":50,"Description":"The chance that the NPC will befriend the target, if the latter is holding an attractive item."},"FriendlyOverrideTime":{"Value":300,"Description":"The duration of the friendly attitude override for the target, in seconds."},"FriendlyOverrideTimeWithAttractiveItem":{"Value":900,"Description":"The duration of the friendly attitude override for the target, when the latter is holding an attractive item, in seconds."},"IgnoreOverrideTime":{"Value":1200,"Description":"The duration of the ignore attitude override for the target."},"WeightGreet":{"Value":1,"Description":"The chance that the NPC will greet a friendly target."},"WeightFollowItem":{"Value":1,"Description":"The chance that the NPC will follow a friendly target holding an attractive item."},"WeightFollow":{"Value":1,"Description":"The chance that the NPC will follow friendly NPCs or players at a distance."},"WeightIgnore":{"Value":1,"Description":"The chance that the NPC will ignore friendly NPCs of players."},"IsHarvestable":{"Value":false,"Description":"Whether this NPC can be 'harvested'. This includes shearing, milking, etc."},"HarvestInteractionContext":{"Value":"","Description":"The interaction context of the harvest tool. If empty, no tool is needed to harvest the NPC."},"HarvestRequiredAttitudes":{"Value":["Friendly","Neutral","Hostile","Ignore","Revered"],"Description":"The attitude groups of players that can harvest the NPC."},"HarvestDropList":{"Value":"","Description":"The drop list that's executed when the NPC is harvested."},"HarvestParticles":{"Value":"Alerted","Description":"The particle system that is spawned when the NPC is harvested."},"HarvestSound":{"Value":"SFX_Sheep_Sheared","Description":"The sound that plays when NPC is harvested."},"HarvestTimeout":{"Value":["P1D","P1D"],"Description":"The minimum time between consecutive harvests. Expressed in the ISO-8601 time period notation, where both values of the array must have the same prefix (either 'PT' or 'P')."},"HarvestModelSlot":{"Value":"","Description":"The model attachment slot where the 'harvested' state is displayed."},"HarvestModelAttachmentHarvestable":{"Value":"","Description":"The attachment that should be rendered when the NPC can be harvested."},"HarvestModelAttachmentHarvested":{"Value":"","Description":"The attachment that should be rendered when the NPC was harvested and is in timeout."},"HarvestAddItemBucket":{"Value":"","Description":"Item to add when player holds Container_Bucket (e.g., milk bucket for milking)."},"HarvestAddItemDecoBucket":{"Value":"","Description":"Item to add when player holds Deco_Bucket (e.g., milk bucket for milking)."},"ProduceItem":{"Value":"","Description":"The item this NPC produces (poop, eggs, etc)."},"ProduceTimeout":{"Value":["PT6H","PT36H"],"Description":"The timeout between consecutive produces."},"DayFlavorAnimationLength":{"Value":[3,5],"Description":"How long the daytime flavor animation will be played for, in seconds."},"Timid":{"Value":false,"Description":"Whether this NPC is timid or not. Timid NPCs are harder to approach and befriend."},"AttackWhenStartled":{"Value":false,"Description":"Whether this NPC attacks when startled."},"Attack":{"Value":"","Description":"The attack interaction this NPC will use."},"AttackRange":{"Value":5,"Description":"The range at which the NPC can identify an attacker."},"MaxSpeed":{"Value":4,"Description":"The maximum walking speed of the NPC."},"MaxHealth":{"Value":100,"Description":"The maximum health of the NPC."},"MaxRotationSpeed":{"Value":360,"Description":"The maximum rotation speed, in degrees per second."},"RunThreshold":{"Value":0.5,"Description":"The speed ratio at which the NPC switches to run animation (e.g if MaxSpeed is 10, and RunThreshold is set to 0.55, the NPC will start running at speed 5.5)."},"IsMemory":{"Value":false,"Description":"Whether the NPC is a memory."},"MemoriesCategory":{"Value":"Livestock","Description":"The category of the memory."},"MemoriesNameOverride":{"Value":"","Description":"If set, overrides the memory name."},"IsMountable":{"Value":false,"Description":"Whether this NPC can be mounted."},"MountAnchorX":{"Value":0},"MountAnchorY":{"Value":0},"MountAnchorZ":{"Value":0},"MountMovementConfig":{"Value":"Mount"},"BreathesInWater":{"Value":false,"Description":"Whether this NPC can breathe underwater."},"NameTranslationKey":{"Value":"server.npcRoles.Template.name","Description":"The translation key for the NPC name display"}},"IsMemory":{"Compute":"IsMemory"},"MemoriesCategory":{"Compute":"MemoriesCategory"},"MemoriesNameOverride":{"Compute":"MemoriesNameOverride"},"DropList":{"Compute":"DropList"},"FlockSpawnTypes":{"Compute":"FlockArray"},"FlockSpawnTypesRandom":true,"DisableDamageGroups":["Self"],"Appearance":{"Compute":"Appearance"},"DefaultPlayerAttitude":{"Compute":"PlayerDefaultAttitude"},"DefaultNPCAttitude":"Ignore","AttitudeGroup":{"Compute":"AttitudeGroup"},"ApplySeparation":true,"SeparationDistance":1,"SeparationWeight":1,"SeparationDistanceTarget":0.5,"SeparationNearRadiusTarget":1,"SeparationFarRadiusTarget":7,"BreathesInWater":{"Compute":"BreathesInWater"},"IsMountable":{"Compute":"IsMountable"},"MountAnchorX":{"Compute":"MountAnchorX"},"MountAnchorY":{"Compute":"MountAnchorY"},"MountAnchorZ":{"Compute":"MountAnchorZ"},"MountMovementConfig":{"Compute":"MountMovementConfig"},"KnockbackScale":0.5,"MotionControllerList":[{"Type":"Walk","MaxWalkSpeed":{"Compute":"MaxSpeed"},"Gravity":15,"MaxFallSpeed":15,"JumpHeight":0.1,"MaxRotationSpeed":{"Compute":"MaxRotationSpeed"},"Acceleration":100,"RunThreshold":{"Compute":"RunThreshold"},"DescentAnimationType":"Fall","DescentSteepness":2.5,"DescentBlending":1,"JumpDescentSteepness":8,"MaxClimbHeight":{"Compute":"ClimbHeight"}}],"StateTransitions":[{"States":[{"From":["Idle"],"To":["Sleep"]}],"Actions":{"Reference":"Component_ActionList_Sleep"}},{"States":[{"From":["Sleep"],"To":["Alerted","Flee","Idle"]}],"Actions":{"Reference":"Component_ActionList_Wake"}},{"$Comment":"Always clear animation when moving from Alerted or Flee state.","States":[{"To":[],"From":["Alerted","Flee"]}],"Actions":[{"Type":"PlayAnimation","Slot":"Status"},{"Type":"SetFlag","Name":"AnimationBlock","SetTo":false}]},{"$Comment":"Always clear target and reset instructions when going back to idle.","States":[{"To":["Idle"],"From":[]}],"Actions":[{"Type":"ReleaseTarget"},{"Type":"ResetInstructions"},{"Type":"PlayAnimation","Slot":"Status"}]},{"$Comment":"Clear idle anims","States":[{"To":[],"From":["Idle"]}],"Actions":[{"Type":"PlayAnimation","Slot":"Status"}]}],"MaxHealth":{"Compute":"MaxHealth"},"InteractionVars":{"Melee_Damage":{"Interactions":[{"$Comment":"Config for a successful melee hit, default values for Effects and HitShape are not overwritten here, see each NPC_ file","Parent":"NPC_Attack_Melee_Damage","DamageCalculator":{"Type":"Absolute","BaseDamage":{"Physical":5},"RandomPercentageModifier":0.1}}]}},"Instructions":[{"$Comment":"This is separate so it can run all the time regardless of the rest of the script","Continue":true,"Instructions":[{"$Comment":"Update flock member leash positions to match the leader.","Enabled":{"Compute":"!isEmptyStringArray(FlockArray)"},"Continue":true,"Sensor":{"Type":"And","Sensors":[{"Type":"FlockLeader"},{"Type":"Self","Filters":[{"Type":"Flock","FlockStatus":"Follower"}]}]},"Actions":[{"Type":"Timeout","Delay":[0.5,2],"Action":{"Type":"SetLeashPosition","ToTarget":true}}]},{"$Comment":"HorseFollow: Follow flock leader while idle (Seek). Disabled when mounted so idle anims do not run.","Enabled":{"Compute":"HorseFollowEnabled && !isEmptyStringArray(FlockArray)"},"Continue":true,"Sensor":{"Type":"And","Sensors":[{"Type":"State","State":"Idle"},{"Type":"FlockLeader"},{"Type":"Self","Filters":[{"Type":"Flock","FlockStatus":"Follower"}]}]},"HeadMotion":{"Type":"Watch"},"BodyMotion":{"Type":"Seek","SlowDownDistance":7,"StopDistance":4},"Actions":[{"$Comment":"Clear Status slot so Walk motion controller drives Walk/Run animation instead of Idle.","Type":"PlayAnimation","Slot":"Status"}]},{"$Comment":"Join eligible flocks if not a member of a flock.","Enabled":{"Compute":"!isEmptyStringArray(FlockArray)"},"Sensor":{"Type":"Mob","Range":20,"ExcludeOwnType":false,"LockOnTarget":true,"Filters":[{"Type":"NPCGroup","IncludeGroups":["Self"]},{"Type":"Flock","FlockStatus":"NotMember"}]},"Actions":[{"Type":"JoinFlock"}]}]},{"Continue":true,"$Comment":"This is separate so it can run all the time regardless of the rest of the script, when in water go straight to panic to get out","Instructions":[{"Sensor":{"Type":"And","Sensors":[{"Type":"InWater"},{"Type":"Not","Sensor":{"Type":"State","State":"Panic"}}]},"Actions":[{"Type":"State","State":"Panic"}]}]},{"$Comment":"If there are configured attachments for the 'harvestable' state, apply them","Enabled":{"Compute":"IsHarvestable"},"Continue":true,"Sensor":{"Type":"Alarm","Name":"Harvest_Ready","State":"Passed","Clear":true},"Instructions":[{"Enabled":{"Compute":"!isEmpty(HarvestModelSlot)"},"Actions":[{"Type":"ModelAttachment","Slot":{"Compute":"HarvestModelSlot"},"Attachment":{"Compute":"HarvestModelAttachmentHarvestable"}}]}]},{"$Comment":"Initializes the produce item alarm","Enabled":{"Compute":"!isEmpty(ProduceItem)"},"Sensor":{"Type":"Any","Once":true},"Actions":[{"Type":"SetAlarm","Name":"Produce_Ready","DurationRange":{"Compute":"ProduceTimeout"}}]},{"Instructions":[{"$Comment":"Idle behaviors (wander, eat, grazing, etc.). Note: engine may not provide hasPassengers(); when mounted, FollowService removes FlockMembership so HorseFollow does not match.","Sensor":{"Type":"State","State":"Idle"},"Enabled":{"Compute":"true"},"Instructions":[{"$Comment":"HorseFollow stay: when StayIdleGoToSleep true, transition Idle -> Sleep so StateTransitions run Laydown.","Enabled":{"Compute":"StayIdleGoToSleep"},"Sensor":{"Type":"Any","Once":true},"Actions":[{"Type":"State","State":"Sleep"}]},{"$Comment":"Switch to flee state if any flock member engages a target TODO switch to attack if you are very close and can attack? otherwise flee.","Enabled":{"Compute":"!isEmptyStringArray(FlockArray)"},"Sensor":{"Type":"Beacon","Message":"Flock_Attack","TargetSlot":"LockedTarget","Range":{"Compute":"HearingRange"}},"Actions":[{"Type":"State","State":"Alerted"}]},{"Reference":"Component_Instruction_Damage_Check","Modify":{"_ExportStates":["Flee.Switch","Panic"],"AlertedRange":{"Compute":"AlertedRange"}}},{"$Comment":"Check if there are any potential things that can alert the NPC","Sensor":{"Reference":"Component_Sensor_Standard_Detection","Modify":{"ViewRange":{"Compute":"ViewRange"},"ViewSector":{"Compute":"ViewSector"},"HearingRange":{"Compute":"HearingRange"},"AbsoluteDetectionRange":{"Compute":"AbsoluteDetectionRange"},"Attitudes":["Hostile","Neutral","Friendly"]}},"Actions":[{"Type":"State","State":"Alerted"}]},{"$Comment":"If we're beyond our soft leash radius for a set period of time, return home.","Continue":true,"Sensor":{"Type":"Leash","Range":{"Compute":"LeashDistance"}},"ActionsBlocking":true,"Actions":[{"Type":"Timeout","Delay":[15,20]},{"Type":"State","State":"ReturnHome"}]},{"$Comment":"HorseFollow: eating/grazing only when not following (HorseFollowEnabled = when bound).","Enabled":{"Compute":"!HorseFollowEnabled"},"Sensor":{"Type":"State","State":".FindFood"},"Instructions":[{"Sensor":{"Type":"Or","Sensors":[{"Type":"Block","Range":1.5,"MaxHeight":4,"Blocks":{"Compute":"FoodBlockSet"},"Random":true},{"Enabled":{"Compute":"!isEmptyStringArray(FoodItemSet)"},"Type":"DroppedItem","Range":1,"Items":{"Compute":"FoodItemSet"},"ViewSector":{"Compute":"ViewSector"},"LineOfSight":true}]},"BodyMotion":{"Type":"AimCharge"},"ActionsBlocking":true,"Actions":[{"Type":"PlayAnimation","Slot":"Status","Animation":"Eat"},{"Type":"Timeout","Delay":[4,6]},{"Type":"PickUpItem","Items":["*Hay*"],"Range":1.5,"StorageTarget":"Destroy"}]},{"Sensor":{"Type":"Or","Sensors":[{"Type":"Block","Range":{"Compute":"ViewRange"},"MaxHeight":4,"Blocks":{"Compute":"FoodBlockSet"},"Random":true},{"Enabled":{"Compute":"!isEmptyStringArray(FoodItemSet)"},"Type":"DroppedItem","Range":{"Compute":"ViewRange"},"Items":{"Compute":"FoodItemSet"},"ViewSector":{"Compute":"ViewSector"},"LineOfSight":true}]},"BodyMotion":{"Type":"Seek","RelativeSpeed":0.6,"StopDistance":0.5,"RelaxedMoveConstraints":false},"HeadMotion":{"Type":"Watch"}},{"Sensor":{"Type":"Any"},"ActionsBlocking":true,"Actions":[{"Type":"PlayAnimation","Slot":"Status"},{"Type":"Timeout","Delay":[2,4]},{"Type":"ResetBlockSensors"},{"Type":"State","State":".Default"}]}]},{"$Comment":"Produce an item","Enabled":{"Compute":"!isEmpty(ProduceItem)"},"Continue":true,"Instructions":[{"Sensor":{"Type":"Alarm","Name":"Produce_Ready","State":"Passed","Clear":true},"Actions":[{"Type":"Nothing"}]},{"Sensor":{"Type":"Alarm","Name":"Produce_Ready","State":"Unset"},"Actions":[{"Type":"DropItem","Item":{"Compute":"ProduceItem"},"Distance":[0,0],"Delay":[0,0],"ThrowSpeed":14.32},{"Type":"SetAlarm","Name":"Produce_Ready","DurationRange":{"Compute":"ProduceTimeout"}}]}]},{"$Comment":"Execute daytime idle behaviors.","Type":"Random","ExecuteFor":[20,30],"Sensor":{"Type":"Time","Period":{"Compute":"DayTimePeriod"},"CheckDay":true},"Instructions":[{"$Comment":"Regular wander.","Weight":20,"Instructions":[{"Continue":true,"Actions":[{"Type":"Crouch","Crouch":false}]},{"Reference":"Component_Instruction_Leash_To_Flock_Leader","Modify":{"Enabled":{"Compute":"!isEmptyStringArray(FlockArray)"},"WanderRadius":{"Compute":"WanderRadius"},"StopDistance":3}},{"BodyMotion":{"Type":"Sequence","Looped":true,"Motions":[{"Type":"Timer","Time":[1,5],"Motion":{"Type":"WanderInCircle","Radius":{"Compute":"WanderRadius"},"MaxHeadingChange":60,"RelativeSpeed":0.18}},{"Type":"Timer","Time":[3,8],"Motion":{"Type":"Nothing"}}]}}]},{"$Comment":"TODO: grazing component seems to be borked. HorseFollow: only when not following.","Enabled":{"Compute":"!HorseFollowEnabled"},"Weight":10,"Instructions":[{"Sensor":{"Type":"Self","Filters":[{"Type":"StandingOnBlock","BlockSet":{"Compute":"GrazingBlockSet"}}]},"ActionsBlocking":true,"Actions":[{"Type":"PlayAnimation","Slot":"Status","Animation":"Eat"},{"Type":"Timeout","Delay":[5,6]},{"Type":"PlayAnimation","Slot":"Status"},{"Type":"ResetInstructions"}]},{"$Comment":"They are not standing on grazing block","Actions":[{"Type":"ResetInstructions"},{"Type":"State","State":".Default"}]}]},{"$Comment":"HorseFollow: seek food/eat only when not following.","Enabled":{"Compute":"(!isEmpty(FoodBlockSet) || !isEmptyStringArray(FoodItemSet)) && !HorseFollowEnabled"},"Weight":10,"Instructions":[{"Sensor":{"Type":"Or","Sensors":[{"Enabled":{"Compute":"!isEmptyStringArray(FoodItemSet)"},"Type":"DroppedItem","Range":{"Compute":"ViewRange"},"Items":{"Compute":"FoodItemSet"},"ViewSector":{"Compute":"ViewSector"},"LineOfSight":true},{"Enabled":{"Compute":"!isEmpty(FoodBlockSet)"},"Type":"Block","Range":{"Compute":"ViewRange"},"MaxHeight":4,"Blocks":{"Compute":"FoodBlockSet"},"Random":true}]},"Actions":[{"Type":"State","State":".FindFood"}]}]},{"$Comment":"Play a daytime flavor animation.","Enabled":{"Compute":"!isEmpty(DayFlavorAnimation)"},"Weight":3,"Instructions":[{"ActionsBlocking":true,"Actions":[{"Type":"PlayAnimation","Slot":"Status","Animation":{"Compute":"DayFlavorAnimation"}},{"Type":"Timeout","Delay":{"Compute":"DayFlavorAnimationLength"}},{"Type":"PlayAnimation","Slot":"Status"},{"Type":"ResetInstructions"}]}]},{"$Comment":"Nap. HorseFollow: only when not following.","Enabled":{"Compute":"DayTimeNapWeight > 0 && !HorseFollowEnabled"},"Weight":{"Compute":"DayTimeNapWeight"},"Instructions":[{"Actions":[{"Type":"State","State":"Sleep.Nap"}]}]}]},{"$Comment":"Sleep time. HorseFollow: only when not following.","Enabled":{"Compute":"!HorseFollowEnabled"},"Actions":[{"Type":"Timeout","Delay":[2,4],"Action":{"Type":"Sequence","Actions":[{"Type":"State","State":"Sleep"}]}}]}]},{"Sensor":{"Type":"State","State":"Sleep"},"Instructions":[{"$Comment":"Wake up if an enemy attacks a flock member.","Enabled":{"Compute":"!isEmptyStringArray(FlockArray)"},"Sensor":{"Type":"Beacon","Message":"Flock_Attack","TargetSlot":"LockedTarget"},"Actions":[{"Type":"State","State":"Alerted"}]},{"$Comment":"Just a little nap. HorseFollow: only when not following.","Enabled":{"Compute":"DayTimeNapWeight > 0 && !HorseFollowEnabled"},"Sensor":{"Type":"State","State":".Nap"},"Instructions":[{"$Comment":"Start the nap timer","Continue":true,"Sensor":{"Type":"Any","Once":true},"Actions":[{"Type":"TimerStart","Name":"NapTimer","StartValueRange":{"Compute":"DayTimeNapTimeRange"},"RestartValueRange":{"Compute":"DayTimeNapTimeRange"}},{"Type":"TimerRestart","Name":"NapTimer"}]},{"Reference":"Component_Instruction_Wild_Sleep_State","Modify":{"_ExportStates":["Panic","Panic","Flee.Switch","Idle"],"HearingRange":{"Compute":"HearingRange"},"Attitudes":["Hostile","Neutral"],"WakeupSensor":"Component_Sensor_Timed_Nap"}}]},{"$Comment":"Night-time sleep. Uses static reference (vanilla pattern). Stay role would need separate approach for HF_Component_Instruction_Stay_Sleep_State.","Instructions":[{"Reference":"Component_Instruction_Wild_Sleep_State","Modify":{"_ExportStates":["Panic","Panic","Flee.Switch","Idle"],"HearingRange":{"Compute":"HearingRange"},"Attitudes":["Hostile","Neutral"],"DayTimePeriod":{"Compute":"DayTimePeriod"}}}]}]},{"$Comment":"Used when receiving something like a flock beacon that may potentially result in the NPC becoming alerted but could also be discarded with a random chance.","Sensor":{"Type":"State","State":"Alerted"},"Instructions":[{"$Comment":"Play the alerted animation when entering the state","Continue":true,"Sensor":{"Type":"Any","Once":true},"Actions":[{"Type":"PlayAnimation","Slot":"Status","Animation":"Alerted"}]},{"$Comment":"Starting a timer to get out of alerted state if nothing else got us out of there. TODO: expose the timer duration","Continue":true,"ActionsBlocking":true,"Actions":[{"Type":"Timeout","Delay":{"Compute":"AlertedTimeoutGiveUp"}},{"Type":"State","State":".TimerEnd"}]},{"$Comment":"Check for damage","Reference":"Component_Instruction_Damage_Check","Modify":{"_ExportStates":["Flee.Switch","Panic"],"AlertedRange":{"Compute":"AlertedRange"}}},{"$Comment":"Watching a target always, if we have any","Continue":true,"Sensor":{"Type":"Target","Range":{"Compute":"AlertedRange"}},"HeadMotion":{"Type":"Watch"}},{"$Comment":"If the target gets too close, flee for a bit","Continue":true,"Sensor":{"Type":"Target","Range":{"Compute":"AlertedActionRange * randomInRange(0.3, 0.7)"}},"BodyMotion":{"Type":"Flee","RelativeSpeed":0.5,"StopDistance":{"Compute":"AlertedActionRange"},"SlowDownDistance":{"Compute":"AlertedActionRange * 0.25"},"RelaxedMoveConstraints":false}},{"Continue":true,"Sensor":{"$Comment":"If target is reasonably close, the NPC will react instead of just staring","Type":"Target","Range":{"Compute":"AlertedActionRange"},"Filters":[{"Type":"LineOfSight"}]},"Instructions":[{"Enabled":{"Compute":"!isEmptyStringArray(LovedItems)"},"$Comment":"If the target is holding an item deemed very attractive, always follow it","Sensor":{"Type":"Target","Filters":[{"Type":"ItemInHand","Items":{"Compute":"LovedItems"}},{"Type":"Not","Filter":{"Type":"Attitude","Attitudes":["Hostile","Ignore"]}}]},"Actions":[{"$Comment":"TODO: check what particle systems are offsetting off of and potentially expose it to compute","Type":"SpawnParticles","Offset":[0,1,0],"ParticleSystem":"Hearts"},{"Type":"OverrideAttitude","Attitude":"Friendly","Duration":{"Compute":"FriendlyOverrideTimeWithAttractiveItem"}},{"Type":"State","State":"Curious.Item"}]},{"$Comment":"Threatening actions that will cause the NPC to flee","Sensor":{"Type":"Or","Sensors":[{"Type":"Target","Filters":[{"Type":"Or","Filters":[{"Type":"Attitude","Attitudes":["Hostile"]},{"Type":"Combat"},{"Type":"ItemInHand","Items":["*Weapon*"]}]}]},{"Type":"Target","Filters":[{"Type":"Not","Filter":{"Type":"Attitude","Attitudes":["Friendly"]}},{"Type":"MovementState","State":"Sprinting"}]},{"Enabled":{"Compute":"Timid"},"Type":"Target","Filters":[{"Type":"MovementState","State":"Sprinting"}]},{"Type":"Target","Range":{"Compute":"min(AbsoluteDetectionRange, AlertedActionRange * 0.75)"},"Filters":[{"Type":"Not","Filter":{"Type":"Attitude","Attitudes":["Friendly","Ignore"]}}]}]},"Actions":[{"Type":"State","State":"Flee.Switch"}]},{"Continue":true,"$Comment":"Starting a second timer to try and turn friendly. TODO: compute it as % of alerted timer","Sensor":{"Type":"Target","Filters":[{"Type":"Attitude","Attitudes":["Neutral"]}]},"ActionsBlocking":true,"Actions":[{"Type":"Timeout","Delay":{"Compute":"AlertedTimeoutReaction"}},{"Type":"State","State":".Switch"}]},{"$Comment":"Execute random behaviors towards friendly and revered.","Type":"Random","ExecuteFor":[15,20],"Sensor":{"Type":"Target","Filters":[{"Type":"Attitude","Attitudes":["Friendly","Revered"]}]},"Instructions":[{"Enabled":{"Compute":"!isEmptyStringArray(AttractiveItems)"},"Weight":{"Compute":"WeightFollowItem"},"$Comment":"TODO: change this to a weight-based decision to avoid the whole flock chasing the item","Sensor":{"Type":"Target","Filters":[{"Type":"ItemInHand","Items":{"Compute":"AttractiveItems"}}]},"Actions":[{"Type":"State","State":"Curious.Item"}]},{"Enabled":{"Compute":"WeightGreet > 0"},"Weight":{"Compute":"WeightGreet"},"Actions":[{"Type":"State","State":"Curious.Greet"}]},{"$Comment":"NPC will approach player and stop at a distance, following them like this for a while","Enabled":{"Compute":"WeightFollow > 0"},"Weight":{"Compute":"WeightFollow"},"Actions":[{"Type":"State","State":"Curious.Follow"}]},{"$Comment":"We override the attitude here and go to idle - this way the alerted state won't be triggered right away","Enabled":{"Compute":"WeightIgnore > 0"},"Weight":{"Compute":"WeightIgnore"},"Sensor":{"Type":"Target"},"ActionsBlocking":true,"Actions":[{"Type":"OverrideAttitude","Attitude":"Ignore","Duration":{"Compute":"IgnoreOverrideTime"}},{"Type":"State","State":"Idle"}]},{"$Comment":"Fallback if weights are misconfigured","Weight":1,"Sensor":{"Type":"Target"},"ActionsBlocking":true,"Actions":[{"Type":"OverrideAttitude","Attitude":"Ignore","Duration":{"Compute":"IgnoreOverrideTime"}},{"Type":"State","State":"Idle"}]}]}]},{"Sensor":{"Type":"State","State":".TimerEnd"},"Instructions":[{"Enabled":{"Compute":"!Timid"},"Sensor":{"$Comment":"Timer ended, we still have a target and it's a friendly one and we are not timid","Type":"Target","Range":{"Compute":"AlertedRange"},"Filters":[{"Type":"Attitude","Attitudes":["Friendly"]}]},"Actions":[{"Type":"OverrideAttitude","Attitude":"Ignore","Duration":{"Compute":"IgnoreOverrideTime"}},{"Type":"State","State":"Idle"}]},{"Enabled":{"Compute":"Timid"},"Sensor":{"$Comment":"Timer ended, I am timid and the target is staring me down, stranger danger, flee","Type":"Target","Range":{"Compute":"AlertedRange"},"Filters":[{"Type":"SpotsMe"},{"Type":"Not","Filter":{"Type":"Attitude","Attitudes":["Friendly"]}}]},"Actions":[{"Type":"State","State":"Flee"}]},{"Sensor":{"$Comment":"Timer ended, target seems uninterested and is assumed to be harmless, ignore for a while","Type":"Target","Range":{"Compute":"AlertedRange"}},"Actions":[{"Type":"OverrideAttitude","Attitude":"Ignore","Duration":{"Compute":"IgnoreOverrideTime"}},{"Type":"State","State":"Idle"}]},{"$Comment":"There is no target, so just go idle","Actions":[{"Type":"State","State":"Idle"}]}]},{"$Comment":"Timer elapsed and we randomly decide if friendly or not. This has to continue so we can hit the friendly instructions below","Sensor":{"Type":"State","State":".Switch"},"Instructions":[{"$Comment":"If the NPC is configured with a different chance to befriend when the target is holding a special item, use that chance","Enabled":{"Compute":"ChanceToTurnFriendlyWithAttractiveItem > 0"},"Sensor":{"Type":"Target","Filters":[{"Type":"Attitude","Attitudes":["Neutral"]},{"Type":"ItemInHand","Items":{"Compute":"AttractiveItems"}}]},"Type":"Random","ExecuteFor":[15,20],"Instructions":[{"Weight":{"Compute":"ChanceToTurnFriendlyWithAttractiveItem"},"Sensor":{"Type":"Target"},"Actions":[{"$Comment":"TODO: check what particle systems are offsetting off of and potentially expose it to compute","Type":"SpawnParticles","Offset":[0,1,0],"ParticleSystem":"Hearts"},{"Type":"OverrideAttitude","Attitude":"Friendly","Duration":{"Compute":"FriendlyOverrideTimeWithAttractiveItem"}},{"$Comment":"Prevents the next instruction from running as soon as the player is no longer neutral","Type":"State","State":".Default"}]},{"Enabled":{"Compute":"ChanceToTurnFriendlyWithAttractiveItem < 100"},"Weight":{"Compute":"100 - ChanceToTurnFriendlyWithAttractiveItem"},"Actions":[{"Type":"State","State":"Flee"}]}]},{"$Comment":"NPC becoming friendly with a player","Enabled":{"Compute":"ChanceToTurnFriendly > 0"},"Sensor":{"Type":"Target","Filters":[{"Type":"Attitude","Attitudes":["Neutral"]}]},"Type":"Random","ExecuteFor":[15,20],"Instructions":[{"Weight":{"Compute":"ChanceToTurnFriendly"},"Sensor":{"Type":"Target"},"Actions":[{"$Comment":"TODO: check what it is offseting off and potentially expose it to compute","Type":"SpawnParticles","Offset":[0,1,0],"ParticleSystem":"Hearts"},{"Type":"OverrideAttitude","Attitude":"Friendly","Duration":{"Compute":"FriendlyOverrideTime"}},{"$Comment":"Prevents the next instruction from running as soon as the player is no longer neutral","Type":"State","State":".Default"}]},{"Enabled":{"Compute":"ChanceToTurnFriendly < 100"},"Weight":{"Compute":"100 - ChanceToTurnFriendly"},"Actions":[{"Type":"State","State":"Flee"}]}]}]}]},{"Sensor":{"Type":"State","State":"Curious"},"Instructions":[{"$Comment":"Animations","Continue":true,"Sensor":{"Type":"Any","Once":true},"Actions":[{"Type":"PlayAnimation","Slot":"Status","Animation":"Curious"}]},{"$Comment":"If getting to the target takes too long, ignore and go to idle. This is also how long it will follow if this is triggered,TODO: mb could be a bit longer for the follow? ","Sensor":{"Type":"And","Sensors":[{"Type":"Target"},{"$Comment":"The item follow substates has its own timeouts","Type":"Not","Sensor":{"Type":"State","State":"Curious.Item"}}]},"Continue":true,"ActionsBlocking":true,"Actions":[{"Type":"Timeout","Delay":[7,7]},{"Type":"OverrideAttitude","Attitude":"Ignore","Duration":{"Compute":"IgnoreOverrideTime"}},{"Type":"State","State":"Idle"}]},{"$Comment":"Check if there are any potential threats nearby and flee. TODO: add more tirggers to flee","Sensor":{"Reference":"Component_Sensor_Standard_Detection","Modify":{"ViewRange":{"Compute":"ViewRange"},"ViewSector":{"Compute":"ViewSector"},"HearingRange":{"Compute":"HearingRange"},"AbsoluteDetectionRange":{"Compute":"AbsoluteDetectionRange"},"Attitudes":["Hostile"]}},"Actions":[{"Type":"State","State":"Flee.Switch"}]},{"Reference":"Component_Instruction_Damage_Check","Modify":{"_ExportStates":["Flee.Switch","Panic"],"AlertedRange":{"Compute":"AlertedRange"}}},{"$Comment":"TODO: mb potentially move secnsor component for curious, or for alerted - with parameters to be mor forgiving","Sensor":{"Type":"Or","Sensors":[{"Type":"Target","Filters":[{"Type":"Or","Filters":[{"Type":"Attitude","Attitudes":["Hostile"]},{"Type":"Combat"},{"Type":"ItemInHand","Items":["*Weapon*"]}]}]},{"Type":"Target","Filters":[{"Type":"Not","Filter":{"Type":"Attitude","Attitudes":["Friendly"]}},{"Type":"MovementState","State":"Sprinting"}]},{"Enabled":{"Compute":"Timid"},"Type":"Target","Filters":[{"Type":"MovementState","State":"Sprinting"}]},{"Type":"Target","Range":{"Compute":"AbsoluteDetectionRange"},"Filters":[{"Type":"Not","Filter":{"Type":"Attitude","Attitudes":["Friendly","Ignore"]}}]}]},"Actions":[{"Type":"State","State":"Flee.Switch"}]},{"$Comment":"We lost target","Sensor":{"Type":"Not","Sensor":{"Type":"Target","Range":{"Compute":"AlertedRange"},"Filters":[{"Type":"LineOfSight"}]}},"ActionsBlocking":true,"Actions":[{"Type":"Timeout","Delay":[0.2,0.2]},{"Type":"State","State":"Idle"}]},{"$Comment":"Moving to an attractive item","Sensor":{"Type":"State","State":".Item"},"Instructions":[{"$Comment":"Start a timer after which the NPC will lose interest in the item holder, regardless of range","Continue":true,"Sensor":{"Type":"Target"},"HeadMotion":{"Type":"Watch"},"ActionsBlocking":true,"Actions":[{"Type":"Timeout","Delay":{"Compute":"AttractiveItemsTimeout"}},{"Type":"PlayAnimation","Slot":"Status"},{"Type":"Timeout","Delay":[2,4]},{"Type":"OverrideAttitude","Attitude":"Ignore","Duration":20},{"Type":"State","State":"Idle"}]},{"$Comment":"Target too far or without attractive item","Sensor":{"Type":"And","Sensors":[{"Type":"Not","Sensor":{"Type":"Target","Range":{"Compute":"AlertedRange"},"Filters":[{"Type":"LineOfSight"},{"Type":"ItemInHand","Items":{"Compute":"AttractiveItems"}}]}},{"$Comment":"Need to do this to avoid two concurrent ItemInHand filters","Enabled":{"Compute":"!isEmptyStringArray(LovedItems)"},"Type":"Not","Sensor":{"Type":"Target","Range":{"Compute":"AlertedRange"},"Filters":[{"Type":"LineOfSight"},{"Type":"ItemInHand","Items":{"Compute":"LovedItems"}}]}}]},"ActionsBlocking":true,"Actions":[{"Type":"PlayAnimation","Slot":"Status","Animation":"Alerted"},{"Type":"Timeout","Delay":[2,3]},{"Type":"State","State":"Idle"}]},{"Sensor":{"Type":"Target","Range":2.5},"ActionsBlocking":true,"Actions":[{"Type":"Timeout","Delay":{"Compute":"AttractiveItemsSmellTimeout"}},{"Type":"PlayAnimation","Slot":"Status"},{"Type":"OverrideAttitude","Attitude":"Ignore","Duration":20},{"Type":"State","State":"Idle"}]},{"Sensor":{"Type":"Target","Range":{"Compute":"AlertedRange"}},"BodyMotion":{"Type":"Seek","SlowDownDistance":3.5,"StopDistance":2,"RelativeSpeed":0.4,"RelaxedMoveConstraints":false}}]},{"$Comment":"Moving to Greet","Sensor":{"Type":"State","State":".Greet"},"Instructions":[{"Sensor":{"Type":"Target","Range":3},"HeadMotion":{"Type":"Watch","RelativeTurnSpeed":0.5},"ActionsBlocking":true,"Actions":[{"Type":"PlayAnimation","Slot":"Status","Animation":"GreetAnimation"},{"Type":"Timeout","Delay":[2,4]},{"Type":"PlayAnimation","Slot":"Status"},{"Type":"OverrideAttitude","Attitude":"Ignore","Duration":{"Compute":"IgnoreOverrideTime"}},{"Type":"State","State":"Idle"}]},{"Sensor":{"Type":"Target","Range":{"Compute":"AlertedActionRange"}},"BodyMotion":{"Type":"Seek","SlowDownDistance":5,"StopDistance":3,"RelativeSpeed":0.4,"RelaxedMoveConstraints":false}}]},{"$Comment":"Moving to follow, stop at half alerted action range and watch a bit. TODO: flee if player sprints towards npc","Sensor":{"Type":"State","State":".Follow"},"Instructions":[{"Continue":true,"Sensor":{"Type":"Target","Range":{"Compute":"AlertedActionRange"}},"BodyMotion":{"Type":"Seek","SlowDownDistance":{"Compute":"AlertedActionRange"},"StopDistance":3,"RelativeSpeed":0.4,"RelaxedMoveConstraints":false}},{"Sensor":{"Type":"Target","Range":4},"ActionsBlocking":true,"Actions":[{"Type":"Timeout","Delay":[0.5,0.5]}],"HeadMotion":{"Type":"Watch"}}]}]},{"Sensor":{"Type":"State","State":"ReturnHome"},"Instructions":[{"$Comment":"Switch to flee state if any flock member engages a target TODO switch to attack if you are very close and can attack? otherwise flee.","Enabled":{"Compute":"!isEmptyStringArray(FlockArray)"},"Sensor":{"Type":"Beacon","Message":"Flock_Attack","TargetSlot":"LockedTarget","Range":{"Compute":"HearingRange"}},"Actions":[{"Type":"State","State":"Alerted"}]},{"Reference":"Component_Instruction_Damage_Check","Modify":{"_ExportStates":["Flee.Switch","Panic"],"AlertedRange":{"Compute":"AlertedRange"}}},{"$Comment":"Check if there are any potential things that can alert the NPC","Sensor":{"Reference":"Component_Sensor_Standard_Detection","Modify":{"ViewRange":{"Compute":"ViewRange"},"ViewSector":{"Compute":"ViewSector"},"HearingRange":{"Compute":"HearingRange"},"AbsoluteDetectionRange":{"Compute":"AbsoluteDetectionRange"},"Attitudes":["Hostile","Neutral","Friendly"]}},"Actions":[{"Type":"State","State":"Alerted"}]},{"Sensor":{"$Comment":"TODO: make them walk home, expose walking speed?","Type":"Leash","Range":{"Compute":"LeashDistance * 0.3"}},"BodyMotion":{"Type":"Seek","SlowDownDistance":1,"StopDistance":0.5,"RelativeSpeed":0.4,"UsePathfinder":true}},{"Actions":[{"Type":"SetStat","Stat":"Health","Value":1000000},{"Type":"State","State":"Idle"}]}]},{"Sensor":{"Type":"State","State":"Flee"},"Instructions":[{"$Comment":"TODO: Add a state message","Enabled":{"Compute":"!isEmptyStringArray(FlockArray)"},"Continue":true,"Sensor":{"Type":"Any","Once":true},"Actions":[{"Type":"FlockBeacon","Message":"Flock_Attack","SendTargetSlot":"LockedTarget"}]},{"Reference":"Component_Instruction_Damage_Check","Modify":{"_ExportStates":["Flee.Switch","Panic"],"AlertedRange":{"Compute":"AlertedRange"}}},{"Sensor":{"Type":"State","State":".Switch"},"Instructions":[{"Sensor":{"Type":"Target","TargetSlot":"LockedTarget","Range":{"Compute":"AttackRange"}},"Instructions":[{"Continue":true,"Sensor":{"Type":"Target","Once":true},"Actions":[{"$TODO":"Maybe friendly lifestock doesnt override it for player when hit","Type":"OverrideAttitude","Attitude":"Hostile","Duration":23}]},{"Enabled":{"Compute":"AttackWhenStartled"},"Sensor":{"Type":"Target","Filters":[{"Type":"Not","Filter":{"Type":"ViewSector","ViewSector":270}}]},"ActionsBlocking":true,"Actions":[{"Type":"PlayAnimation","Slot":"Status","Animation":"Alerted"},{"Type":"Timeout","Delay":[0.2,0.2]},{"Type":"PlayAnimation","Slot":"Status"},{"Type":"State","State":".Attack"}]},{"Actions":[{"Type":"State","State":".Default"}]}]},{"Sensor":{"Type":"Target","TargetSlot":"LockedTarget","Range":{"Compute":"AlertedRange"}},"Actions":[{"Type":"State","State":".Default"}]},{"Actions":[{"Type":"State","State":"Panic"}]}]},{"Sensor":{"Type":"State","State":".Attack"},"ActionsBlocking":true,"Actions":[{"Type":"Attack","Attack":{"Compute":"Attack"},"AttackPauseRange":[1,2]},{"Type":"Timeout","Delay":[0.3,0.3],"Action":{"Type":"State","State":".Default"}}]},{"Sensor":{"Type":"Target","Range":{"Compute":"AlertedRange + 3"}},"BodyMotion":{"Type":"Flee","SlowDownDistance":{"Compute":"AlertedRange - 3"},"StopDistance":{"Compute":"AlertedRange + 3"},"RelativeSpeed":0.68},"Actions":[{"Type":"Timeout","Delay":[8,8],"Action":{"Type":"State","State":".Switch"}}]},{"Actions":[{"Type":"Timeout","Delay":[3,6],"Action":{"Type":"State","State":"Idle"}}]}]},{"Sensor":{"Type":"State","State":"Panic"},"Instructions":[{"Continue":true,"Sensor":{"Type":"Any","Once":true},"Actions":[{"Type":"PlayAnimation","Slot":"Status","Animation":"Alerted"}]},{"Continue":true,"Actions":[{"Type":"Timeout","Delay":[6,12],"Action":{"Type":"State","State":"Idle"}}]},{"Sensor":{"Type":"Damage","Combat":true},"BodyMotion":{"Type":"Flee","SlowDownDistance":9,"StopDistance":14,"RelativeSpeed":1,"RelaxedMoveConstraints":false}},{"BodyMotion":{"Type":"WanderInCircle","Radius":10,"MaxHeadingChange":90,"RelativeSpeed":1,"RelaxedMoveConstraints":true}}]},{"Sensor":{"Type":"State","State":"$Harvest"},"Instructions":[{"$Comment":"Base harvest logic: particles, sound, alarm (always runs)","Continue":true,"Sensor":{"Type":"Any","Once":true},"Actions":[{"Type":"PlayAnimation","Slot":"Status","Animation":"Alerted"},{"Type":"SpawnParticles","Offset":[0,1,0],"ParticleSystem":{"Compute":"HarvestParticles"}},{"Type":"PlaySound","SoundEventId":{"Compute":"HarvestSound"}},{"Type":"SetAlarm","Name":"Harvest_Ready","DurationRange":{"Compute":"HarvestTimeout"}}]},{"$Comment":"Drop item only if HarvestDropList is set","Enabled":{"Compute":"!isEmpty(HarvestDropList)"},"Continue":true,"Sensor":{"Type":"Any","Once":true},"Actions":[{"Type":"DropItem","DropList":{"Compute":"HarvestDropList"},"Distance":[0.2,0.5],"Delay":[0,0],"DropSector":[-360,360],"PitchHigh":false,"ThrowSpeed":14}]},{"$Comment":"Replace Container_Bucket with milk when held","Enabled":{"Compute":"!isEmpty(HarvestAddItemBucket)"},"Continue":true,"Sensor":{"Type":"And","Sensors":[{"Type":"Any","Once":true},{"Type":"Target","Filters":[{"Type":"ItemInHand","Items":["Container_Bucket"]}]}]},"Actions":[{"Type":"Inventory","UseTarget":true,"Operation":"RemoveHeldItem"},{"Type":"Inventory","UseTarget":true,"Operation":"Add","Item":{"Compute":"HarvestAddItemBucket"},"Count":1}]},{"$Comment":"Replace Deco_Bucket with milk when held","Enabled":{"Compute":"!isEmpty(HarvestAddItemDecoBucket)"},"Continue":true,"Sensor":{"Type":"And","Sensors":[{"Type":"Any","Once":true},{"Type":"Target","Filters":[{"Type":"ItemInHand","Items":["Deco_Bucket"]}]}]},"Actions":[{"Type":"Inventory","UseTarget":true,"Operation":"RemoveHeldItem"},{"Type":"Inventory","UseTarget":true,"Operation":"Add","Item":{"Compute":"HarvestAddItemDecoBucket"},"Count":1}]},{"$Comment":"If there are configured attachments for the 'harvested' state, apply them","Enabled":{"Compute":"IsHarvestable && !isEmpty(HarvestModelSlot)"},"Continue":true,"Actions":[{"Type":"ModelAttachment","Slot":{"Compute":"HarvestModelSlot"},"Attachment":{"Compute":"HarvestModelAttachmentHarvested"}}]},{"ActionsBlocking":true,"Actions":[{"Type":"Timeout","Delay":[2,3]},{"Type":"State","State":"Flee"}]}]}]}],"InteractionInstruction":{"Enabled":{"Compute":"IsHarvestable || IsMountable"},"Instructions":[{"Enabled":{"Compute":"IsHarvestable"},"Instructions":[{"Sensor":{"$Comment":"Check the negative first so we can exit early and avoid the rest of the logic","Type":"Not","Sensor":{"Type":"And","Sensors":[{"Type":"Alarm","Name":"Harvest_Ready","State":"Unset"},{"Type":"CanInteract","Attitudes":{"Compute":"HarvestRequiredAttitudes"}}]}},"Actions":[{"Type":"SetInteractable","Interactable":false}]},{"$Comment":"Allow contextual interactions (shearing) but hide F key prompt","Continue":true,"Sensor":{"Type":"Any"},"Actions":[{"Type":"SetInteractable","Interactable":true,"ShowPrompt":false}]},{"$Comment":"Harvest action triggered by left-click with appropriate tool","Sensor":{"Type":"And","Sensors":[{"Enabled":{"Compute":"!isEmpty(HarvestInteractionContext)"},"Type":"InteractionContext","Context":{"Compute":"HarvestInteractionContext"}},{"Type":"Alarm","Name":"Harvest_Ready","State":"Unset"}]},"Actions":[{"Type":"State","State":"$Harvest"}]}]},{"Enabled":{"Compute":"IsMountable"},"Instructions":[{"Sensor":{"Type":"Not","Sensor":{"$Comment":"Check the negative first so we can exit early and avoid the rest of the logic","Type":"CanInteract","ViewSector":360,"Attitudes":["Friendly","Revered"]}},"Actions":[{"Type":"SetInteractable","Interactable":false}]},{"Continue":true,"Sensor":{"Type":"Any"},"Actions":[{"Type":"SetInteractable","Interactable":true,"Hint":"server.interactionHints.mount"}]},{"Sensor":{"Type":"HasInteracted"},"Actions":[{"Type":"Mount","AnchorX":{"Compute":"MountAnchorX"},"AnchorY":{"Compute":"MountAnchorY"},"AnchorZ":{"Compute":"MountAnchorZ"},"MovementConfig":{"Compute":"MountMovementConfig"}}]}]}]},"NameTranslationKey":{"Compute":"NameTranslationKey"}}...)
[2026/02/05 01:19:06   WARN]                          [NPC|P] Unknown JSON attribute 'MountMovementConfig' found in Role|Abstract: /Server/NPC/Roles/_Core/Templates/Template_Animal_Tamed.json (JSON: ance":{"Value":"Deer_Stag","Description":"The NPC's model."},"WanderRadius":{"Value":7,"Description":"The wander radius of the NPC."},"ViewRange":{"Value":16,"Description":"The view distance of the NPC, in blocks."},"ViewSector":{"Value":180,"Description":"The view sector of the NPC, in degrees."},"HearingRange":{"Value":8,"Description":"The hearing distance of the NPC, in blocks."},"AbsoluteDetectionRange":{"Value":4,"Description":"The range at which a target is guaranteed to be detected, in blocks. If set to zero, absolute detection will be disabled. Within the alerted state, this value has an upper bound of 0.75 * AlertedActionRange."},"AlertedRange":{"Value":18,"Description":"The range within which the target can be seen/sensed when the NPC is alerted to their presence, in blocks. Should be higher than sense ranges."},"AlertedActionRange":{"Value":12,"Description":"The range at which an NPC will react to other NPCs and players, depending on the attitude towards them, in blocks. Should be higher than AbsoluteDetectionRange."},"LeashDistance":{"Value":20,"Description":"The range at which an NPC will start to want to return to their spawn point, in blocks."},"AttractiveItems":{"Value":["Tool_Feedbag"],"Description":"The list of items that are deemed attractive (there's a chance targets holding them will be followed)."},"LovedItems":{"Value":[],"TypeHint":"String","Description":"The list of items that are deemed very attractive (it's guaranteed targets holding them will be followed and befriended)."},"AttractiveItemsTimeout":{"Value":[15,20],"Description":"The maximum timeout after which the NPC will lose interest in attractive times, regardless of range to the target, in seconds."},"AttractiveItemsSmellTimeout":{"Value":[8,12],"Description":"The timeout after which the NPC will lose interest in attractive times, when near the target, in seconds"},"DropList":{"Value":"Empty","Description":"The NPC's drop list."},"FlockArray":{"Value":[],"TypeHint":"String","Description":"The set of NPCs belonging to this flock type"},"HorseFollowEnabled":{"Value":false,"Description":"If true, this NPC will follow its flock leader while idle (used by HorseFollow mod)."},"ClimbHeight":{"Value":1,"Description":"The maximum climb height, in blocks."},"AttitudeGroup":{"Value":"Livestock","Description":"The attitude group this NPC belongs to."},"PlayerDefaultAttitude":{"Value":"Neutral","Description":"The default attitude towards the player."},"AlertedTimeoutReaction":{"Value":[2,6],"Description":"The timeout after which an alerted NPC will make a decision on whether to befriend the target, in seconds."},"AlertedTimeoutGiveUp":{"Value":[5,12],"Description":"The timeout after which an alerted NPC will give up on the target, in seconds."},"GrazingBlockSet":{"Value":"Grass","Description":"The type of block that this NPC will graze on top of."},"FoodBlockSet":{"Value":"Hay","Description":"The type of block that this NPC will occasionally seek out to munch on."},"FoodItemSet":{"Value":["Ingredient_Hay"],"Description":"The list of dropped items that this NPC will occasionally seek out to munch on."},"DayTimePeriod":{"Value":[6.01,17.99],"Description":"The hour range considered to be daytime for this NPC (inclusive). Hours should be written with decimal fractions."},"DayTimeNapWeight":{"Value":2,"Description":"The weight used to determine if the NPC should have a short nap during the day. Set to 0 to disable."},"DayTimeNapTimeRange":{"Value":[10,12],"Description":"The duration range of daytime naps, in seconds."},"SleepInstruction":{"Value":"Component_Instruction_Wild_Sleep_State","Description":"Instruction component for Sleep state (wake on time/damage/sound). Stay role overrides to HF_Component_Instruction_Stay_Sleep_State to disable time-based wake."},"StayIdleGoToSleep":{"Value":false,"Description":"HorseFollow stay: when true, in Idle state immediately transition to Sleep (so Laydown runs). Stay role sets true."},"DayFlavorAnimation":{"Value":"","Description":"The flavor animation to play during the day. Ignored if null or empty."},"GreetAnimation":{"Value":"","Description":"The flavor animation to play when greeting another NPC or player. Ignored if null or empty."},"ChanceToTurnFriendly":{"Value":25,"Description":"The chance that the NPC will befriend the target when in the alerted state."},"ChanceToTurnFriendlyWithAttractiveItem":{"Value":50,"Description":"The chance that the NPC will befriend the target, if the latter is holding an attractive item."},"FriendlyOverrideTime":{"Value":300,"Description":"The duration of the friendly attitude override for the target, in seconds."},"FriendlyOverrideTimeWithAttractiveItem":{"Value":900,"Description":"The duration of the friendly attitude override for the target, when the latter is holding an attractive item, in seconds."},"IgnoreOverrideTime":{"Value":1200,"Description":"The duration of the ignore attitude override for the target."},"WeightGreet":{"Value":1,"Description":"The chance that the NPC will greet a friendly target."},"WeightFollowItem":{"Value":1,"Description":"The chance that the NPC will follow a friendly target holding an attractive item."},"WeightFollow":{"Value":1,"Description":"The chance that the NPC will follow friendly NPCs or players at a distance."},"WeightIgnore":{"Value":1,"Description":"The chance that the NPC will ignore friendly NPCs of players."},"IsHarvestable":{"Value":false,"Description":"Whether this NPC can be 'harvested'. This includes shearing, milking, etc."},"HarvestInteractionContext":{"Value":"","Description":"The interaction context of the harvest tool. If empty, no tool is needed to harvest the NPC."},"HarvestRequiredAttitudes":{"Value":["Friendly","Neutral","Hostile","Ignore","Revered"],"Description":"The attitude groups of players that can harvest the NPC."},"HarvestDropList":{"Value":"","Description":"The drop list that's executed when the NPC is harvested."},"HarvestParticles":{"Value":"Alerted","Description":"The particle system that is spawned when the NPC is harvested."},"HarvestSound":{"Value":"SFX_Sheep_Sheared","Description":"The sound that plays when NPC is harvested."},"HarvestTimeout":{"Value":["P1D","P1D"],"Description":"The minimum time between consecutive harvests. Expressed in the ISO-8601 time period notation, where both values of the array must have the same prefix (either 'PT' or 'P')."},"HarvestModelSlot":{"Value":"","Description":"The model attachment slot where the 'harvested' state is displayed."},"HarvestModelAttachmentHarvestable":{"Value":"","Description":"The attachment that should be rendered when the NPC can be harvested."},"HarvestModelAttachmentHarvested":{"Value":"","Description":"The attachment that should be rendered when the NPC was harvested and is in timeout."},"HarvestAddItemBucket":{"Value":"","Description":"Item to add when player holds Container_Bucket (e.g., milk bucket for milking)."},"HarvestAddItemDecoBucket":{"Value":"","Description":"Item to add when player holds Deco_Bucket (e.g., milk bucket for milking)."},"ProduceItem":{"Value":"","Description":"The item this NPC produces (poop, eggs, etc)."},"ProduceTimeout":{"Value":["PT6H","PT36H"],"Description":"The timeout between consecutive produces."},"DayFlavorAnimationLength":{"Value":[3,5],"Description":"How long the daytime flavor animation will be played for, in seconds."},"Timid":{"Value":false,"Description":"Whether this NPC is timid or not. Timid NPCs are harder to approach and befriend."},"AttackWhenStartled":{"Value":false,"Description":"Whether this NPC attacks when startled."},"Attack":{"Value":"","Description":"The attack interaction this NPC will use."},"AttackRange":{"Value":5,"Description":"The range at which the NPC can identify an attacker."},"MaxSpeed":{"Value":4,"Description":"The maximum walking speed of the NPC."},"MaxHealth":{"Value":100,"Description":"The maximum health of the NPC."},"MaxRotationSpeed":{"Value":360,"Description":"The maximum rotation speed, in degrees per second."},"RunThreshold":{"Value":0.5,"Description":"The speed ratio at which the NPC switches to run animation (e.g if MaxSpeed is 10, and RunThreshold is set to 0.55, the NPC will start running at speed 5.5)."},"IsMemory":{"Value":false,"Description":"Whether the NPC is a memory."},"MemoriesCategory":{"Value":"Livestock","Description":"The category of the memory."},"MemoriesNameOverride":{"Value":"","Description":"If set, overrides the memory name."},"IsMountable":{"Value":false,"Description":"Whether this NPC can be mounted."},"MountAnchorX":{"Value":0},"MountAnchorY":{"Value":0},"MountAnchorZ":{"Value":0},"MountMovementConfig":{"Value":"Mount"},"BreathesInWater":{"Value":false,"Description":"Whether this NPC can breathe underwater."},"NameTranslationKey":{"Value":"server.npcRoles.Template.name","Description":"The translation key for the NPC name display"}},"IsMemory":{"Compute":"IsMemory"},"MemoriesCategory":{"Compute":"MemoriesCategory"},"MemoriesNameOverride":{"Compute":"MemoriesNameOverride"},"DropList":{"Compute":"DropList"},"FlockSpawnTypes":{"Compute":"FlockArray"},"FlockSpawnTypesRandom":true,"DisableDamageGroups":["Self"],"Appearance":{"Compute":"Appearance"},"DefaultPlayerAttitude":{"Compute":"PlayerDefaultAttitude"},"DefaultNPCAttitude":"Ignore","AttitudeGroup":{"Compute":"AttitudeGroup"},"ApplySeparation":true,"SeparationDistance":1,"SeparationWeight":1,"SeparationDistanceTarget":0.5,"SeparationNearRadiusTarget":1,"SeparationFarRadiusTarget":7,"BreathesInWater":{"Compute":"BreathesInWater"},"IsMountable":{"Compute":"IsMountable"},"MountAnchorX":{"Compute":"MountAnchorX"},"MountAnchorY":{"Compute":"MountAnchorY"},"MountAnchorZ":{"Compute":"MountAnchorZ"},"MountMovementConfig":{"Compute":"MountMovementConfig"},"KnockbackScale":0.5,"MotionControllerList":[{"Type":"Walk","MaxWalkSpeed":{"Compute":"MaxSpeed"},"Gravity":15,"MaxFallSpeed":15,"JumpHeight":0.1,"MaxRotationSpeed":{"Compute":"MaxRotationSpeed"},"Acceleration":100,"RunThreshold":{"Compute":"RunThreshold"},"DescentAnimationType":"Fall","DescentSteepness":2.5,"DescentBlending":1,"JumpDescentSteepness":8,"MaxClimbHeight":{"Compute":"ClimbHeight"}}],"StateTransitions":[{"States":[{"From":["Idle"],"To":["Sleep"]}],"Actions":{"Reference":"Component_ActionList_Sleep"}},{"States":[{"From":["Sleep"],"To":["Alerted","Flee","Idle"]}],"Actions":{"Reference":"Component_ActionList_Wake"}},{"$Comment":"Always clear animation when moving from Alerted or Flee state.","States":[{"To":[],"From":["Alerted","Flee"]}],"Actions":[{"Type":"PlayAnimation","Slot":"Status"},{"Type":"SetFlag","Name":"AnimationBlock","SetTo":false}]},{"$Comment":"Always clear target and reset instructions when going back to idle.","States":[{"To":["Idle"],"From":[]}],"Actions":[{"Type":"ReleaseTarget"},{"Type":"ResetInstructions"},{"Type":"PlayAnimation","Slot":"Status"}]},{"$Comment":"Clear idle anims","States":[{"To":[],"From":["Idle"]}],"Actions":[{"Type":"PlayAnimation","Slot":"Status"}]}],"MaxHealth":{"Compute":"MaxHealth"},"InteractionVars":{"Melee_Damage":{"Interactions":[{"$Comment":"Config for a successful melee hit, default values for Effects and HitShape are not overwritten here, see each NPC_ file","Parent":"NPC_Attack_Melee_Damage","DamageCalculator":{"Type":"Absolute","BaseDamage":{"Physical":5},"RandomPercentageModifier":0.1}}]}},"Instructions":[{"$Comment":"This is separate so it can run all the time regardless of the rest of the script","Continue":true,"Instructions":[{"$Comment":"Update flock member leash positions to match the leader.","Enabled":{"Compute":"!isEmptyStringArray(FlockArray)"},"Continue":true,"Sensor":{"Type":"And","Sensors":[{"Type":"FlockLeader"},{"Type":"Self","Filters":[{"Type":"Flock","FlockStatus":"Follower"}]}]},"Actions":[{"Type":"Timeout","Delay":[0.5,2],"Action":{"Type":"SetLeashPosition","ToTarget":true}}]},{"$Comment":"HorseFollow: Follow flock leader while idle (Seek). Disabled when mounted so idle anims do not run.","Enabled":{"Compute":"HorseFollowEnabled && !isEmptyStringArray(FlockArray)"},"Continue":true,"Sensor":{"Type":"And","Sensors":[{"Type":"State","State":"Idle"},{"Type":"FlockLeader"},{"Type":"Self","Filters":[{"Type":"Flock","FlockStatus":"Follower"}]}]},"HeadMotion":{"Type":"Watch"},"BodyMotion":{"Type":"Seek","SlowDownDistance":7,"StopDistance":4},"Actions":[{"$Comment":"Clear Status slot so Walk motion controller drives Walk/Run animation instead of Idle.","Type":"PlayAnimation","Slot":"Status"}]},{"$Comment":"Join eligible flocks if not a member of a flock.","Enabled":{"Compute":"!isEmptyStringArray(FlockArray)"},"Sensor":{"Type":"Mob","Range":20,"ExcludeOwnType":false,"LockOnTarget":true,"Filters":[{"Type":"NPCGroup","IncludeGroups":["Self"]},{"Type":"Flock","FlockStatus":"NotMember"}]},"Actions":[{"Type":"JoinFlock"}]}]},{"Continue":true,"$Comment":"This is separate so it can run all the time regardless of the rest of the script, when in water go straight to panic to get out","Instructions":[{"Sensor":{"Type":"And","Sensors":[{"Type":"InWater"},{"Type":"Not","Sensor":{"Type":"State","State":"Panic"}}]},"Actions":[{"Type":"State","State":"Panic"}]}]},{"$Comment":"If there are configured attachments for the 'harvestable' state, apply them","Enabled":{"Compute":"IsHarvestable"},"Continue":true,"Sensor":{"Type":"Alarm","Name":"Harvest_Ready","State":"Passed","Clear":true},"Instructions":[{"Enabled":{"Compute":"!isEmpty(HarvestModelSlot)"},"Actions":[{"Type":"ModelAttachment","Slot":{"Compute":"HarvestModelSlot"},"Attachment":{"Compute":"HarvestModelAttachmentHarvestable"}}]}]},{"$Comment":"Initializes the produce item alarm","Enabled":{"Compute":"!isEmpty(ProduceItem)"},"Sensor":{"Type":"Any","Once":true},"Actions":[{"Type":"SetAlarm","Name":"Produce_Ready","DurationRange":{"Compute":"ProduceTimeout"}}]},{"Instructions":[{"$Comment":"Idle behaviors (wander, eat, grazing, etc.). Note: engine may not provide hasPassengers(); when mounted, FollowService removes FlockMembership so HorseFollow does not match.","Sensor":{"Type":"State","State":"Idle"},"Enabled":{"Compute":"true"},"Instructions":[{"$Comment":"HorseFollow stay: when StayIdleGoToSleep true, transition Idle -> Sleep so StateTransitions run Laydown.","Enabled":{"Compute":"StayIdleGoToSleep"},"Sensor":{"Type":"Any","Once":true},"Actions":[{"Type":"State","State":"Sleep"}]},{"$Comment":"Switch to flee state if any flock member engages a target TODO switch to attack if you are very close and can attack? otherwise flee.","Enabled":{"Compute":"!isEmptyStringArray(FlockArray)"},"Sensor":{"Type":"Beacon","Message":"Flock_Attack","TargetSlot":"LockedTarget","Range":{"Compute":"HearingRange"}},"Actions":[{"Type":"State","State":"Alerted"}]},{"Reference":"Component_Instruction_Damage_Check","Modify":{"_ExportStates":["Flee.Switch","Panic"],"AlertedRange":{"Compute":"AlertedRange"}}},{"$Comment":"Check if there are any potential things that can alert the NPC","Sensor":{"Reference":"Component_Sensor_Standard_Detection","Modify":{"ViewRange":{"Compute":"ViewRange"},"ViewSector":{"Compute":"ViewSector"},"HearingRange":{"Compute":"HearingRange"},"AbsoluteDetectionRange":{"Compute":"AbsoluteDetectionRange"},"Attitudes":["Hostile","Neutral","Friendly"]}},"Actions":[{"Type":"State","State":"Alerted"}]},{"$Comment":"If we're beyond our soft leash radius for a set period of time, return home.","Continue":true,"Sensor":{"Type":"Leash","Range":{"Compute":"LeashDistance"}},"ActionsBlocking":true,"Actions":[{"Type":"Timeout","Delay":[15,20]},{"Type":"State","State":"ReturnHome"}]},{"$Comment":"HorseFollow: eating/grazing only when not following (HorseFollowEnabled = when bound).","Enabled":{"Compute":"!HorseFollowEnabled"},"Sensor":{"Type":"State","State":".FindFood"},"Instructions":[{"Sensor":{"Type":"Or","Sensors":[{"Type":"Block","Range":1.5,"MaxHeight":4,"Blocks":{"Compute":"FoodBlockSet"},"Random":true},{"Enabled":{"Compute":"!isEmptyStringArray(FoodItemSet)"},"Type":"DroppedItem","Range":1,"Items":{"Compute":"FoodItemSet"},"ViewSector":{"Compute":"ViewSector"},"LineOfSight":true}]},"BodyMotion":{"Type":"AimCharge"},"ActionsBlocking":true,"Actions":[{"Type":"PlayAnimation","Slot":"Status","Animation":"Eat"},{"Type":"Timeout","Delay":[4,6]},{"Type":"PickUpItem","Items":["*Hay*"],"Range":1.5,"StorageTarget":"Destroy"}]},{"Sensor":{"Type":"Or","Sensors":[{"Type":"Block","Range":{"Compute":"ViewRange"},"MaxHeight":4,"Blocks":{"Compute":"FoodBlockSet"},"Random":true},{"Enabled":{"Compute":"!isEmptyStringArray(FoodItemSet)"},"Type":"DroppedItem","Range":{"Compute":"ViewRange"},"Items":{"Compute":"FoodItemSet"},"ViewSector":{"Compute":"ViewSector"},"LineOfSight":true}]},"BodyMotion":{"Type":"Seek","RelativeSpeed":0.6,"StopDistance":0.5,"RelaxedMoveConstraints":false},"HeadMotion":{"Type":"Watch"}},{"Sensor":{"Type":"Any"},"ActionsBlocking":true,"Actions":[{"Type":"PlayAnimation","Slot":"Status"},{"Type":"Timeout","Delay":[2,4]},{"Type":"ResetBlockSensors"},{"Type":"State","State":".Default"}]}]},{"$Comment":"Produce an item","Enabled":{"Compute":"!isEmpty(ProduceItem)"},"Continue":true,"Instructions":[{"Sensor":{"Type":"Alarm","Name":"Produce_Ready","State":"Passed","Clear":true},"Actions":[{"Type":"Nothing"}]},{"Sensor":{"Type":"Alarm","Name":"Produce_Ready","State":"Unset"},"Actions":[{"Type":"DropItem","Item":{"Compute":"ProduceItem"},"Distance":[0,0],"Delay":[0,0],"ThrowSpeed":14.32},{"Type":"SetAlarm","Name":"Produce_Ready","DurationRange":{"Compute":"ProduceTimeout"}}]}]},{"$Comment":"Execute daytime idle behaviors.","Type":"Random","ExecuteFor":[20,30],"Sensor":{"Type":"Time","Period":{"Compute":"DayTimePeriod"},"CheckDay":true},"Instructions":[{"$Comment":"Regular wander.","Weight":20,"Instructions":[{"Continue":true,"Actions":[{"Type":"Crouch","Crouch":false}]},{"Reference":"Component_Instruction_Leash_To_Flock_Leader","Modify":{"Enabled":{"Compute":"!isEmptyStringArray(FlockArray)"},"WanderRadius":{"Compute":"WanderRadius"},"StopDistance":3}},{"BodyMotion":{"Type":"Sequence","Looped":true,"Motions":[{"Type":"Timer","Time":[1,5],"Motion":{"Type":"WanderInCircle","Radius":{"Compute":"WanderRadius"},"MaxHeadingChange":60,"RelativeSpeed":0.18}},{"Type":"Timer","Time":[3,8],"Motion":{"Type":"Nothing"}}]}}]},{"$Comment":"TODO: grazing component seems to be borked. HorseFollow: only when not following.","Enabled":{"Compute":"!HorseFollowEnabled"},"Weight":10,"Instructions":[{"Sensor":{"Type":"Self","Filters":[{"Type":"StandingOnBlock","BlockSet":{"Compute":"GrazingBlockSet"}}]},"ActionsBlocking":true,"Actions":[{"Type":"PlayAnimation","Slot":"Status","Animation":"Eat"},{"Type":"Timeout","Delay":[5,6]},{"Type":"PlayAnimation","Slot":"Status"},{"Type":"ResetInstructions"}]},{"$Comment":"They are not standing on grazing block","Actions":[{"Type":"ResetInstructions"},{"Type":"State","State":".Default"}]}]},{"$Comment":"HorseFollow: seek food/eat only when not following.","Enabled":{"Compute":"(!isEmpty(FoodBlockSet) || !isEmptyStringArray(FoodItemSet)) && !HorseFollowEnabled"},"Weight":10,"Instructions":[{"Sensor":{"Type":"Or","Sensors":[{"Enabled":{"Compute":"!isEmptyStringArray(FoodItemSet)"},"Type":"DroppedItem","Range":{"Compute":"ViewRange"},"Items":{"Compute":"FoodItemSet"},"ViewSector":{"Compute":"ViewSector"},"LineOfSight":true},{"Enabled":{"Compute":"!isEmpty(FoodBlockSet)"},"Type":"Block","Range":{"Compute":"ViewRange"},"MaxHeight":4,"Blocks":{"Compute":"FoodBlockSet"},"Random":true}]},"Actions":[{"Type":"State","State":".FindFood"}]}]},{"$Comment":"Play a daytime flavor animation.","Enabled":{"Compute":"!isEmpty(DayFlavorAnimation)"},"Weight":3,"Instructions":[{"ActionsBlocking":true,"Actions":[{"Type":"PlayAnimation","Slot":"Status","Animation":{"Compute":"DayFlavorAnimation"}},{"Type":"Timeout","Delay":{"Compute":"DayFlavorAnimationLength"}},{"Type":"PlayAnimation","Slot":"Status"},{"Type":"ResetInstructions"}]}]},{"$Comment":"Nap. HorseFollow: only when not following.","Enabled":{"Compute":"DayTimeNapWeight > 0 && !HorseFollowEnabled"},"Weight":{"Compute":"DayTimeNapWeight"},"Instructions":[{"Actions":[{"Type":"State","State":"Sleep.Nap"}]}]}]},{"$Comment":"Sleep time. HorseFollow: only when not following.","Enabled":{"Compute":"!HorseFollowEnabled"},"Actions":[{"Type":"Timeout","Delay":[2,4],"Action":{"Type":"Sequence","Actions":[{"Type":"State","State":"Sleep"}]}}]}]},{"Sensor":{"Type":"State","State":"Sleep"},"Instructions":[{"$Comment":"Wake up if an enemy attacks a flock member.","Enabled":{"Compute":"!isEmptyStringArray(FlockArray)"},"Sensor":{"Type":"Beacon","Message":"Flock_Attack","TargetSlot":"LockedTarget"},"Actions":[{"Type":"State","State":"Alerted"}]},{"$Comment":"Just a little nap. HorseFollow: only when not following.","Enabled":{"Compute":"DayTimeNapWeight > 0 && !HorseFollowEnabled"},"Sensor":{"Type":"State","State":".Nap"},"Instructions":[{"$Comment":"Start the nap timer","Continue":true,"Sensor":{"Type":"Any","Once":true},"Actions":[{"Type":"TimerStart","Name":"NapTimer","StartValueRange":{"Compute":"DayTimeNapTimeRange"},"RestartValueRange":{"Compute":"DayTimeNapTimeRange"}},{"Type":"TimerRestart","Name":"NapTimer"}]},{"Reference":"Component_Instruction_Wild_Sleep_State","Modify":{"_ExportStates":["Panic","Panic","Flee.Switch","Idle"],"HearingRange":{"Compute":"HearingRange"},"Attitudes":["Hostile","Neutral"],"WakeupSensor":"Component_Sensor_Timed_Nap"}}]},{"$Comment":"Night-time sleep. Uses static reference (vanilla pattern). Stay role would need separate approach for HF_Component_Instruction_Stay_Sleep_State.","Instructions":[{"Reference":"Component_Instruction_Wild_Sleep_State","Modify":{"_ExportStates":["Panic","Panic","Flee.Switch","Idle"],"HearingRange":{"Compute":"HearingRange"},"Attitudes":["Hostile","Neutral"],"DayTimePeriod":{"Compute":"DayTimePeriod"}}}]}]},{"$Comment":"Used when receiving something like a flock beacon that may potentially result in the NPC becoming alerted but could also be discarded with a random chance.","Sensor":{"Type":"State","State":"Alerted"},"Instructions":[{"$Comment":"Play the alerted animation when entering the state","Continue":true,"Sensor":{"Type":"Any","Once":true},"Actions":[{"Type":"PlayAnimation","Slot":"Status","Animation":"Alerted"}]},{"$Comment":"Starting a timer to get out of alerted state if nothing else got us out of there. TODO: expose the timer duration","Continue":true,"ActionsBlocking":true,"Actions":[{"Type":"Timeout","Delay":{"Compute":"AlertedTimeoutGiveUp"}},{"Type":"State","State":".TimerEnd"}]},{"$Comment":"Check for damage","Reference":"Component_Instruction_Damage_Check","Modify":{"_ExportStates":["Flee.Switch","Panic"],"AlertedRange":{"Compute":"AlertedRange"}}},{"$Comment":"Watching a target always, if we have any","Continue":true,"Sensor":{"Type":"Target","Range":{"Compute":"AlertedRange"}},"HeadMotion":{"Type":"Watch"}},{"$Comment":"If the target gets too close, flee for a bit","Continue":true,"Sensor":{"Type":"Target","Range":{"Compute":"AlertedActionRange * randomInRange(0.3, 0.7)"}},"BodyMotion":{"Type":"Flee","RelativeSpeed":0.5,"StopDistance":{"Compute":"AlertedActionRange"},"SlowDownDistance":{"Compute":"AlertedActionRange * 0.25"},"RelaxedMoveConstraints":false}},{"Continue":true,"Sensor":{"$Comment":"If target is reasonably close, the NPC will react instead of just staring","Type":"Target","Range":{"Compute":"AlertedActionRange"},"Filters":[{"Type":"LineOfSight"}]},"Instructions":[{"Enabled":{"Compute":"!isEmptyStringArray(LovedItems)"},"$Comment":"If the target is holding an item deemed very attractive, always follow it","Sensor":{"Type":"Target","Filters":[{"Type":"ItemInHand","Items":{"Compute":"LovedItems"}},{"Type":"Not","Filter":{"Type":"Attitude","Attitudes":["Hostile","Ignore"]}}]},"Actions":[{"$Comment":"TODO: check what particle systems are offsetting off of and potentially expose it to compute","Type":"SpawnParticles","Offset":[0,1,0],"ParticleSystem":"Hearts"},{"Type":"OverrideAttitude","Attitude":"Friendly","Duration":{"Compute":"FriendlyOverrideTimeWithAttractiveItem"}},{"Type":"State","State":"Curious.Item"}]},{"$Comment":"Threatening actions that will cause the NPC to flee","Sensor":{"Type":"Or","Sensors":[{"Type":"Target","Filters":[{"Type":"Or","Filters":[{"Type":"Attitude","Attitudes":["Hostile"]},{"Type":"Combat"},{"Type":"ItemInHand","Items":["*Weapon*"]}]}]},{"Type":"Target","Filters":[{"Type":"Not","Filter":{"Type":"Attitude","Attitudes":["Friendly"]}},{"Type":"MovementState","State":"Sprinting"}]},{"Enabled":{"Compute":"Timid"},"Type":"Target","Filters":[{"Type":"MovementState","State":"Sprinting"}]},{"Type":"Target","Range":{"Compute":"min(AbsoluteDetectionRange, AlertedActionRange * 0.75)"},"Filters":[{"Type":"Not","Filter":{"Type":"Attitude","Attitudes":["Friendly","Ignore"]}}]}]},"Actions":[{"Type":"State","State":"Flee.Switch"}]},{"Continue":true,"$Comment":"Starting a second timer to try and turn friendly. TODO: compute it as % of alerted timer","Sensor":{"Type":"Target","Filters":[{"Type":"Attitude","Attitudes":["Neutral"]}]},"ActionsBlocking":true,"Actions":[{"Type":"Timeout","Delay":{"Compute":"AlertedTimeoutReaction"}},{"Type":"State","State":".Switch"}]},{"$Comment":"Execute random behaviors towards friendly and revered.","Type":"Random","ExecuteFor":[15,20],"Sensor":{"Type":"Target","Filters":[{"Type":"Attitude","Attitudes":["Friendly","Revered"]}]},"Instructions":[{"Enabled":{"Compute":"!isEmptyStringArray(AttractiveItems)"},"Weight":{"Compute":"WeightFollowItem"},"$Comment":"TODO: change this to a weight-based decision to avoid the whole flock chasing the item","Sensor":{"Type":"Target","Filters":[{"Type":"ItemInHand","Items":{"Compute":"AttractiveItems"}}]},"Actions":[{"Type":"State","State":"Curious.Item"}]},{"Enabled":{"Compute":"WeightGreet > 0"},"Weight":{"Compute":"WeightGreet"},"Actions":[{"Type":"State","State":"Curious.Greet"}]},{"$Comment":"NPC will approach player and stop at a distance, following them like this for a while","Enabled":{"Compute":"WeightFollow > 0"},"Weight":{"Compute":"WeightFollow"},"Actions":[{"Type":"State","State":"Curious.Follow"}]},{"$Comment":"We override the attitude here and go to idle - this way the alerted state won't be triggered right away","Enabled":{"Compute":"WeightIgnore > 0"},"Weight":{"Compute":"WeightIgnore"},"Sensor":{"Type":"Target"},"ActionsBlocking":true,"Actions":[{"Type":"OverrideAttitude","Attitude":"Ignore","Duration":{"Compute":"IgnoreOverrideTime"}},{"Type":"State","State":"Idle"}]},{"$Comment":"Fallback if weights are misconfigured","Weight":1,"Sensor":{"Type":"Target"},"ActionsBlocking":true,"Actions":[{"Type":"OverrideAttitude","Attitude":"Ignore","Duration":{"Compute":"IgnoreOverrideTime"}},{"Type":"State","State":"Idle"}]}]}]},{"Sensor":{"Type":"State","State":".TimerEnd"},"Instructions":[{"Enabled":{"Compute":"!Timid"},"Sensor":{"$Comment":"Timer ended, we still have a target and it's a friendly one and we are not timid","Type":"Target","Range":{"Compute":"AlertedRange"},"Filters":[{"Type":"Attitude","Attitudes":["Friendly"]}]},"Actions":[{"Type":"OverrideAttitude","Attitude":"Ignore","Duration":{"Compute":"IgnoreOverrideTime"}},{"Type":"State","State":"Idle"}]},{"Enabled":{"Compute":"Timid"},"Sensor":{"$Comment":"Timer ended, I am timid and the target is staring me down, stranger danger, flee","Type":"Target","Range":{"Compute":"AlertedRange"},"Filters":[{"Type":"SpotsMe"},{"Type":"Not","Filter":{"Type":"Attitude","Attitudes":["Friendly"]}}]},"Actions":[{"Type":"State","State":"Flee"}]},{"Sensor":{"$Comment":"Timer ended, target seems uninterested and is assumed to be harmless, ignore for a while","Type":"Target","Range":{"Compute":"AlertedRange"}},"Actions":[{"Type":"OverrideAttitude","Attitude":"Ignore","Duration":{"Compute":"IgnoreOverrideTime"}},{"Type":"State","State":"Idle"}]},{"$Comment":"There is no target, so just go idle","Actions":[{"Type":"State","State":"Idle"}]}]},{"$Comment":"Timer elapsed and we randomly decide if friendly or not. This has to continue so we can hit the friendly instructions below","Sensor":{"Type":"State","State":".Switch"},"Instructions":[{"$Comment":"If the NPC is configured with a different chance to befriend when the target is holding a special item, use that chance","Enabled":{"Compute":"ChanceToTurnFriendlyWithAttractiveItem > 0"},"Sensor":{"Type":"Target","Filters":[{"Type":"Attitude","Attitudes":["Neutral"]},{"Type":"ItemInHand","Items":{"Compute":"AttractiveItems"}}]},"Type":"Random","ExecuteFor":[15,20],"Instructions":[{"Weight":{"Compute":"ChanceToTurnFriendlyWithAttractiveItem"},"Sensor":{"Type":"Target"},"Actions":[{"$Comment":"TODO: check what particle systems are offsetting off of and potentially expose it to compute","Type":"SpawnParticles","Offset":[0,1,0],"ParticleSystem":"Hearts"},{"Type":"OverrideAttitude","Attitude":"Friendly","Duration":{"Compute":"FriendlyOverrideTimeWithAttractiveItem"}},{"$Comment":"Prevents the next instruction from running as soon as the player is no longer neutral","Type":"State","State":".Default"}]},{"Enabled":{"Compute":"ChanceToTurnFriendlyWithAttractiveItem < 100"},"Weight":{"Compute":"100 - ChanceToTurnFriendlyWithAttractiveItem"},"Actions":[{"Type":"State","State":"Flee"}]}]},{"$Comment":"NPC becoming friendly with a player","Enabled":{"Compute":"ChanceToTurnFriendly > 0"},"Sensor":{"Type":"Target","Filters":[{"Type":"Attitude","Attitudes":["Neutral"]}]},"Type":"Random","ExecuteFor":[15,20],"Instructions":[{"Weight":{"Compute":"ChanceToTurnFriendly"},"Sensor":{"Type":"Target"},"Actions":[{"$Comment":"TODO: check what it is offseting off and potentially expose it to compute","Type":"SpawnParticles","Offset":[0,1,0],"ParticleSystem":"Hearts"},{"Type":"OverrideAttitude","Attitude":"Friendly","Duration":{"Compute":"FriendlyOverrideTime"}},{"$Comment":"Prevents the next instruction from running as soon as the player is no longer neutral","Type":"State","State":".Default"}]},{"Enabled":{"Compute":"ChanceToTurnFriendly < 100"},"Weight":{"Compute":"100 - ChanceToTurnFriendly"},"Actions":[{"Type":"State","State":"Flee"}]}]}]}]},{"Sensor":{"Type":"State","State":"Curious"},"Instructions":[{"$Comment":"Animations","Continue":true,"Sensor":{"Type":"Any","Once":true},"Actions":[{"Type":"PlayAnimation","Slot":"Status","Animation":"Curious"}]},{"$Comment":"If getting to the target takes too long, ignore and go to idle. This is also how long it will follow if this is triggered,TODO: mb could be a bit longer for the follow? ","Sensor":{"Type":"And","Sensors":[{"Type":"Target"},{"$Comment":"The item follow substates has its own timeouts","Type":"Not","Sensor":{"Type":"State","State":"Curious.Item"}}]},"Continue":true,"ActionsBlocking":true,"Actions":[{"Type":"Timeout","Delay":[7,7]},{"Type":"OverrideAttitude","Attitude":"Ignore","Duration":{"Compute":"IgnoreOverrideTime"}},{"Type":"State","State":"Idle"}]},{"$Comment":"Check if there are any potential threats nearby and flee. TODO: add more tirggers to flee","Sensor":{"Reference":"Component_Sensor_Standard_Detection","Modify":{"ViewRange":{"Compute":"ViewRange"},"ViewSector":{"Compute":"ViewSector"},"HearingRange":{"Compute":"HearingRange"},"AbsoluteDetectionRange":{"Compute":"AbsoluteDetectionRange"},"Attitudes":["Hostile"]}},"Actions":[{"Type":"State","State":"Flee.Switch"}]},{"Reference":"Component_Instruction_Damage_Check","Modify":{"_ExportStates":["Flee.Switch","Panic"],"AlertedRange":{"Compute":"AlertedRange"}}},{"$Comment":"TODO: mb potentially move secnsor component for curious, or for alerted - with parameters to be mor forgiving","Sensor":{"Type":"Or","Sensors":[{"Type":"Target","Filters":[{"Type":"Or","Filters":[{"Type":"Attitude","Attitudes":["Hostile"]},{"Type":"Combat"},{"Type":"ItemInHand","Items":["*Weapon*"]}]}]},{"Type":"Target","Filters":[{"Type":"Not","Filter":{"Type":"Attitude","Attitudes":["Friendly"]}},{"Type":"MovementState","State":"Sprinting"}]},{"Enabled":{"Compute":"Timid"},"Type":"Target","Filters":[{"Type":"MovementState","State":"Sprinting"}]},{"Type":"Target","Range":{"Compute":"AbsoluteDetectionRange"},"Filters":[{"Type":"Not","Filter":{"Type":"Attitude","Attitudes":["Friendly","Ignore"]}}]}]},"Actions":[{"Type":"State","State":"Flee.Switch"}]},{"$Comment":"We lost target","Sensor":{"Type":"Not","Sensor":{"Type":"Target","Range":{"Compute":"AlertedRange"},"Filters":[{"Type":"LineOfSight"}]}},"ActionsBlocking":true,"Actions":[{"Type":"Timeout","Delay":[0.2,0.2]},{"Type":"State","State":"Idle"}]},{"$Comment":"Moving to an attractive item","Sensor":{"Type":"State","State":".Item"},"Instructions":[{"$Comment":"Start a timer after which the NPC will lose interest in the item holder, regardless of range","Continue":true,"Sensor":{"Type":"Target"},"HeadMotion":{"Type":"Watch"},"ActionsBlocking":true,"Actions":[{"Type":"Timeout","Delay":{"Compute":"AttractiveItemsTimeout"}},{"Type":"PlayAnimation","Slot":"Status"},{"Type":"Timeout","Delay":[2,4]},{"Type":"OverrideAttitude","Attitude":"Ignore","Duration":20},{"Type":"State","State":"Idle"}]},{"$Comment":"Target too far or without attractive item","Sensor":{"Type":"And","Sensors":[{"Type":"Not","Sensor":{"Type":"Target","Range":{"Compute":"AlertedRange"},"Filters":[{"Type":"LineOfSight"},{"Type":"ItemInHand","Items":{"Compute":"AttractiveItems"}}]}},{"$Comment":"Need to do this to avoid two concurrent ItemInHand filters","Enabled":{"Compute":"!isEmptyStringArray(LovedItems)"},"Type":"Not","Sensor":{"Type":"Target","Range":{"Compute":"AlertedRange"},"Filters":[{"Type":"LineOfSight"},{"Type":"ItemInHand","Items":{"Compute":"LovedItems"}}]}}]},"ActionsBlocking":true,"Actions":[{"Type":"PlayAnimation","Slot":"Status","Animation":"Alerted"},{"Type":"Timeout","Delay":[2,3]},{"Type":"State","State":"Idle"}]},{"Sensor":{"Type":"Target","Range":2.5},"ActionsBlocking":true,"Actions":[{"Type":"Timeout","Delay":{"Compute":"AttractiveItemsSmellTimeout"}},{"Type":"PlayAnimation","Slot":"Status"},{"Type":"OverrideAttitude","Attitude":"Ignore","Duration":20},{"Type":"State","State":"Idle"}]},{"Sensor":{"Type":"Target","Range":{"Compute":"AlertedRange"}},"BodyMotion":{"Type":"Seek","SlowDownDistance":3.5,"StopDistance":2,"RelativeSpeed":0.4,"RelaxedMoveConstraints":false}}]},{"$Comment":"Moving to Greet","Sensor":{"Type":"State","State":".Greet"},"Instructions":[{"Sensor":{"Type":"Target","Range":3},"HeadMotion":{"Type":"Watch","RelativeTurnSpeed":0.5},"ActionsBlocking":true,"Actions":[{"Type":"PlayAnimation","Slot":"Status","Animation":"GreetAnimation"},{"Type":"Timeout","Delay":[2,4]},{"Type":"PlayAnimation","Slot":"Status"},{"Type":"OverrideAttitude","Attitude":"Ignore","Duration":{"Compute":"IgnoreOverrideTime"}},{"Type":"State","State":"Idle"}]},{"Sensor":{"Type":"Target","Range":{"Compute":"AlertedActionRange"}},"BodyMotion":{"Type":"Seek","SlowDownDistance":5,"StopDistance":3,"RelativeSpeed":0.4,"RelaxedMoveConstraints":false}}]},{"$Comment":"Moving to follow, stop at half alerted action range and watch a bit. TODO: flee if player sprints towards npc","Sensor":{"Type":"State","State":".Follow"},"Instructions":[{"Continue":true,"Sensor":{"Type":"Target","Range":{"Compute":"AlertedActionRange"}},"BodyMotion":{"Type":"Seek","SlowDownDistance":{"Compute":"AlertedActionRange"},"StopDistance":3,"RelativeSpeed":0.4,"RelaxedMoveConstraints":false}},{"Sensor":{"Type":"Target","Range":4},"ActionsBlocking":true,"Actions":[{"Type":"Timeout","Delay":[0.5,0.5]}],"HeadMotion":{"Type":"Watch"}}]}]},{"Sensor":{"Type":"State","State":"ReturnHome"},"Instructions":[{"$Comment":"Switch to flee state if any flock member engages a target TODO switch to attack if you are very close and can attack? otherwise flee.","Enabled":{"Compute":"!isEmptyStringArray(FlockArray)"},"Sensor":{"Type":"Beacon","Message":"Flock_Attack","TargetSlot":"LockedTarget","Range":{"Compute":"HearingRange"}},"Actions":[{"Type":"State","State":"Alerted"}]},{"Reference":"Component_Instruction_Damage_Check","Modify":{"_ExportStates":["Flee.Switch","Panic"],"AlertedRange":{"Compute":"AlertedRange"}}},{"$Comment":"Check if there are any potential things that can alert the NPC","Sensor":{"Reference":"Component_Sensor_Standard_Detection","Modify":{"ViewRange":{"Compute":"ViewRange"},"ViewSector":{"Compute":"ViewSector"},"HearingRange":{"Compute":"HearingRange"},"AbsoluteDetectionRange":{"Compute":"AbsoluteDetectionRange"},"Attitudes":["Hostile","Neutral","Friendly"]}},"Actions":[{"Type":"State","State":"Alerted"}]},{"Sensor":{"$Comment":"TODO: make them walk home, expose walking speed?","Type":"Leash","Range":{"Compute":"LeashDistance * 0.3"}},"BodyMotion":{"Type":"Seek","SlowDownDistance":1,"StopDistance":0.5,"RelativeSpeed":0.4,"UsePathfinder":true}},{"Actions":[{"Type":"SetStat","Stat":"Health","Value":1000000},{"Type":"State","State":"Idle"}]}]},{"Sensor":{"Type":"State","State":"Flee"},"Instructions":[{"$Comment":"TODO: Add a state message","Enabled":{"Compute":"!isEmptyStringArray(FlockArray)"},"Continue":true,"Sensor":{"Type":"Any","Once":true},"Actions":[{"Type":"FlockBeacon","Message":"Flock_Attack","SendTargetSlot":"LockedTarget"}]},{"Reference":"Component_Instruction_Damage_Check","Modify":{"_ExportStates":["Flee.Switch","Panic"],"AlertedRange":{"Compute":"AlertedRange"}}},{"Sensor":{"Type":"State","State":".Switch"},"Instructions":[{"Sensor":{"Type":"Target","TargetSlot":"LockedTarget","Range":{"Compute":"AttackRange"}},"Instructions":[{"Continue":true,"Sensor":{"Type":"Target","Once":true},"Actions":[{"$TODO":"Maybe friendly lifestock doesnt override it for player when hit","Type":"OverrideAttitude","Attitude":"Hostile","Duration":23}]},{"Enabled":{"Compute":"AttackWhenStartled"},"Sensor":{"Type":"Target","Filters":[{"Type":"Not","Filter":{"Type":"ViewSector","ViewSector":270}}]},"ActionsBlocking":true,"Actions":[{"Type":"PlayAnimation","Slot":"Status","Animation":"Alerted"},{"Type":"Timeout","Delay":[0.2,0.2]},{"Type":"PlayAnimation","Slot":"Status"},{"Type":"State","State":".Attack"}]},{"Actions":[{"Type":"State","State":".Default"}]}]},{"Sensor":{"Type":"Target","TargetSlot":"LockedTarget","Range":{"Compute":"AlertedRange"}},"Actions":[{"Type":"State","State":".Default"}]},{"Actions":[{"Type":"State","State":"Panic"}]}]},{"Sensor":{"Type":"State","State":".Attack"},"ActionsBlocking":true,"Actions":[{"Type":"Attack","Attack":{"Compute":"Attack"},"AttackPauseRange":[1,2]},{"Type":"Timeout","Delay":[0.3,0.3],"Action":{"Type":"State","State":".Default"}}]},{"Sensor":{"Type":"Target","Range":{"Compute":"AlertedRange + 3"}},"BodyMotion":{"Type":"Flee","SlowDownDistance":{"Compute":"AlertedRange - 3"},"StopDistance":{"Compute":"AlertedRange + 3"},"RelativeSpeed":0.68},"Actions":[{"Type":"Timeout","Delay":[8,8],"Action":{"Type":"State","State":".Switch"}}]},{"Actions":[{"Type":"Timeout","Delay":[3,6],"Action":{"Type":"State","State":"Idle"}}]}]},{"Sensor":{"Type":"State","State":"Panic"},"Instructions":[{"Continue":true,"Sensor":{"Type":"Any","Once":true},"Actions":[{"Type":"PlayAnimation","Slot":"Status","Animation":"Alerted"}]},{"Continue":true,"Actions":[{"Type":"Timeout","Delay":[6,12],"Action":{"Type":"State","State":"Idle"}}]},{"Sensor":{"Type":"Damage","Combat":true},"BodyMotion":{"Type":"Flee","SlowDownDistance":9,"StopDistance":14,"RelativeSpeed":1,"RelaxedMoveConstraints":false}},{"BodyMotion":{"Type":"WanderInCircle","Radius":10,"MaxHeadingChange":90,"RelativeSpeed":1,"RelaxedMoveConstraints":true}}]},{"Sensor":{"Type":"State","State":"$Harvest"},"Instructions":[{"$Comment":"Base harvest logic: particles, sound, alarm (always runs)","Continue":true,"Sensor":{"Type":"Any","Once":true},"Actions":[{"Type":"PlayAnimation","Slot":"Status","Animation":"Alerted"},{"Type":"SpawnParticles","Offset":[0,1,0],"ParticleSystem":{"Compute":"HarvestParticles"}},{"Type":"PlaySound","SoundEventId":{"Compute":"HarvestSound"}},{"Type":"SetAlarm","Name":"Harvest_Ready","DurationRange":{"Compute":"HarvestTimeout"}}]},{"$Comment":"Drop item only if HarvestDropList is set","Enabled":{"Compute":"!isEmpty(HarvestDropList)"},"Continue":true,"Sensor":{"Type":"Any","Once":true},"Actions":[{"Type":"DropItem","DropList":{"Compute":"HarvestDropList"},"Distance":[0.2,0.5],"Delay":[0,0],"DropSector":[-360,360],"PitchHigh":false,"ThrowSpeed":14}]},{"$Comment":"Replace Container_Bucket with milk when held","Enabled":{"Compute":"!isEmpty(HarvestAddItemBucket)"},"Continue":true,"Sensor":{"Type":"And","Sensors":[{"Type":"Any","Once":true},{"Type":"Target","Filters":[{"Type":"ItemInHand","Items":["Container_Bucket"]}]}]},"Actions":[{"Type":"Inventory","UseTarget":true,"Operation":"RemoveHeldItem"},{"Type":"Inventory","UseTarget":true,"Operation":"Add","Item":{"Compute":"HarvestAddItemBucket"},"Count":1}]},{"$Comment":"Replace Deco_Bucket with milk when held","Enabled":{"Compute":"!isEmpty(HarvestAddItemDecoBucket)"},"Continue":true,"Sensor":{"Type":"And","Sensors":[{"Type":"Any","Once":true},{"Type":"Target","Filters":[{"Type":"ItemInHand","Items":["Deco_Bucket"]}]}]},"Actions":[{"Type":"Inventory","UseTarget":true,"Operation":"RemoveHeldItem"},{"Type":"Inventory","UseTarget":true,"Operation":"Add","Item":{"Compute":"HarvestAddItemDecoBucket"},"Count":1}]},{"$Comment":"If there are configured attachments for the 'harvested' state, apply them","Enabled":{"Compute":"IsHarvestable && !isEmpty(HarvestModelSlot)"},"Continue":true,"Actions":[{"Type":"ModelAttachment","Slot":{"Compute":"HarvestModelSlot"},"Attachment":{"Compute":"HarvestModelAttachmentHarvested"}}]},{"ActionsBlocking":true,"Actions":[{"Type":"Timeout","Delay":[2,3]},{"Type":"State","State":"Flee"}]}]}]}],"InteractionInstruction":{"Enabled":{"Compute":"IsHarvestable || IsMountable"},"Instructions":[{"Enabled":{"Compute":"IsHarvestable"},"Instructions":[{"Sensor":{"$Comment":"Check the negative first so we can exit early and avoid the rest of the logic","Type":"Not","Sensor":{"Type":"And","Sensors":[{"Type":"Alarm","Name":"Harvest_Ready","State":"Unset"},{"Type":"CanInteract","Attitudes":{"Compute":"HarvestRequiredAttitudes"}}]}},"Actions":[{"Type":"SetInteractable","Interactable":false}]},{"$Comment":"Allow contextual interactions (shearing) but hide F key prompt","Continue":true,"Sensor":{"Type":"Any"},"Actions":[{"Type":"SetInteractable","Interactable":true,"ShowPrompt":false}]},{"$Comment":"Harvest action triggered by left-click with appropriate tool","Sensor":{"Type":"And","Sensors":[{"Enabled":{"Compute":"!isEmpty(HarvestInteractionContext)"},"Type":"InteractionContext","Context":{"Compute":"HarvestInteractionContext"}},{"Type":"Alarm","Name":"Harvest_Ready","State":"Unset"}]},"Actions":[{"Type":"State","State":"$Harvest"}]}]},{"Enabled":{"Compute":"IsMountable"},"Instructions":[{"Sensor":{"Type":"Not","Sensor":{"$Comment":"Check the negative first so we can exit early and avoid the rest of the logic","Type":"CanInteract","ViewSector":360,"Attitudes":["Friendly","Revered"]}},"Actions":[{"Type":"SetInteractable","Interactable":false}]},{"Continue":true,"Sensor":{"Type":"Any"},"Actions":[{"Type":"SetInteractable","Interactable":true,"Hint":"server.interactionHints.mount"}]},{"Sensor":{"Type":"HasInteracted"},"Actions":[{"Type":"Mount","AnchorX":{"Compute":"MountAnchorX"},"AnchorY":{"Compute":"MountAnchorY"},"AnchorZ":{"Compute":"MountAnchorZ"},"MovementConfig":{"Compute":"MountMovementConfig"}}]}]}]},"NameTranslationKey":{"Compute":"NameTranslationKey"}}...)
[2026/02/05 01:19:06   INFO] [World|instance-CreativeHub-b3e10ce5-f66a-4568-bc87-cb2d5da68612|M] Initializing world map generator: com.hypixel.hytale.server.core.universe.world.worldmap.provider.DisabledWorldMapProvider$DisabledWorldMap@1557ac18
[2026/02/05 01:19:06   INFO] [World|instance-CreativeHub-957745bb-8267-4550-9047-f369d82575d4|M] Initializing world map generator: com.hypixel.hytale.server.core.universe.world.worldmap.provider.DisabledWorldMapProvider$DisabledWorldMap@1557ac18
[2026/02/05 01:19:06   INFO] [World|instance-CreativeHub-47cbd10a-e6e3-4219-a2ac-6ef510f19559|M] Initializing world map generator: com.hypixel.hytale.server.core.universe.world.worldmap.provider.DisabledWorldMapProvider$DisabledWorldMap@1557ac18
[2026/02/05 01:19:06   WARN]                          [NPC|P] Replacing asset 'Ram' of file '/Server/NPC/Roles/Creature/Livestock/Ram.json' with other file '/Server/NPC/Roles/Creature/Livestock/Ram.json'
[2026/02/05 01:19:06   WARN]                          [NPC|P] Replacing asset 'Horse_Skeleton_Armored' of file '/Server/NPC/Roles/Undead/Horse_Skeleton_Armored.json' with other file '/Server/NPC/Roles/Creature/Livestock/Horse_Skeleton_Armored.json'
[2026/02/05 01:19:06   WARN]                          [NPC|P] Replacing asset 'Horse_Skeleton' of file '/Server/NPC/Roles/Undead/Horse_Skeleton.json' with other file '/Server/NPC/Roles/Creature/Livestock/Horse_Skeleton.json'
[2026/02/05 01:19:06   WARN]                          [NPC|P] Replacing asset 'Horse' of file '/Server/NPC/Roles/Creature/Livestock/Horse.json' with other file '/Server/NPC/Roles/Creature/Livestock/Horse.json'
[2026/02/05 01:19:06   INFO]                          [NPC|P] Validating loaded NPC configurations...
[2026/02/05 01:19:06   WARN]                          [NPC|P] Animation Eat does not exist for model Trillodon!
[2026/02/05 01:19:06   WARN]                          [NPC|P] Animation Curious does not exist for model Trillodon!
[2026/02/05 01:19:06   WARN]                          [NPC|P] Animation GreetAnimation does not exist for model Trillodon!
[2026/02/05 01:19:06   WARN]                          [NPC|P] Animation Eat does not exist for model Spark_Living!
[2026/02/05 01:19:06   WARN]                          [NPC|P] Animation Curious does not exist for model Spark_Living!
[2026/02/05 01:19:06   WARN]                          [NPC|P] Animation GreetAnimation does not exist for model Spark_Living!
[2026/02/05 01:19:06   WARN]                          [NPC|P] Animation GreetAnimation does not exist for model Tortoise!
[2026/02/05 01:19:06   WARN]                          [NPC|P] Animation Eat does not exist for model Lizard_Sand!
[2026/02/05 01:19:06   WARN]                          [NPC|P] Animation Curious does not exist for model Lizard_Sand!
[2026/02/05 01:19:06   WARN]                          [NPC|P] Animation GreetAnimation does not exist for model Lizard_Sand!
[2026/02/05 01:19:06   WARN]                          [NPC|P] Animation Wave does not exist for model Temple_Mithril_Guard!
[2026/02/05 01:19:06   WARN]                          [NPC|P] Animation Rally does not exist for model Outlander_Sorcerer!
[2026/02/05 01:19:06   WARN]                          [NPC|P] Animation Alerted does not exist for model Scarak_Broodmother!
[2026/02/05 01:19:06   WARN]                          [NPC|P] Animation Leap does not exist for model Goblin_Duke_Large!
[2026/02/05 01:19:06   WARN]                          [NPC|P] Animation Sleep does not exist for model Slug_Magma!
[2026/02/05 01:19:06   WARN]                          [NPC|P] Animation Alerted does not exist for model Slug_Magma!
[2026/02/05 01:19:06   WARN]                          [NPC|P] Animation Laydown does not exist for model Slug_Magma!
[2026/02/05 01:19:06   WARN]                          [NPC|P] Animation Wake does not exist for model Slug_Magma!
[2026/02/05 01:19:06   WARN]                          [NPC|P] Animation Eat does not exist for model Hatworm!
[2026/02/05 01:19:06   WARN]                          [NPC|P] Animation Curious does not exist for model Hatworm!
[2026/02/05 01:19:06   WARN]                          [NPC|P] Animation GreetAnimation does not exist for model Hatworm!
[2026/02/05 01:19:06   WARN]                          [NPC|P] Animation Leap does not exist for model Goblin_Duke!
[2026/02/05 01:19:06   WARN]                          [NPC|P] Animation Alerted does not exist for model Kweebec_Rootling!
[2026/02/05 01:19:06   WARN]                          [NPC|P] Animation Sleep does not exist for model Tuluk_Fisherman!
[2026/02/05 01:19:06   WARN]                          [NPC|P] Animation Alerted does not exist for model Tuluk_Fisherman!
[2026/02/05 01:19:06   WARN]                          [NPC|P] Animation Laydown does not exist for model Tuluk_Fisherman!
[2026/02/05 01:19:06   WARN]                          [NPC|P] Animation Wake does not exist for model Tuluk_Fisherman!
[2026/02/05 01:19:06   WARN]                          [NPC|P] Animation Alerted does not exist for model Scarak_Broodmother!
[2026/02/05 01:19:06   WARN]                          [NPC|P] Animation Wave does not exist for model Frog_Blue!
[2026/02/05 01:19:06   WARN]                          [NPC|P] Animation Wave does not exist for model Frog_Orange!
[2026/02/05 01:19:06   INFO]                 [WorldGenerator] Set prefab-store to: ASSETS
[2026/02/05 01:19:06   INFO]                 [WorldGenerator] Set prefab-store to: ASSETS
[2026/02/05 01:19:06   WARN]                          [NPC|P] Animation Alerted does not exist for model Scarak_Broodmother!
[2026/02/05 01:19:06   WARN]                          [NPC|P] Animation Leap does not exist for model Goblin_Duke!
[2026/02/05 01:19:06   WARN]                          [NPC|P] Animation Sleep does not exist for model Wraith_Lantern!
[2026/02/05 01:19:06   WARN]                          [NPC|P] Animation Alerted does not exist for model Wraith_Lantern!
[2026/02/05 01:19:06   WARN]                          [NPC|P] Animation Laydown does not exist for model Wraith_Lantern!
[2026/02/05 01:19:06   WARN]                          [NPC|P] Animation Wake does not exist for model Wraith_Lantern!
[2026/02/05 01:19:06   WARN]                          [NPC|P] Animation Rally does not exist for model Outlander_Priest!
[2026/02/05 01:19:06   INFO]                          [NPC|P] Validation complete.
[2026/02/05 01:19:06   INFO]                          [NPC|P] Loaded 902 NPC configurations, Abstract: 1, Variant: 8
-=|Starting|100.0
[2026/02/05 01:19:06   INFO]                  [PluginManager] Enabled plugin HF:HorseFollow
[2026/02/05 01:19:06   INFO]                   [HytaleServer] Plugin manager started! Startup time so far: 14sec 597ms 547us 600ns
-=|Enabled|0
[2026/02/05 01:19:06   INFO]                   [HytaleServer] Getting Hytale Universe ready...
[2026/02/05 01:19:06   INFO]     [World|zone3_taiga1_world|M] Generating Points of Interest...
[2026/02/05 01:19:06   INFO]     [World|zone3_taiga1_world|M] Finished Generating Points of Interest!
[2026/02/05 01:19:06   INFO] [World|instance-CreativeHub-b3e10ce5-f66a-4568-bc87-cb2d5da68612|M] Generating Points of Interest...
[2026/02/05 01:19:06   INFO] [World|instance-CreativeHub-b3e10ce5-f66a-4568-bc87-cb2d5da68612|M] Finished Generating Points of Interest!
[2026/02/05 01:19:06   INFO] [World|instance-CreativeHub-b3e10ce5-f66a-4568-bc87-cb2d5da68612] Removing individual world: instance-CreativeHub-b3e10ce5-f66a-4568-bc87-cb2d5da68612
[2026/02/05 01:19:06   INFO] [World|instance-CreativeHub-47cbd10a-e6e3-4219-a2ac-6ef510f19559|M] Generating Points of Interest...
[2026/02/05 01:19:06   INFO] [World|instance-CreativeHub-47cbd10a-e6e3-4219-a2ac-6ef510f19559|M] Finished Generating Points of Interest!
[2026/02/05 01:19:06   INFO] [World|instance-CreativeHub-b3e10ce5-f66a-4568-bc87-cb2d5da68612] Stopping world instance-CreativeHub-b3e10ce5-f66a-4568-bc87-cb2d5da68612...
[2026/02/05 01:19:06   INFO] [World|instance-CreativeHub-b3e10ce5-f66a-4568-bc87-cb2d5da68612] Stopping background threads...
[2026/02/05 01:19:06   INFO] [World|instance-CreativeHub-b3e10ce5-f66a-4568-bc87-cb2d5da68612] Removing players...
[2026/02/05 01:19:06   INFO] [World|instance-CreativeHub-b3e10ce5-f66a-4568-bc87-cb2d5da68612] Waiting for loading chunks...
[2026/02/05 01:19:06   INFO] [World|instance-CreativeHub-b3e10ce5-f66a-4568-bc87-cb2d5da68612] Shutting down stores...
-=|Saving world 'instance-CreativeHub-b3e10ce5-f66a-4568-bc87-cb2d5da68612'|0
[2026/02/05 01:19:06   INFO] [World|instance-CreativeHub-b3e10ce5-f66a-4568-bc87-cb2d5da68612] Shutting down chunk generator...
[2026/02/05 01:19:06   INFO] [World|instance-CreativeHub-b3e10ce5-f66a-4568-bc87-cb2d5da68612] Saving Chunks...
[2026/02/05 01:19:06   INFO] [World|instance-CreativeHub-b3e10ce5-f66a-4568-bc87-cb2d5da68612] Queuing Chunks...
[2026/02/05 01:19:06   INFO] [World|instance-CreativeHub-b3e10ce5-f66a-4568-bc87-cb2d5da68612] Saving All Chunks...
[2026/02/05 01:19:06   INFO] [World|instance-CreativeHub-b3e10ce5-f66a-4568-bc87-cb2d5da68612] Waiting for Saving Chunks...
[2026/02/05 01:19:06   INFO] [World|instance-CreativeHub-b3e10ce5-f66a-4568-bc87-cb2d5da68612] Done Saving Chunks!
[2026/02/05 01:19:06   INFO]                 [WorldGenerator] ChunkGenerator-1 executor shutdown complete
[2026/02/05 01:19:06   INFO] [World|instance-CreativeHub-47cbd10a-e6e3-4219-a2ac-6ef510f19559] Removing individual world: instance-CreativeHub-47cbd10a-e6e3-4219-a2ac-6ef510f19559
[2026/02/05 01:19:06   INFO] [World|instance-CreativeHub-47cbd10a-e6e3-4219-a2ac-6ef510f19559] Stopping world instance-CreativeHub-47cbd10a-e6e3-4219-a2ac-6ef510f19559...
[2026/02/05 01:19:06   INFO] [World|instance-CreativeHub-47cbd10a-e6e3-4219-a2ac-6ef510f19559] Stopping background threads...
[2026/02/05 01:19:06   INFO] [World|instance-CreativeHub-47cbd10a-e6e3-4219-a2ac-6ef510f19559] Removing players...
[2026/02/05 01:19:06   INFO] [World|instance-CreativeHub-47cbd10a-e6e3-4219-a2ac-6ef510f19559] Waiting for loading chunks...
[2026/02/05 01:19:06   INFO]            [PlayerSavingSystems] Disconnecting Players...
[2026/02/05 01:19:06   INFO] [World|instance-CreativeHub-b3e10ce5-f66a-4568-bc87-cb2d5da68612] Saving Config...
[2026/02/05 01:19:06   INFO] [World|instance-CreativeHub-47cbd10a-e6e3-4219-a2ac-6ef510f19559] Shutting down stores...
-=|Saving world 'instance-CreativeHub-47cbd10a-e6e3-4219-a2ac-6ef510f19559'|0
[2026/02/05 01:19:06   INFO] [World|instance-CreativeHub-47cbd10a-e6e3-4219-a2ac-6ef510f19559] Shutting down chunk generator...
[2026/02/05 01:19:06   INFO]                 [WorldGenerator] ChunkGenerator-2 executor shutdown complete
[2026/02/05 01:19:06   INFO] [World|instance-CreativeHub-47cbd10a-e6e3-4219-a2ac-6ef510f19559] Saving Chunks...
[2026/02/05 01:19:06   INFO] [World|instance-CreativeHub-47cbd10a-e6e3-4219-a2ac-6ef510f19559] Queuing Chunks...
[2026/02/05 01:19:06   INFO] [World|instance-CreativeHub-47cbd10a-e6e3-4219-a2ac-6ef510f19559] Saving All Chunks...
[2026/02/05 01:19:06   INFO] [World|instance-CreativeHub-47cbd10a-e6e3-4219-a2ac-6ef510f19559] Waiting for Saving Chunks...
[2026/02/05 01:19:06   INFO] [World|instance-CreativeHub-47cbd10a-e6e3-4219-a2ac-6ef510f19559] Done Saving Chunks!
-=|Closing world 'instance-CreativeHub-b3e10ce5-f66a-4568-bc87-cb2d5da68612'|0
[2026/02/05 01:19:06   INFO] [World|instance-CreativeHub-957745bb-8267-4550-9047-f369d82575d4|M] Generating Points of Interest...
[2026/02/05 01:19:06   INFO] [World|instance-CreativeHub-957745bb-8267-4550-9047-f369d82575d4|M] Finished Generating Points of Interest!
[2026/02/05 01:19:06   INFO]            [PlayerSavingSystems] Disconnecting Players...
[2026/02/05 01:19:06   INFO] [World|instance-CreativeHub-47cbd10a-e6e3-4219-a2ac-6ef510f19559] Saving Config...
-=|Closing world 'instance-CreativeHub-47cbd10a-e6e3-4219-a2ac-6ef510f19559'|0
[2026/02/05 01:19:06   INFO] [World|instance-CreativeHub-957745bb-8267-4550-9047-f369d82575d4] Removing individual world: instance-CreativeHub-957745bb-8267-4550-9047-f369d82575d4
[2026/02/05 01:19:06   INFO] [World|instance-CreativeHub-957745bb-8267-4550-9047-f369d82575d4] Stopping world instance-CreativeHub-957745bb-8267-4550-9047-f369d82575d4...
[2026/02/05 01:19:06   INFO] [World|instance-CreativeHub-957745bb-8267-4550-9047-f369d82575d4] Stopping background threads...
[2026/02/05 01:19:06   INFO] [World|instance-CreativeHub-957745bb-8267-4550-9047-f369d82575d4] Removing players...
[2026/02/05 01:19:06   INFO] [World|instance-CreativeHub-957745bb-8267-4550-9047-f369d82575d4] Waiting for loading chunks...
[2026/02/05 01:19:06   INFO] [World|instance-CreativeHub-957745bb-8267-4550-9047-f369d82575d4] Shutting down stores...
-=|Saving world 'instance-CreativeHub-957745bb-8267-4550-9047-f369d82575d4'|0
[2026/02/05 01:19:06   INFO] [World|instance-CreativeHub-957745bb-8267-4550-9047-f369d82575d4] Shutting down chunk generator...
[2026/02/05 01:19:06   INFO] [World|instance-CreativeHub-957745bb-8267-4550-9047-f369d82575d4] Saving Chunks...
[2026/02/05 01:19:06   INFO] [World|instance-CreativeHub-957745bb-8267-4550-9047-f369d82575d4] Queuing Chunks...
[2026/02/05 01:19:06   INFO] [World|instance-CreativeHub-957745bb-8267-4550-9047-f369d82575d4] Saving All Chunks...
[2026/02/05 01:19:06   INFO] [World|instance-CreativeHub-957745bb-8267-4550-9047-f369d82575d4] Waiting for Saving Chunks...
[2026/02/05 01:19:06   INFO] [World|instance-CreativeHub-957745bb-8267-4550-9047-f369d82575d4] Done Saving Chunks!
[2026/02/05 01:19:06   INFO]                 [WorldGenerator] ChunkGenerator-0 executor shutdown complete
[2026/02/05 01:19:06   INFO]            [PlayerSavingSystems] Disconnecting Players...
[2026/02/05 01:19:06   INFO] [World|instance-CreativeHub-957745bb-8267-4550-9047-f369d82575d4] Saving Config...
-=|Closing world 'instance-CreativeHub-957745bb-8267-4550-9047-f369d82575d4'|0
[2026/02/05 01:19:08   INFO]                 [WorldGenerator] Initialized ChunkGenerator-3 executor
[2026/02/05 01:19:08   INFO]                 [WorldGenerator] Found location for unique zone 'Zone1_Spawn' -> Position: {-194, 44}, Score: 76.48%, Time: 1ms
[2026/02/05 01:19:08   INFO]                 [WorldGenerator] Found location for unique zone 'Zone1_Temple' -> Position: {-443, 30}, Score: 93.08%, Time: 0ms
[2026/02/05 01:19:08   INFO]                 [WorldGenerator] Initialized ChunkGenerator-4 executor
[2026/02/05 01:19:08   INFO]                 [WorldGenerator] Found location for unique zone 'Zone1_Spawn' -> Position: {-205, 218}, Score: 91.89%, Time: 0ms
[2026/02/05 01:19:08   INFO]                 [WorldGenerator] Found location for unique zone 'Zone1_Temple' -> Position: {-453, 187}, Score: 85.84%, Time: 0ms
[2026/02/05 01:19:08   INFO] [World|default_world|M] Initializing world map generator: com.hypixel.hytale.server.worldgen.map.GeneratorChunkWorldMap@66ce41e2
[2026/02/05 01:19:08   INFO]       [World|default|M] Initializing world map generator: com.hypixel.hytale.server.worldgen.map.GeneratorChunkWorldMap@22156228
[2026/02/05 01:19:08   INFO]       [World|default|M] Generating Points of Interest...
[2026/02/05 01:19:08   INFO] [World|default_world|M] Generating Points of Interest...
[2026/02/05 01:19:08   INFO] [World|default_world|M] Finished Generating Points of Interest!
[2026/02/05 01:19:08   INFO]       [World|default|M] Finished Generating Points of Interest!
[2026/02/05 01:19:08   INFO]            [Teleport|P] Loaded 0 warps (No warps.json found)
[2026/02/05 01:19:08   INFO]          [HytaleServer] Universe ready!
[2026/02/05 01:19:08   INFO]         [AssetModule|P] Total Loaded Assets: Interaction: 7223, RootInteraction: 5392, BlockType: 3953, Item: 3010, CraftingRecipe: 1647, ParticleSpawner: 1584, SoundEvent: 1167, ItemDropList: 728, ParticleSystem: 535, ModelAsset: 434, SpawnMarker: 243, BlockBoundingBoxes: 234, Condition: 228, ItemPlayerAnimations: 184, EntityEffect: 175, AmbienceFX: 167, TagPattern: 126, ResourceType: 124, Environment: 117, AssignmentsAsset: 111, ProjectileConfig: 111, WorldNPCSpawn: 96, AudioCategory: 94, CombatActionOption: 87, Projectile: 86, Weather: 86, PrefabListAsset: 77, BeaconNPCSpawn: 75, NPCGroup: 72, BiomeAsset: 69, Trail: 59, FlockAsset: 58, BlockSet: 56, BlockSoundSet: 53, CameraShake: 49, CameraEffect: 49, BalanceAsset: 48, BlockSpawnerTable: 46, BlockGroup: 43, ScriptedBrushAsset: 38, ItemSoundSet: 36, ModelVFX: 33, BlockParticleSet: 30, AttitudeGroup: 27, ReverbEffect: 22, ItemToolSpec: 17, Fluid: 15, DamageCause: 15, WorldStructureAsset: 14, EntityStatType: 13, ObjectiveAsset: 12, ResponseCurve: 12, ItemQuality: 12, BlockTypeListAsset: 12, ViewBobbing: 12, CustomConnectedBlockTemplateAsset: 11, BlockMigration: 11, DensityAsset: 9, MacroCommandBuilder: 8, FluidFX: 5, GameplayConfig: 5, PortalType: 5, GrowthModifierAsset: 4, ItemCategory: 4, BlockBreakingDecal: 4, ObjectiveLocationMarkerAsset: 4, UnarmedInteractions: 3, SpawnSuppression: 3, ItemReticleConfig: 3, EqualizerEffect: 3, MovementConfig: 3, BarterShopAsset: 2, EntityUIComponent: 2, RepulsionConfig: 2, SoundSet: 2, ObjectiveLineAsset: 2, HitboxCollisionConfig: 2, GameModeType: 2, ReachLocationMarkerAsset: 1, WordList: 1, FieldcraftCategory: 1, ItemAttitudeGroup: 1, PrefabEditorCreationSettings: 1, FarmingCoopAsset: 1, SettingsAsset: 1, BuilderToolItemReferenceAsset: 1, ShopAsset: 0, ReputationRank: 0, DeployableSpawner: 0, BlockMaskAsset: 0, ReputationGroup: 0
[2026/02/05 01:19:08   INFO]          [HytaleServer] ===============================================================================================
[2026/02/05 01:19:08   INFO]          [HytaleServer]          Hytale Server Booted! [Singleplayer] took 16sec 526ms 564us 100ns
[2026/02/05 01:19:08   INFO]          [HytaleServer] ===============================================================================================
>> Singleplayer Ready <<
[2026/02/05 01:19:08   INFO]         [QUICTransport] Received connection from QuicConnectionAddress{connId=} (/127.0.0.1:54032) to QuicConnectionAddress{connId=08b0ac8318722ad7ad3211a662eb53ac414c5ca7} (/127.0.0.1:54406)
[2026/02/05 01:19:09   INFO]                [Hytale] Received stream QuicConnectionAddress{connId=08b0ac8318722ad7ad3211a662eb53ac414c5ca7} (/127.0.0.1:54032, streamId=0) to QuicConnectionAddress{connId=08b0ac8318722ad7ad3211a662eb53ac414c5ca7} (/127.0.0.1:54406, streamId=0)
[2026/02/05 01:19:09 FINEST]           [LoginTiming] [{Initial(QuicConnectionAddress{connId=08b0ac8318722ad7ad3211a662eb53ac414c5ca7} (/127.0.0.1:54032, streamId=0))}] Entering stage 'initial'
[2026/02/05 01:19:09   FINE]           [LoginTiming] [{Initial(QuicConnectionAddress{connId=08b0ac8318722ad7ad3211a662eb53ac414c5ca7} (/127.0.0.1:54032, streamId=0))}] Registered took 390us 600ns
[2026/02/05 01:19:09   FINE]           [LoginTiming] [{Initial(QuicConnectionAddress{connId=08b0ac8318722ad7ad3211a662eb53ac414c5ca7} (/127.0.0.1:54032, streamId=0))}] Connect took 278ms 734us 400ns
[2026/02/05 01:19:09   INFO]                [Hytale] Starting authenticated flow for Dazzakeen (768c6cbd-0c10-4fdf-9010-541faf4bd7bc) from QuicConnectionAddress{connId=08b0ac8318722ad7ad3211a662eb53ac414c5ca7} (/127.0.0.1:54032, streamId=0)
[2026/02/05 01:19:09   INFO]  [SessionServiceClient] Session Service client initialized for: https://sessions.hytale.com
[2026/02/05 01:19:09   INFO]  [SessionServiceClient] Successfully fetched JWKS with 1 keys
[2026/02/05 01:19:09   INFO]          [JWTValidator] JWKS loaded with 1 keys (cached permanently)
[2026/02/05 01:19:09   INFO]          [JWTValidator] Identity token validated successfully for user Dazzakeen (UUID: 768c6cbd-0c10-4fdf-9010-541faf4bd7bc)
[2026/02/05 01:19:09   INFO]      [HandshakeHandler] Identity token validated for Dazzakeen (UUID: 768c6cbd-0c10-4fdf-9010-541faf4bd7bc, scope: hytale:client) from QuicConnectionAddress{connId=08b0ac8318722ad7ad3211a662eb53ac414c5ca7} (/127.0.0.1:54032, streamId=0), requesting auth grant
[2026/02/05 01:19:09 FINEST]           [LoginTiming] [{Authenticating(QuicConnectionAddress{connId=08b0ac8318722ad7ad3211a662eb53ac414c5ca7} (/127.0.0.1:54032, streamId=0)), authHandlerSupplier=com.hypixel.hytale.server.core.io.handlers.InitialPacketHandler$$Lambda/0x000000001b6ba800@64ddc242}] Entering stage 'auth:grant' took 299ms 869us 400ns
[2026/02/05 01:19:09   INFO]  [SessionServiceClient] Requesting authorization grant with identity token, aud='af200d05-6c8a-4f08-9b4b-ede25fb84d3a'
[2026/02/05 01:19:09   INFO]  [SessionServiceClient] Successfully obtained authorization grant
[2026/02/05 01:19:09   INFO]      [HandshakeHandler] Sending AuthGrant to QuicConnectionAddress{connId=08b0ac8318722ad7ad3211a662eb53ac414c5ca7} (/127.0.0.1:54032, streamId=0) (with server identity: true)
[2026/02/05 01:19:09 FINEST]           [LoginTiming] [{Authenticating(QuicConnectionAddress{connId=08b0ac8318722ad7ad3211a662eb53ac414c5ca7} (/127.0.0.1:54032, streamId=0)), authHandlerSupplier=com.hypixel.hytale.server.core.io.handlers.InitialPacketHandler$$Lambda/0x000000001b6ba800@64ddc242}] Entering stage 'auth:token' took 215ms 163us 500ns
[2026/02/05 01:19:10   INFO]      [HandshakeHandler] Received AuthToken from QuicConnectionAddress{connId=08b0ac8318722ad7ad3211a662eb53ac414c5ca7} (/127.0.0.1:54032, streamId=0), validating JWT (mTLS cert present: true, server auth grant: true)
[2026/02/05 01:19:10   INFO]       [CertificateUtil] Certificate binding validated successfully
[2026/02/05 01:19:10   INFO]          [JWTValidator] JWT validated successfully for user Dazzakeen (UUID: 768c6cbd-0c10-4fdf-9010-541faf4bd7bc)
[2026/02/05 01:19:10 FINEST]           [LoginTiming] [{Authenticating(QuicConnectionAddress{connId=08b0ac8318722ad7ad3211a662eb53ac414c5ca7} (/127.0.0.1:54032, streamId=0)), authHandlerSupplier=com.hypixel.hytale.server.core.io.handlers.InitialPacketHandler$$Lambda/0x000000001b6ba800@64ddc242}] Entering stage 'auth:server-exchange' took 578ms 918us 800ns
[2026/02/05 01:19:10   INFO]  [SessionServiceClient] Exchanging authorization grant for access token
[2026/02/05 01:19:10   INFO]  [SessionServiceClient] Successfully obtained access token
[2026/02/05 01:19:10   INFO]      [HandshakeHandler] Sending ServerAuthToken to QuicConnectionAddress{connId=08b0ac8318722ad7ad3211a662eb53ac414c5ca7} (/127.0.0.1:54032, streamId=0) (with password challenge: false)
[2026/02/05 01:19:10   INFO]      [HandshakeHandler] Mutual authentication complete for Dazzakeen (768c6cbd-0c10-4fdf-9010-541faf4bd7bc) from QuicConnectionAddress{connId=08b0ac8318722ad7ad3211a662eb53ac414c5ca7} (/127.0.0.1:54032, streamId=0)
[2026/02/05 01:19:10   FINE]           [LoginTiming] [{Authenticating(QuicConnectionAddress{connId=08b0ac8318722ad7ad3211a662eb53ac414c5ca7} (/127.0.0.1:54032, streamId=0)), authHandlerSupplier=com.hypixel.hytale.server.core.io.handlers.InitialPacketHandler$$Lambda/0x000000001b6ba800@64ddc242}] Authenticated took 202ms 285us 400ns
[2026/02/05 01:19:10   INFO] [PasswordPacketHandler] Connection complete for Dazzakeen (768c6cbd-0c10-4fdf-9010-541faf4bd7bc), transitioning to setup
[2026/02/05 01:19:10 FINEST]           [LoginTiming] [{Setup(QuicConnectionAddress{connId=08b0ac8318722ad7ad3211a662eb53ac414c5ca7} (/127.0.0.1:54032, streamId=0)), Dazzakeen, 768c6cbd-0c10-4fdf-9010-541faf4bd7bc, SECURE}] Entering stage 'setup:world-settings' took 1ms 243us 600ns
[2026/02/05 01:19:10   FINE]           [LoginTiming] [{Setup(QuicConnectionAddress{connId=08b0ac8318722ad7ad3211a662eb53ac414c5ca7} (/127.0.0.1:54032, streamId=0)), Dazzakeen, 768c6cbd-0c10-4fdf-9010-541faf4bd7bc, SECURE}] Load Player Config took 1ms 83us 400ns
[2026/02/05 01:19:10 FINEST]           [LoginTiming] [{Setup(QuicConnectionAddress{connId=08b0ac8318722ad7ad3211a662eb53ac414c5ca7} (/127.0.0.1:54032, streamId=0)), Dazzakeen, 768c6cbd-0c10-4fdf-9010-541faf4bd7bc, SECURE}] Entering stage 'setup:assets-request' took 61ms 927us 300ns
[2026/02/05 01:19:10   FINE]           [LoginTiming] [{Setup(QuicConnectionAddress{connId=08b0ac8318722ad7ad3211a662eb53ac414c5ca7} (/127.0.0.1:54032, streamId=0)), Dazzakeen, 768c6cbd-0c10-4fdf-9010-541faf4bd7bc, SECURE}] Request Assets took 172ms 995us 800ns
[2026/02/05 01:19:10 FINEST]           [LoginTiming] [{Setup(QuicConnectionAddress{connId=08b0ac8318722ad7ad3211a662eb53ac414c5ca7} (/127.0.0.1:54032, streamId=0)), Dazzakeen, 768c6cbd-0c10-4fdf-9010-541faf4bd7bc, SECURE}] Entering stage 'setup:send-assets' took 796us 100ns
[2026/02/05 01:19:10   FINE]           [LoginTiming] [{Setup(QuicConnectionAddress{connId=08b0ac8318722ad7ad3211a662eb53ac414c5ca7} (/127.0.0.1:54032, streamId=0)), Dazzakeen, 768c6cbd-0c10-4fdf-9010-541faf4bd7bc, SECURE}] Send Common Assets took 89us 700ns
[2026/02/05 01:19:10   WARN]                [Hytale] Missing interaction Effect
[2026/02/05 01:19:11   FINE]           [LoginTiming] [{Setup(QuicConnectionAddress{connId=08b0ac8318722ad7ad3211a662eb53ac414c5ca7} (/127.0.0.1:54032, streamId=0)), Dazzakeen, 768c6cbd-0c10-4fdf-9010-541faf4bd7bc, SECURE}] Send Config Assets took 456ms 72us 400ns
[2026/02/05 01:19:13   FINE]           [LoginTiming] [{Setup(QuicConnectionAddress{connId=08b0ac8318722ad7ad3211a662eb53ac414c5ca7} (/127.0.0.1:54032, streamId=0)), Dazzakeen, 768c6cbd-0c10-4fdf-9010-541faf4bd7bc, SECURE}] Player Options took 2sec 238ms 781us 900ns
[2026/02/05 01:19:13   INFO]            [Universe|P] Adding player 'Dazzakeen (768c6cbd-0c10-4fdf-9010-541faf4bd7bc)
[2026/02/05 01:19:13 FINEST]           [LoginTiming] [{Setup(QuicConnectionAddress{connId=08b0ac8318722ad7ad3211a662eb53ac414c5ca7} (/127.0.0.1:54032, streamId=0)), Dazzakeen, 768c6cbd-0c10-4fdf-9010-541faf4bd7bc, SECURE}] Entering stage 'setup:add-to-universe' took 11ms 390us 500ns
[2026/02/05 01:19:13 FINEST]           [LoginTiming] [{Setup(QuicConnectionAddress{connId=08b0ac8318722ad7ad3211a662eb53ac414c5ca7} (/127.0.0.1:54032, streamId=0)), Dazzakeen, 768c6cbd-0c10-4fdf-9010-541faf4bd7bc, SECURE}] Load Player Config took 25ms 711us 700ns
[2026/02/05 01:19:13 FINEST]           [LoginTiming] [{Playing(QuicConnectionAddress{connId=08b0ac8318722ad7ad3211a662eb53ac414c5ca7} (/127.0.0.1:54032, streamId=0)), 768c6cbd-0c10-4fdf-9010-541faf4bd7bc, Dazzakeen}] Processed Referral took 2ms 983us
[2026/02/05 01:19:13   WARN]                [Hytale] {Playing(QuicConnectionAddress{connId=08b0ac8318722ad7ad3211a662eb53ac414c5ca7} (/127.0.0.1:54032, streamId=0)), 768c6cbd-0c10-4fdf-9010-541faf4bd7bc, Dazzakeen} Added future for ClientReady packet?
[2026/02/05 01:19:13   INFO]   [World|default_world] Adding player 'Dazzakeen' to world 'default_world' at location null (768c6cbd-0c10-4fdf-9010-541faf4bd7bc)
[2026/02/05 01:19:13   INFO]                [Hytale] {Playing(QuicConnectionAddress{connId=08b0ac8318722ad7ad3211a662eb53ac414c5ca7} (/127.0.0.1:54032, streamId=0)), 768c6cbd-0c10-4fdf-9010-541faf4bd7bc, Dazzakeen}: Sent com.hypixel.hytale.protocol.packets.player.JoinWorld@4b0de088
[2026/02/05 01:19:14   WARN]                [Hytale] {Playing(QuicConnectionAddress{connId=08b0ac8318722ad7ad3211a662eb53ac414c5ca7} (/127.0.0.1:54032, streamId=0)), 768c6cbd-0c10-4fdf-9010-541faf4bd7bc, Dazzakeen}: Received com.hypixel.hytale.protocol.packets.player.ClientReady@9da7
[2026/02/05 01:19:14   INFO]   [World|default_world] Player 'Dazzakeen' joined world 'default_world' at location Vector3d{x=-280.5220947265625, y=137.0, z=1108.3936767578125} (768c6cbd-0c10-4fdf-9010-541faf4bd7bc)
[2026/02/05 01:19:14 FINEST]           [LoginTiming] [{Playing(QuicConnectionAddress{connId=08b0ac8318722ad7ad3211a662eb53ac414c5ca7} (/127.0.0.1:54032, streamId=0)), 768c6cbd-0c10-4fdf-9010-541faf4bd7bc, Dazzakeen}] Add to World took 645ms 313us
[2026/02/05 01:19:14   FINE]           [LoginTiming] [{Playing(QuicConnectionAddress{connId=08b0ac8318722ad7ad3211a662eb53ac414c5ca7} (/127.0.0.1:54032, streamId=0)), 768c6cbd-0c10-4fdf-9010-541faf4bd7bc, Dazzakeen}] Add To Universe took 104us 400ns
[2026/02/05 01:19:14   WARN]   [World|default_world] Task took 41ms 250us 800ns ns: java.util.concurrent.CompletableFuture$UniApply@27276d49
[2026/02/05 01:19:14   INFO]       [WorldMapTracker] Started Generating Map!
[2026/02/05 01:19:14   WARN]                [Entity] getPositionComponent called async [CONTEXT ratelimit_period="5 MINUTES" ]
java.lang.Throwable
	at com.hypixel.hytale.server.core.entity.Entity.getTransformComponent(Entity.java:278)
	at com.hypixel.hytale.server.core.universe.world.WorldMapTracker.tick(WorldMapTracker.java:138)
	at com.hypixel.hytale.server.core.universe.world.worldmap.WorldMapManager.tick(WorldMapManager.java:148)
	at com.hypixel.hytale.server.core.util.thread.TickingThread.run(TickingThread.java:89)
	at java.base/java.lang.Thread.run(Unknown Source)

[2026/02/05 01:19:14   WARN]   [World|default_world] Task took 120ms 856us 400ns ns: java.util.concurrent.CompletableFuture$AsyncSupply@5c1a2087
[2026/02/05 01:19:15   WARN]   [World|default_world] Task took 37ms 896us 200ns ns: java.util.concurrent.CompletableFuture$AsyncSupply@6ad05110
[2026/02/05 01:19:15   WARN]   [World|default_world] Task took 77ms 762us ns: java.util.concurrent.CompletableFuture$UniApply@5f9566de
[2026/02/05 01:19:17   WARN]                [Hytale] {Playing(QuicConnectionAddress{connId=08b0ac8318722ad7ad3211a662eb53ac414c5ca7} (/127.0.0.1:54032, streamId=0)), 768c6cbd-0c10-4fdf-9010-541faf4bd7bc, Dazzakeen}: Received com.hypixel.hytale.protocol.packets.player.ClientReady@9da1
[2026/02/05 01:19:25   WARN]   [World|default_world] Task took 35ms 701us 300ns ns: com.hypixel.hytale.server.core.io.handlers.game.GamePacketHandler$$Lambda/0x000000001badc800@6bf1ad1b
[2026/02/05 01:19:50   WARN]   [World|default_world] Task took 8sec 15ms 620us 300ns ns: com.horsefollow.ItemConsume$$Lambda/0x000000001b69dc00@48e18431
[2026/02/05 01:19:50 SEVERE]    [ChunkSavingSystems] Failed to save chunk (-6, 30):
java.util.concurrent.CompletionException: com.github.luben.zstd.ZstdException: Allocation error : not enough memory
	at java.base/java.util.concurrent.CompletableFuture.wrapInCompletionException(Unknown Source)
	at java.base/java.util.concurrent.CompletableFuture.encodeThrowable(Unknown Source)
	at java.base/java.util.concurrent.CompletableFuture.completeThrowable(Unknown Source)
	at java.base/java.util.concurrent.CompletableFuture$AsyncRun.run(Unknown Source)
	at java.base/java.util.concurrent.CompletableFuture$AsyncRun.exec(Unknown Source)
	at java.base/java.util.concurrent.ForkJoinTask.doExec(Unknown Source)
	at java.base/java.util.concurrent.ForkJoinPool$WorkQueue.topLevelExec(Unknown Source)
	at java.base/java.util.concurrent.ForkJoinPool.runWorker(Unknown Source)
	at java.base/java.util.concurrent.ForkJoinWorkerThread.run(Unknown Source)
Caused by: com.github.luben.zstd.ZstdException: Allocation error : not enough memory
	at com.github.luben.zstd.ZstdCompressCtx.compressDirectByteBuffer(ZstdCompressCtx.java:557)
	at com.github.luben.zstd.ZstdCompressCtx.compress(ZstdCompressCtx.java:628)
	at com.github.luben.zstd.Zstd.compress(Zstd.java:1168)
	at com.github.luben.zstd.Zstd.compress(Zstd.java:1201)
	at com.hypixel.hytale.storage.IndexedStorageFile.writeBlob(IndexedStorageFile.java:720)
	at com.hypixel.hytale.server.core.universe.world.storage.provider.IndexedStorageChunkStorageProvider$IndexedStorageChunkSaver.lambda$saveBuffer$0(IndexedStorageChunkStorageProvider.java:171)
	at com.hypixel.hytale.sneakythrow.ThrowableRunnable.run(ThrowableRunnable.java:9)
	... 6 more

[2026/02/05 01:19:50   WARN]   [World|default_world] Task took 55ms 169us ns: java.util.concurrent.CompletableFuture$UniWhenComplete@37d60c8c
[2026/02/05 01:19:50 SEVERE]    [ChunkSavingSystems] Failed to save chunk (-9, 40):
java.util.concurrent.CompletionException: com.github.luben.zstd.ZstdException: Allocation error : not enough memory
	at java.base/java.util.concurrent.CompletableFuture.wrapInCompletionException(Unknown Source)
	at java.base/java.util.concurrent.CompletableFuture.encodeThrowable(Unknown Source)
	at java.base/java.util.concurrent.CompletableFuture.completeThrowable(Unknown Source)
	at java.base/java.util.concurrent.CompletableFuture$AsyncRun.run(Unknown Source)
	at java.base/java.util.concurrent.CompletableFuture$AsyncRun.exec(Unknown Source)
	at java.base/java.util.concurrent.ForkJoinTask.doExec(Unknown Source)
	at java.base/java.util.concurrent.ForkJoinPool$WorkQueue.topLevelExec(Unknown Source)
	at java.base/java.util.concurrent.ForkJoinPool.runWorker(Unknown Source)
	at java.base/java.util.concurrent.ForkJoinWorkerThread.run(Unknown Source)
Caused by: com.github.luben.zstd.ZstdException: Allocation error : not enough memory
	at com.github.luben.zstd.ZstdCompressCtx.compressDirectByteBuffer(ZstdCompressCtx.java:557)
	at com.github.luben.zstd.ZstdCompressCtx.compress(ZstdCompressCtx.java:628)
	at com.github.luben.zstd.Zstd.compress(Zstd.java:1168)
	at com.github.luben.zstd.Zstd.compress(Zstd.java:1201)
	at com.hypixel.hytale.storage.IndexedStorageFile.writeBlob(IndexedStorageFile.java:720)
	at com.hypixel.hytale.server.core.universe.world.storage.provider.IndexedStorageChunkStorageProvider$IndexedStorageChunkSaver.lambda$saveBuffer$0(IndexedStorageChunkStorageProvider.java:171)
	at com.hypixel.hytale.sneakythrow.ThrowableRunnable.run(ThrowableRunnable.java:9)
	... 6 more

[2026/02/05 01:19:50 SEVERE]    [ChunkSavingSystems] Failed to save chunk (-8, 40):
java.util.concurrent.CompletionException: com.github.luben.zstd.ZstdException: Allocation error : not enough memory
	at java.base/java.util.concurrent.CompletableFuture.wrapInCompletionException(Unknown Source)
	at java.base/java.util.concurrent.CompletableFuture.encodeThrowable(Unknown Source)
	at java.base/java.util.concurrent.CompletableFuture.completeThrowable(Unknown Source)
	at java.base/java.util.concurrent.CompletableFuture$AsyncRun.run(Unknown Source)
	at java.base/java.util.concurrent.CompletableFuture$AsyncRun.exec(Unknown Source)
	at java.base/java.util.concurrent.ForkJoinTask.doExec(Unknown Source)
	at java.base/java.util.concurrent.ForkJoinPool$WorkQueue.topLevelExec(Unknown Source)
	at java.base/java.util.concurrent.ForkJoinPool.runWorker(Unknown Source)
	at java.base/java.util.concurrent.ForkJoinWorkerThread.run(Unknown Source)
Caused by: com.github.luben.zstd.ZstdException: Allocation error : not enough memory
	at com.github.luben.zstd.ZstdCompressCtx.compressDirectByteBuffer(ZstdCompressCtx.java:557)
	at com.github.luben.zstd.ZstdCompressCtx.compress(ZstdCompressCtx.java:628)
	at com.github.luben.zstd.Zstd.compress(Zstd.java:1168)
	at com.github.luben.zstd.Zstd.compress(Zstd.java:1201)
	at com.hypixel.hytale.storage.IndexedStorageFile.writeBlob(IndexedStorageFile.java:720)
	at com.hypixel.hytale.server.core.universe.world.storage.provider.IndexedStorageChunkStorageProvider$IndexedStorageChunkSaver.lambda$saveBuffer$0(IndexedStorageChunkStorageProvider.java:171)
	at com.hypixel.hytale.sneakythrow.ThrowableRunnable.run(ThrowableRunnable.java:9)
	... 6 more

[2026/02/05 01:19:50 SEVERE]    [ChunkSavingSystems] Failed to save chunk (-5, 36):
java.util.concurrent.CompletionException: com.github.luben.zstd.ZstdException: Allocation error : not enough memory
	at java.base/java.util.concurrent.CompletableFuture.wrapInCompletionException(Unknown Source)
	at java.base/java.util.concurrent.CompletableFuture.encodeThrowable(Unknown Source)
	at java.base/java.util.concurrent.CompletableFuture.completeThrowable(Unknown Source)
	at java.base/java.util.concurrent.CompletableFuture$AsyncRun.run(Unknown Source)
	at java.base/java.util.concurrent.CompletableFuture$AsyncRun.exec(Unknown Source)
	at java.base/java.util.concurrent.ForkJoinTask.doExec(Unknown Source)
	at java.base/java.util.concurrent.ForkJoinPool$WorkQueue.topLevelExec(Unknown Source)
	at java.base/java.util.concurrent.ForkJoinPool.runWorker(Unknown Source)
	at java.base/java.util.concurrent.ForkJoinWorkerThread.run(Unknown Source)
Caused by: com.github.luben.zstd.ZstdException: Allocation error : not enough memory
	at com.github.luben.zstd.ZstdCompressCtx.compressDirectByteBuffer(ZstdCompressCtx.java:557)
	at com.github.luben.zstd.ZstdCompressCtx.compress(ZstdCompressCtx.java:628)
	at com.github.luben.zstd.Zstd.compress(Zstd.java:1168)
	at com.github.luben.zstd.Zstd.compress(Zstd.java:1201)
	at com.hypixel.hytale.storage.IndexedStorageFile.writeBlob(IndexedStorageFile.java:720)
	at com.hypixel.hytale.server.core.universe.world.storage.provider.IndexedStorageChunkStorageProvider$IndexedStorageChunkSaver.lambda$saveBuffer$0(IndexedStorageChunkStorageProvider.java:171)
	at com.hypixel.hytale.sneakythrow.ThrowableRunnable.run(ThrowableRunnable.java:9)
	... 6 more

[2026/02/05 01:19:50 SEVERE]    [ChunkSavingSystems] Failed to save chunk (-6, 31):
java.util.concurrent.CompletionException: com.github.luben.zstd.ZstdException: Allocation error : not enough memory
	at java.base/java.util.concurrent.CompletableFuture.wrapInCompletionException(Unknown Source)
	at java.base/java.util.concurrent.CompletableFuture.encodeThrowable(Unknown Source)
	at java.base/java.util.concurrent.CompletableFuture.completeThrowable(Unknown Source)
	at java.base/java.util.concurrent.CompletableFuture$AsyncRun.run(Unknown Source)
	at java.base/java.util.concurrent.CompletableFuture$AsyncRun.exec(Unknown Source)
	at java.base/java.util.concurrent.ForkJoinTask.doExec(Unknown Source)
	at java.base/java.util.concurrent.ForkJoinPool$WorkQueue.topLevelExec(Unknown Source)
	at java.base/java.util.concurrent.ForkJoinPool.runWorker(Unknown Source)
	at java.base/java.util.concurrent.ForkJoinWorkerThread.run(Unknown Source)
Caused by: com.github.luben.zstd.ZstdException: Allocation error : not enough memory
	at com.github.luben.zstd.ZstdCompressCtx.compressDirectByteBuffer(ZstdCompressCtx.java:557)
	at com.github.luben.zstd.ZstdCompressCtx.compress(ZstdCompressCtx.java:628)
	at com.github.luben.zstd.Zstd.compress(Zstd.java:1168)
	at com.github.luben.zstd.Zstd.compress(Zstd.java:1201)
	at com.hypixel.hytale.storage.IndexedStorageFile.writeBlob(IndexedStorageFile.java:720)
	at com.hypixel.hytale.server.core.universe.world.storage.provider.IndexedStorageChunkStorageProvider$IndexedStorageChunkSaver.lambda$saveBuffer$0(IndexedStorageChunkStorageProvider.java:171)
	at com.hypixel.hytale.sneakythrow.ThrowableRunnable.run(ThrowableRunnable.java:9)
	... 6 more

[2026/02/05 01:19:50 SEVERE]    [ChunkSavingSystems] Failed to save chunk (-10, 31):
java.util.concurrent.CompletionException: com.github.luben.zstd.ZstdException: Allocation error : not enough memory
	at java.base/java.util.concurrent.CompletableFuture.wrapInCompletionException(Unknown Source)
	at java.base/java.util.concurrent.CompletableFuture.encodeThrowable(Unknown Source)
	at java.base/java.util.concurrent.CompletableFuture.completeThrowable(Unknown Source)
	at java.base/java.util.concurrent.CompletableFuture$AsyncRun.run(Unknown Source)
	at java.base/java.util.concurrent.CompletableFuture$AsyncRun.exec(Unknown Source)
	at java.base/java.util.concurrent.ForkJoinTask.doExec(Unknown Source)
	at java.base/java.util.concurrent.ForkJoinPool$WorkQueue.topLevelExec(Unknown Source)
	at java.base/java.util.concurrent.ForkJoinPool.runWorker(Unknown Source)
	at java.base/java.util.concurrent.ForkJoinWorkerThread.run(Unknown Source)
Caused by: com.github.luben.zstd.ZstdException: Allocation error : not enough memory
	at com.github.luben.zstd.ZstdCompressCtx.compressDirectByteBuffer(ZstdCompressCtx.java:557)
	at com.github.luben.zstd.ZstdCompressCtx.compress(ZstdCompressCtx.java:628)
	at com.github.luben.zstd.Zstd.compress(Zstd.java:1168)
	at com.github.luben.zstd.Zstd.compress(Zstd.java:1201)
	at com.hypixel.hytale.storage.IndexedStorageFile.writeBlob(IndexedStorageFile.java:720)
	at com.hypixel.hytale.server.core.universe.world.storage.provider.IndexedStorageChunkStorageProvider$IndexedStorageChunkSaver.lambda$saveBuffer$0(IndexedStorageChunkStorageProvider.java:171)
	at com.hypixel.hytale.sneakythrow.ThrowableRunnable.run(ThrowableRunnable.java:9)
	... 6 more

[2026/02/05 01:19:50 SEVERE]    [ChunkSavingSystems] Failed to save chunk (-8, 27):
java.util.concurrent.CompletionException: com.github.luben.zstd.ZstdException: Allocation error : not enough memory
	at java.base/java.util.concurrent.CompletableFuture.wrapInCompletionException(Unknown Source)
	at java.base/java.util.concurrent.CompletableFuture.encodeThrowable(Unknown Source)
	at java.base/java.util.concurrent.CompletableFuture.completeThrowable(Unknown Source)
	at java.base/java.util.concurrent.CompletableFuture$AsyncRun.run(Unknown Source)
	at java.base/java.util.concurrent.CompletableFuture$AsyncRun.exec(Unknown Source)
	at java.base/java.util.concurrent.ForkJoinTask.doExec(Unknown Source)
	at java.base/java.util.concurrent.ForkJoinPool$WorkQueue.topLevelExec(Unknown Source)
	at java.base/java.util.concurrent.ForkJoinPool.runWorker(Unknown Source)
	at java.base/java.util.concurrent.ForkJoinWorkerThread.run(Unknown Source)
Caused by: com.github.luben.zstd.ZstdException: Allocation error : not enough memory
	at com.github.luben.zstd.ZstdCompressCtx.compressDirectByteBuffer(ZstdCompressCtx.java:557)
	at com.github.luben.zstd.ZstdCompressCtx.compress(ZstdCompressCtx.java:628)
	at com.github.luben.zstd.Zstd.compress(Zstd.java:1168)
	at com.github.luben.zstd.Zstd.compress(Zstd.java:1201)
	at com.hypixel.hytale.storage.IndexedStorageFile.writeBlob(IndexedStorageFile.java:720)
	at com.hypixel.hytale.server.core.universe.world.storage.provider.IndexedStorageChunkStorageProvider$IndexedStorageChunkSaver.lambda$saveBuffer$0(IndexedStorageChunkStorageProvider.java:171)
	at com.hypixel.hytale.sneakythrow.ThrowableRunnable.run(ThrowableRunnable.java:9)
	... 6 more

[2026/02/05 01:19:50 SEVERE]    [ChunkSavingSystems] Failed to save chunk (-9, 27):
java.util.concurrent.CompletionException: com.github.luben.zstd.ZstdException: Allocation error : not enough memory
	at java.base/java.util.concurrent.CompletableFuture.wrapInCompletionException(Unknown Source)
	at java.base/java.util.concurrent.CompletableFuture.encodeThrowable(Unknown Source)
	at java.base/java.util.concurrent.CompletableFuture.completeThrowable(Unknown Source)
	at java.base/java.util.concurrent.CompletableFuture$AsyncRun.run(Unknown Source)
	at java.base/java.util.concurrent.CompletableFuture$AsyncRun.exec(Unknown Source)
	at java.base/java.util.concurrent.ForkJoinTask.doExec(Unknown Source)
	at java.base/java.util.concurrent.ForkJoinPool$WorkQueue.topLevelExec(Unknown Source)
	at java.base/java.util.concurrent.ForkJoinPool.runWorker(Unknown Source)
	at java.base/java.util.concurrent.ForkJoinWorkerThread.run(Unknown Source)
Caused by: com.github.luben.zstd.ZstdException: Allocation error : not enough memory
	at com.github.luben.zstd.ZstdCompressCtx.compressDirectByteBuffer(ZstdCompressCtx.java:557)
	at com.github.luben.zstd.ZstdCompressCtx.compress(ZstdCompressCtx.java:628)
	at com.github.luben.zstd.Zstd.compress(Zstd.java:1168)
	at com.github.luben.zstd.Zstd.compress(Zstd.java:1201)
	at com.hypixel.hytale.storage.IndexedStorageFile.writeBlob(IndexedStorageFile.java:720)
	at com.hypixel.hytale.server.core.universe.world.storage.provider.IndexedStorageChunkStorageProvider$IndexedStorageChunkSaver.lambda$saveBuffer$0(IndexedStorageChunkStorageProvider.java:171)
	at com.hypixel.hytale.sneakythrow.ThrowableRunnable.run(ThrowableRunnable.java:9)
	... 6 more

[2026/02/05 01:19:50 SEVERE]    [ChunkSavingSystems] Failed to save chunk (-7, 29):
java.util.concurrent.CompletionException: com.github.luben.zstd.ZstdException: Allocation error : not enough memory
	at java.base/java.util.concurrent.CompletableFuture.wrapInCompletionException(Unknown Source)
	at java.base/java.util.concurrent.CompletableFuture.encodeThrowable(Unknown Source)
	at java.base/java.util.concurrent.CompletableFuture.completeThrowable(Unknown Source)
	at java.base/java.util.concurrent.CompletableFuture$AsyncRun.run(Unknown Source)
	at java.base/java.util.concurrent.CompletableFuture$AsyncRun.exec(Unknown Source)
	at java.base/java.util.concurrent.ForkJoinTask.doExec(Unknown Source)
	at java.base/java.util.concurrent.ForkJoinPool$WorkQueue.topLevelExec(Unknown Source)
	at java.base/java.util.concurrent.ForkJoinPool.runWorker(Unknown Source)
	at java.base/java.util.concurrent.ForkJoinWorkerThread.run(Unknown Source)
Caused by: com.github.luben.zstd.ZstdException: Allocation error : not enough memory
	at com.github.luben.zstd.ZstdCompressCtx.compressDirectByteBuffer(ZstdCompressCtx.java:557)
	at com.github.luben.zstd.ZstdCompressCtx.compress(ZstdCompressCtx.java:628)
	at com.github.luben.zstd.Zstd.compress(Zstd.java:1168)
	at com.github.luben.zstd.Zstd.compress(Zstd.java:1201)
	at com.hypixel.hytale.storage.IndexedStorageFile.writeBlob(IndexedStorageFile.java:720)
	at com.hypixel.hytale.server.core.universe.world.storage.provider.IndexedStorageChunkStorageProvider$IndexedStorageChunkSaver.lambda$saveBuffer$0(IndexedStorageChunkStorageProvider.java:171)
	at com.hypixel.hytale.sneakythrow.ThrowableRunnable.run(ThrowableRunnable.java:9)
	... 6 more

[2026/02/05 01:19:50 SEVERE]    [ChunkSavingSystems] Failed to save chunk (-6, 29):
java.util.concurrent.CompletionException: com.github.luben.zstd.ZstdException: Allocation error : not enough memory
	at java.base/java.util.concurrent.CompletableFuture.wrapInCompletionException(Unknown Source)
	at java.base/java.util.concurrent.CompletableFuture.encodeThrowable(Unknown Source)
	at java.base/java.util.concurrent.CompletableFuture.completeThrowable(Unknown Source)
	at java.base/java.util.concurrent.CompletableFuture$AsyncRun.run(Unknown Source)
	at java.base/java.util.concurrent.CompletableFuture$AsyncRun.exec(Unknown Source)
	at java.base/java.util.concurrent.ForkJoinTask.doExec(Unknown Source)
	at java.base/java.util.concurrent.ForkJoinPool$WorkQueue.topLevelExec(Unknown Source)
	at java.base/java.util.concurrent.ForkJoinPool.runWorker(Unknown Source)
	at java.base/java.util.concurrent.ForkJoinWorkerThread.run(Unknown Source)
Caused by: com.github.luben.zstd.ZstdException: Allocation error : not enough memory
	at com.github.luben.zstd.ZstdCompressCtx.compressDirectByteBuffer(ZstdCompressCtx.java:557)
	at com.github.luben.zstd.ZstdCompressCtx.compress(ZstdCompressCtx.java:628)
	at com.github.luben.zstd.Zstd.compress(Zstd.java:1168)
	at com.github.luben.zstd.Zstd.compress(Zstd.java:1201)
	at com.hypixel.hytale.storage.IndexedStorageFile.writeBlob(IndexedStorageFile.java:720)
	at com.hypixel.hytale.server.core.universe.world.storage.provider.IndexedStorageChunkStorageProvider$IndexedStorageChunkSaver.lambda$saveBuffer$0(IndexedStorageChunkStorageProvider.java:171)
	at com.hypixel.hytale.sneakythrow.ThrowableRunnable.run(ThrowableRunnable.java:9)
	... 6 more

[2026/02/05 01:20:03   INFO]                  [SOUT] [HorseFollow] SoulAmulet: uso Primary, target=sim, agendando na world thread.
[2026/02/05 01:20:03   INFO]                  [SOUT] [HorseFollow] SoulAmulet: spawn Horse_Skeleton_Armored -> _Friendly, UUID 67b88585-7d7a-39b6-9f80-aebfc72bde4c, bind ok
[2026/02/05 01:20:05   INFO]                  [SOUT] [HorseFollow] SoulAmulet: uso Primary, target=não, agendando na world thread.
[2026/02/05 01:20:05   INFO]                  [SOUT] [HorseFollow] SoulAmulet: cavalo já vivo no mundo (UUID 67b88585-7d7a-39b6-9f80-aebfc72bde4c), não spawna.
[2026/02/05 01:20:06   INFO]                  [SOUT] [HorseFollow] SoulAmulet: uso Primary, target=não, agendando na world thread.
[2026/02/05 01:20:06   INFO]                  [SOUT] [HorseFollow] SoulAmulet: cavalo já vivo no mundo (UUID 67b88585-7d7a-39b6-9f80-aebfc72bde4c), não spawna.
[2026/02/05 01:20:06   INFO]                  [SOUT] [HorseFollow] SoulAmulet: uso Primary, target=não, agendando na world thread.
[2026/02/05 01:20:06   INFO]                  [SOUT] [HorseFollow] SoulAmulet: cavalo já vivo no mundo (UUID 67b88585-7d7a-39b6-9f80-aebfc72bde4c), não spawna.
[2026/02/05 01:20:07   INFO]                  [SOUT] [HorseFollow] SoulAmulet: uso Primary, target=não, agendando na world thread.
[2026/02/05 01:20:07   INFO]                  [SOUT] [HorseFollow] SoulAmulet: cavalo já vivo no mundo (UUID 67b88585-7d7a-39b6-9f80-aebfc72bde4c), não spawna.
[2026/02/05 01:20:09   INFO]                  [SOUT] [HorseFollow] SoulAmulet: uso Primary, target=não, agendando na world thread.
[2026/02/05 01:20:09   INFO]                  [SOUT] [HorseFollow] SoulAmulet: cavalo já vivo no mundo (UUID 67b88585-7d7a-39b6-9f80-aebfc72bde4c), não spawna.
[2026/02/05 01:20:10   INFO]                  [SOUT] [HorseFollow] SoulAmulet: uso Primary, target=não, agendando na world thread.
[2026/02/05 01:20:10   INFO]                  [SOUT] [HorseFollow] SoulAmulet: cavalo já vivo no mundo (UUID 67b88585-7d7a-39b6-9f80-aebfc72bde4c), não spawna.
[2026/02/05 01:20:11   INFO]                  [SOUT] [HorseFollow] SoulAmulet: uso Primary, target=sim, agendando na world thread.
[2026/02/05 01:20:11   INFO]                  [SOUT] [HorseFollow] SoulAmulet: cavalo recolhido (UUID 67b88585-7d7a-39b6-9f80-aebfc72bde4c).
[2026/02/05 01:20:13   INFO]                  [SOUT] [HorseFollow] SoulAmulet: uso Primary, target=sim, agendando na world thread.
[2026/02/05 01:20:13   INFO]                  [SOUT] [HorseFollow] SoulAmulet: spawn Horse_Skeleton_Armored -> _Friendly, UUID 67b88585-7d7a-39b6-9f80-aebfc72bde4c, bind ok
[2026/02/05 01:20:14   INFO]                  [SOUT] [HorseFollow] SoulAmulet: uso Primary, target=sim, agendando na world thread.
[2026/02/05 01:20:14   INFO]                  [SOUT] [HorseFollow] SoulAmulet: cavalo já vivo no mundo (UUID 67b88585-7d7a-39b6-9f80-aebfc72bde4c), não spawna.
[2026/02/05 01:20:14   INFO]                  [SOUT] [HorseFollow] SoulAmulet: uso Primary, target=não, agendando na world thread.
[2026/02/05 01:20:14   INFO]                  [SOUT] [HorseFollow] SoulAmulet: cavalo já vivo no mundo (UUID 67b88585-7d7a-39b6-9f80-aebfc72bde4c), não spawna.
[2026/02/05 01:20:15   INFO]                  [SOUT] [HorseFollow] SoulAmulet: uso Primary, target=sim, agendando na world thread.
[2026/02/05 01:20:15   INFO]                  [SOUT] [HorseFollow] SoulAmulet: cavalo já vivo no mundo (UUID 67b88585-7d7a-39b6-9f80-aebfc72bde4c), não spawna.
[2026/02/05 01:20:16   INFO]                  [SOUT] [HorseFollow] SoulAmulet: uso Primary, target=não, agendando na world thread.
[2026/02/05 01:20:16   INFO]                  [SOUT] [HorseFollow] SoulAmulet: cavalo já vivo no mundo (UUID 67b88585-7d7a-39b6-9f80-aebfc72bde4c), não spawna.
[2026/02/05 01:20:17   INFO]                  [SOUT] [HorseFollow] SoulAmulet: uso Primary, target=não, agendando na world thread.
[2026/02/05 01:20:17   INFO]                  [SOUT] [HorseFollow] SoulAmulet: cavalo já vivo no mundo (UUID 67b88585-7d7a-39b6-9f80-aebfc72bde4c), não spawna.
[2026/02/05 01:20:17   INFO]                  [SOUT] [HorseFollow] SoulAmulet: uso Primary, target=não, agendando na world thread.
[2026/02/05 01:20:17   INFO]                  [SOUT] [HorseFollow] SoulAmulet: cavalo já vivo no mundo (UUID 67b88585-7d7a-39b6-9f80-aebfc72bde4c), não spawna.
[2026/02/05 01:20:18   INFO]                  [SOUT] [HorseFollow] SoulAmulet: uso Primary, target=não, agendando na world thread.
[2026/02/05 01:20:18   INFO]                  [SOUT] [HorseFollow] SoulAmulet: cavalo já vivo no mundo (UUID 67b88585-7d7a-39b6-9f80-aebfc72bde4c), não spawna.
[2026/02/05 01:20:18   INFO]                  [SOUT] [HorseFollow] SoulAmulet: uso Primary, target=não, agendando na world thread.
[2026/02/05 01:20:18   INFO]                  [SOUT] [HorseFollow] SoulAmulet: cavalo já vivo no mundo (UUID 67b88585-7d7a-39b6-9f80-aebfc72bde4c), não spawna.
[2026/02/05 01:20:19   INFO]                  [SOUT] [HorseFollow] SoulAmulet: uso Primary, target=não, agendando na world thread.
[2026/02/05 01:20:19   INFO]                  [SOUT] [HorseFollow] SoulAmulet: cavalo já vivo no mundo (UUID 67b88585-7d7a-39b6-9f80-aebfc72bde4c), não spawna.
[2026/02/05 01:20:19   INFO]                  [SOUT] [HorseFollow] SoulAmulet: uso Primary, target=não, agendando na world thread.
[2026/02/05 01:20:20   INFO]                  [SOUT] [HorseFollow] SoulAmulet: cavalo já vivo no mundo (UUID 67b88585-7d7a-39b6-9f80-aebfc72bde4c), não spawna.
[2026/02/05 01:20:20   INFO]                  [SOUT] [HorseFollow] SoulAmulet: uso Primary, target=não, agendando na world thread.
[2026/02/05 01:20:20   INFO]                  [SOUT] [HorseFollow] SoulAmulet: cavalo já vivo no mundo (UUID 67b88585-7d7a-39b6-9f80-aebfc72bde4c), não spawna.
[2026/02/05 01:20:20   INFO]                  [SOUT] [HorseFollow] SoulAmulet: uso Primary, target=sim, agendando na world thread.
[2026/02/05 01:20:20   INFO]                  [SOUT] [HorseFollow] SoulAmulet: cavalo recolhido (UUID 67b88585-7d7a-39b6-9f80-aebfc72bde4c).
[2026/02/05 01:20:22   INFO]                [Hytale] 768c6cbd-0c10-4fdf-9010-541faf4bd7bc - Dazzakeen at QuicConnectionAddress{connId=08b0ac8318722ad7ad3211a662eb53ac414c5ca7} (/127.0.0.1:54032, streamId=0) left with reason: Disconnect - Player leave
[2026/02/05 01:20:22   INFO]                [Hytale] {Playing(null (null, streamId=0)), 768c6cbd-0c10-4fdf-9010-541faf4bd7bc, Dazzakeen} was closed.
[2026/02/05 01:20:22   INFO]            [Universe|P] Removing player 'Dazzakeen' (768c6cbd-0c10-4fdf-9010-541faf4bd7bc)
[2026/02/05 01:20:22   INFO]          [Objectives|P] Checking objectives for disconnecting player 'Dazzakeen' (768c6cbd-0c10-4fdf-9010-541faf4bd7bc)
[2026/02/05 01:20:22   INFO]         [QUICTransport] Connection closed: QuicheQuicConnectionStats[recv=7443, sent=30619, lost=0, retrans=11, sentBytes=30109635, recvBytes=708250, lostBytes=0, streamRetransBytes=11779, pathsCount=1]
[2026/02/05 01:20:22   INFO]          [Objectives|P] Processing 0 active objectives for 'Dazzakeen' (768c6cbd-0c10-4fdf-9010-541faf4bd7bc)
[2026/02/05 01:20:22   INFO]         [PlayerSystems] Removing player 'Dazzakeen (Dazzakeen)' from world 'default_world' (768c6cbd-0c10-4fdf-9010-541faf4bd7bc)
[2026/02/05 01:20:22   INFO]            [Universe|P] No players left on singleplayer server shutting down!
[2026/02/05 01:20:22   INFO]          [HytaleServer] Shutdown triggered!!!
[2026/02/05 01:20:22   INFO]          [HytaleServer] Shutting down... 0  'null'
[2026/02/05 01:20:22   INFO]        [CommandManager] Console executed command: stop
[2026/02/05 01:20:22   INFO]       [ServerManager|P] Closed listener [id: 0x3b8994fc, L:/127.0.0.1:54406] and took 867us 800ns
[2026/02/05 01:20:22   INFO]       [ServerManager|P] Closed listener [id: 0x1f4b9f3d, L:/[0:0:0:0:0:0:0:1]:54406] and took 135us 700ns
[2026/02/05 01:20:22   INFO]         [World|default] Stopping world default...
[2026/02/05 01:20:22   INFO]         [World|default] Stopping background threads...
[2026/02/05 01:20:22   INFO]         [World|default] Removing players...
[2026/02/05 01:20:22   INFO]         [World|default] Waiting for loading chunks...
[2026/02/05 01:20:22   INFO]         [World|default] Shutting down stores...
-=|Saving world 'default'|0
[2026/02/05 01:20:22   INFO]         [World|default] Shutting down chunk generator...
[2026/02/05 01:20:22   INFO]        [WorldGenerator] ChunkGenerator-4 executor shutdown complete
[2026/02/05 01:20:22   INFO]         [World|default] Saving Chunks...
[2026/02/05 01:20:22   INFO]         [World|default] Queuing Chunks...
[2026/02/05 01:20:22   INFO]         [World|default] Saving All Chunks...
[2026/02/05 01:20:22   INFO]         [World|default] Waiting for Saving Chunks...
[2026/02/05 01:20:22   INFO]         [World|default] Done Saving Chunks!
[2026/02/05 01:20:22   INFO]   [PlayerSavingSystems] Saving Players...
Shutting down!
[2026/02/05 01:20:22   INFO]         [World|default] Saving Config...
[2026/02/05 01:20:22   INFO]            [Universe|P] Removing world exceptionally: default
-=|Closing world 'default'|0
[2026/02/05 01:20:22   INFO]   [World|default_world] Stopping world default_world...
[2026/02/05 01:20:22   INFO]   [World|default_world] Stopping background threads...
[2026/02/05 01:20:22   INFO]   [World|default_world] Removing players...
[2026/02/05 01:20:22   INFO]   [World|default_world] Waiting for loading chunks...
[2026/02/05 01:20:22   INFO]   [World|default_world] Shutting down stores...
-=|Saving world 'default_world'|0
[2026/02/05 01:20:22   INFO]   [World|default_world] Shutting down chunk generator...
[2026/02/05 01:20:22   INFO]        [WorldGenerator] ChunkGenerator-3 executor shutdown complete
[2026/02/05 01:20:22   INFO]   [World|default_world] Saving Chunks...
[2026/02/05 01:20:22   INFO]   [World|default_world] Queuing Chunks...
[2026/02/05 01:20:22   INFO]   [World|default_world] Saving All Chunks...
[2026/02/05 01:20:22   INFO]   [World|default_world] Waiting for Saving Chunks...
[2026/02/05 01:20:22   INFO]   [World|default_world] Done Saving Chunks!
[2026/02/05 01:20:22   INFO]   [PlayerSavingSystems] Saving Players...
[2026/02/05 01:20:22   INFO]   [World|default_world] Saving Config...
[2026/02/05 01:20:22   INFO]            [Universe|P] Removing world exceptionally: default_world
-=|Closing world 'default_world'|0
[2026/02/05 01:20:22   INFO] [World|zone3_taiga1_world] Stopping world zone3_taiga1_world...
[2026/02/05 01:20:22   INFO] [World|zone3_taiga1_world] Stopping background threads...
[2026/02/05 01:20:22   INFO] [World|zone3_taiga1_world] Removing players...
[2026/02/05 01:20:22   INFO] [World|zone3_taiga1_world] Waiting for loading chunks...
[2026/02/05 01:20:22   INFO] [World|zone3_taiga1_world] Shutting down stores...
-=|Saving world 'zone3_taiga1_world'|0
[2026/02/05 01:20:22   INFO] [World|zone3_taiga1_world] Shutting down chunk generator...
[2026/02/05 01:20:22   INFO] [World|zone3_taiga1_world] Saving Chunks...
[2026/02/05 01:20:22   INFO] [World|zone3_taiga1_world] Queuing Chunks...
[2026/02/05 01:20:22   INFO] [World|zone3_taiga1_world] Saving All Chunks...
[2026/02/05 01:20:22   INFO] [World|zone3_taiga1_world] Waiting for Saving Chunks...
[2026/02/05 01:20:22   INFO] [World|zone3_taiga1_world] Done Saving Chunks!
[2026/02/05 01:20:22   INFO]      [PlayerSavingSystems] Saving Players...
[2026/02/05 01:20:22   INFO] [World|zone3_taiga1_world] Saving Config...
[2026/02/05 01:20:22   INFO]               [Universe|P] Removing world exceptionally: zone3_taiga1_world
-=|Closing world 'zone3_taiga1_world'|0
[2026/02/05 01:20:22   INFO]            [PluginManager] Saving plugins config...
-=|Shutdown Modules|1.0
[2026/02/05 01:20:22   INFO]            [PluginManager] Shut down plugin HF:HorseFollow
-=|Shutdown Modules|2.0
[2026/02/05 01:20:22   INFO]            [PluginManager] Shut down plugin Hytale:NPCObjectives
-=|Shutdown Modules|4.0
[2026/02/05 01:20:22   INFO]            [PluginManager] Shut down plugin Hytale:Spawning
-=|Shutdown Modules|5.0
[2026/02/05 01:20:22   INFO]            [PluginManager] Shut down plugin Hytale:NPCReputation
-=|Shutdown Modules|6.0
[2026/02/05 01:20:22   INFO]            [PluginManager] Shut down plugin Hytale:NPCCombatActionEvaluator
-=|Shutdown Modules|7.000000000000001
[2026/02/05 01:20:22   INFO]            [PluginManager] Shut down plugin Hytale:Portals
-=|Shutdown Modules|8.0
[2026/02/05 01:20:22   INFO]            [PluginManager] Shut down plugin Hytale:Beds
-=|Shutdown Modules|10.0
[2026/02/05 01:20:22   INFO]            [PluginManager] Shut down plugin Hytale:NPCShop
-=|Shutdown Modules|11.0
[2026/02/05 01:20:22   INFO]            [PluginManager] Shut down plugin Hytale:Memories
-=|Shutdown Modules|12.0
[2026/02/05 01:20:22   INFO]            [PluginManager] Shut down plugin Hytale:NPCEditor
-=|Shutdown Modules|13.0
[2026/02/05 01:20:22   INFO]            [PluginManager] Shut down plugin Hytale:Flock
-=|Shutdown Modules|14.000000000000002
[2026/02/05 01:20:22   INFO]            [PluginManager] Shut down plugin Hytale:Mounts
-=|Shutdown Modules|16.0
[2026/02/05 01:20:22   INFO]            [PluginManager] Shut down plugin Hytale:NPC
-=|Shutdown Modules|17.0
[2026/02/05 01:20:22   INFO]            [PluginManager] Shut down plugin Hytale:Camera
-=|Shutdown Modules|18.0
[2026/02/05 01:20:22   INFO]            [PluginManager] Shut down plugin Hytale:DamageModule
-=|Shutdown Modules|19.0
[2026/02/05 01:20:22   INFO]            [PluginManager] Shut down plugin Hytale:CreativeHub
-=|Shutdown Modules|20.0
[2026/02/05 01:20:22   INFO]            [PluginManager] Shut down plugin Hytale:ObjectiveReputation
-=|Shutdown Modules|22.0
[2026/02/05 01:20:22   INFO]            [PluginManager] Shut down plugin Hytale:ObjectiveShop
-=|Shutdown Modules|23.0
[2026/02/05 01:20:22   INFO]            [PluginManager] Shut down plugin Hytale:StaminaModule
-=|Shutdown Modules|24.0
[2026/02/05 01:20:22   INFO]            [PluginManager] Shut down plugin Hytale:Stash
-=|Shutdown Modules|25.0
[2026/02/05 01:20:22   INFO]            [PluginManager] Shut down plugin Hytale:EntityUIModule
-=|Shutdown Modules|27.0
[2026/02/05 01:20:22   INFO]            [PluginManager] Shut down plugin Hytale:Path
-=|Shutdown Modules|28.000000000000004
[2026/02/05 01:20:22   INFO]            [PluginManager] Shut down plugin Hytale:Objectives
-=|Shutdown Modules|28.999999999999996
[2026/02/05 01:20:22   INFO]            [PluginManager] Shut down plugin Hytale:Instances
-=|Shutdown Modules|30.0
[2026/02/05 01:20:22   INFO]            [PluginManager] Shut down plugin Hytale:PrefabSpawnerModule
-=|Shutdown Modules|31.0
[2026/02/05 01:20:22   INFO]            [PluginManager] Shut down plugin Hytale:BlockSpawner
-=|Shutdown Modules|33.0
[2026/02/05 01:20:22   INFO]            [PluginManager] Shut down plugin Hytale:EntityStatsModule
-=|Shutdown Modules|34.0
[2026/02/05 01:20:22   INFO]            [PluginManager] Shut down plugin Hytale:ShopReputation
-=|Shutdown Modules|35.0
[2026/02/05 01:20:22   INFO]            [PluginManager] Shut down plugin Hytale:SingleplayerModule
-=|Shutdown Modules|36.0
[2026/02/05 01:20:22   INFO]            [PluginManager] Shut down plugin Hytale:Crafting
[2026/02/05 01:20:22   INFO]                   [Shop|P] Barter shop state saved
-=|Shutdown Modules|37.0
[2026/02/05 01:20:22   INFO]            [PluginManager] Shut down plugin Hytale:Shop
-=|Shutdown Modules|39.0
[2026/02/05 01:20:22   INFO]            [PluginManager] Shut down plugin Hytale:Fluid
-=|Shutdown Modules|40.0
[2026/02/05 01:20:22   INFO]            [PluginManager] Shut down plugin Hytale:Farming
-=|Shutdown Modules|41.0
[2026/02/05 01:20:23   INFO]            [PluginManager] Shut down plugin Hytale:BuilderTools
-=|Shutdown Modules|42.0
[2026/02/05 01:20:23   INFO]            [PluginManager] Shut down plugin Hytale:BlockPhysics
-=|Shutdown Modules|43.0
[2026/02/05 01:20:23   INFO]            [PluginManager] Shut down plugin Hytale:Teleporter
-=|Shutdown Modules|45.0
[2026/02/05 01:20:23   INFO]            [PluginManager] Shut down plugin Hytale:Ambience
-=|Shutdown Modules|46.0
[2026/02/05 01:20:23   INFO]            [PluginManager] Shut down plugin Hytale:AssetEditor
-=|Shutdown Modules|47.0
[2026/02/05 01:20:23   INFO]            [PluginManager] Shut down plugin Hytale:BlockStateModule
-=|Shutdown Modules|48.0
[2026/02/05 01:20:23   INFO]            [PluginManager] Shut down plugin Hytale:WorldGen
-=|Shutdown Modules|49.0
[2026/02/05 01:20:23   INFO]            [PluginManager] Shut down plugin Hytale:Teleport
-=|Shutdown Modules|51.0
[2026/02/05 01:20:23   INFO]            [PluginManager] Shut down plugin Hytale:ProjectileModule
-=|Shutdown Modules|52.0
[2026/02/05 01:20:23   INFO]            [PluginManager] Shut down plugin Hytale:Parkour
-=|Shutdown Modules|53.0
[2026/02/05 01:20:23   INFO]            [PluginManager] Shut down plugin Hytale:Reputation
-=|Shutdown Modules|54.0
[2026/02/05 01:20:23   INFO]            [PluginManager] Shut down plugin Hytale:Weather
-=|Shutdown Modules|55.00000000000001
[2026/02/05 01:20:23   INFO]            [PluginManager] Shut down plugin Hytale:BlockModule
-=|Shutdown Modules|56.99999999999999
[2026/02/05 01:20:23   INFO]            [PluginManager] Shut down plugin Hytale:BlockTypeModule
-=|Shutdown Modules|57.99999999999999
[2026/02/05 01:20:23   INFO]            [PluginManager] Shut down plugin Hytale:ConnectedBlocksModule
-=|Shutdown Modules|59.0
[2026/02/05 01:20:23   INFO]            [PluginManager] Shut down plugin Hytale:ServerPlayerListModule
-=|Shutdown Modules|60.0
[2026/02/05 01:20:23   INFO]            [PluginManager] Shut down plugin Hytale:InteractionModule
-=|Shutdown Modules|61.0
[2026/02/05 01:20:23   INFO]            [PluginManager] Shut down plugin Hytale:BlockHealthModule
-=|Shutdown Modules|63.0
[2026/02/05 01:20:23   INFO]            [PluginManager] Shut down plugin Hytale:BlockTick
-=|Shutdown Modules|64.0
[2026/02/05 01:20:23   INFO]            [PluginManager] Shut down plugin Hytale:EntityModule
-=|Shutdown Modules|65.0
[2026/02/05 01:20:23   INFO]            [PluginManager] Shut down plugin Hytale:FlyCameraModule
-=|Shutdown Modules|66.0
[2026/02/05 01:20:23   INFO]            [PluginManager] Shut down plugin Hytale:BlockSetModule
-=|Shutdown Modules|67.0
[2026/02/05 01:20:23   INFO]            [PluginManager] Shut down plugin Hytale:Deployables
-=|Shutdown Modules|69.0
[2026/02/05 01:20:23   INFO]            [PluginManager] Shut down plugin Hytale:PermissionsModule
-=|Shutdown Modules|70.0
[2026/02/05 01:20:23   INFO]            [PluginManager] Shut down plugin Hytale:Mantling
-=|Shutdown Modules|71.0
[2026/02/05 01:20:23   INFO]            [PluginManager] Shut down plugin Hytale:LANDiscovery
-=|Shutdown Modules|72.0
[2026/02/05 01:20:23   INFO]            [PluginManager] Shut down plugin Hytale:LegacyModule
-=|Shutdown Modules|73.0
[2026/02/05 01:20:23   INFO]            [PluginManager] Shut down plugin Hytale:I18nModule
-=|Shutdown Modules|75.0
[2026/02/05 01:20:23   INFO]            [PluginManager] Shut down plugin Hytale:CosmeticsModule
-=|Shutdown Modules|76.0
[2026/02/05 01:20:23   INFO]            [PluginManager] Shut down plugin Hytale:CommonAssetModule
-=|Shutdown Modules|77.0
[2026/02/05 01:20:23   INFO]            [PluginManager] Shut down plugin Hytale:ItemModule
-=|Shutdown Modules|78.0
[2026/02/05 01:20:23   INFO]            [PluginManager] Shut down plugin Hytale:HytaleGenerator
-=|Shutdown Modules|80.0
[2026/02/05 01:20:23   INFO]            [PluginManager] Shut down plugin Hytale:SafetyRoll
-=|Shutdown Modules|81.0
[2026/02/05 01:20:23   INFO]            [PluginManager] Shut down plugin Hytale:CommandMacro
-=|Shutdown Modules|82.0
[2026/02/05 01:20:23   INFO]            [PluginManager] Shut down plugin Hytale:AccessControlModule
-=|Shutdown Modules|83.0
[2026/02/05 01:20:23   INFO]            [PluginManager] Shut down plugin Hytale:UpdateModule
-=|Shutdown Modules|84.0
[2026/02/05 01:20:23   INFO]            [PluginManager] Shut down plugin Hytale:TagSet
-=|Shutdown Modules|86.0
[2026/02/05 01:20:23   INFO]            [PluginManager] Shut down plugin Hytale:Universe
-=|Shutdown Modules|87.0
[2026/02/05 01:20:23   INFO]            [PluginManager] Shut down plugin Hytale:CrouchSlide
-=|Shutdown Modules|88.0
[2026/02/05 01:20:23   INFO]            [PluginManager] Shut down plugin Hytale:Model
-=|Shutdown Modules|89.0
[2026/02/05 01:20:23   INFO]            [PluginManager] Shut down plugin Hytale:SplitVelocity
-=|Shutdown Modules|90.0
[2026/02/05 01:20:23   INFO]            [PluginManager] Shut down plugin Hytale:DebugPlugin
-=|Shutdown Modules|92.0
[2026/02/05 01:20:23   INFO]            [PluginManager] Shut down plugin Hytale:CollisionModule
-=|Shutdown Modules|93.0
[2026/02/05 01:20:23   INFO]            [PluginManager] Shut down plugin Hytale:TimeModule
[2026/02/05 01:20:23   INFO]          [ConsoleModule|P] Restoring terminal...
-=|Shutdown Modules|94.0
[2026/02/05 01:20:23   INFO]            [PluginManager] Shut down plugin Hytale:ConsoleModule
[2026/02/05 01:20:23   INFO]        [PathWatcherThread] Stopped polling for changes in assets. Server will need to be rebooted to load changes!
-=|Shutdown Modules|95.0
[2026/02/05 01:20:23   INFO]            [PluginManager] Shut down plugin Hytale:AssetModule
-=|Shutdown Modules|96.0
[2026/02/05 01:20:23   INFO]            [PluginManager] Shut down plugin Hytale:MigrationModule
-=|Shutdown Modules|98.0
[2026/02/05 01:20:23   INFO]            [PluginManager] Shut down plugin Hytale:SprintForce
[2026/02/05 01:20:23   INFO]            [QUICTransport] Shutting down workerGroup...
[2026/02/05 01:20:23   INFO]          [ServerManager|P] Finished shutting down ServerManager...
-=|Shutdown Modules|99.0
[2026/02/05 01:20:23   INFO]            [PluginManager] Shut down plugin Hytale:ServerManager
-=|Shutdown Modules|100.0
[2026/02/05 01:20:23   INFO]            [PluginManager] Shut down plugin Hytale:WorldLocationCondition
[2026/02/05 01:20:23   INFO]     [SessionServiceClient] Terminating game session...
[2026/02/05 01:20:23   INFO]     [SessionServiceClient] Game session terminated
[2026/02/05 01:20:23   INFO]             [HytaleServer] Saving config...
[2026/02/05 01:20:23   INFO]             [HytaleServer] Shutdown completed!
